# Blender 5.0.0
# www.blender.org
mtllib hand.mtl
o Hand_-_Stylized_
v -0.170127 -0.504315 0.049083
v -0.161750 -0.282147 0.241179
v -0.382048 -0.310876 0.064445
v 0.119987 -0.402048 -0.018065
v 0.121390 -0.388757 0.118426
v -0.308322 -0.322206 -0.097991
v -0.236497 -0.352135 0.225308
v -0.110509 -0.361441 0.245206
v -0.046438 -0.370724 -0.139152
v 0.020781 -0.382105 0.216176
v 0.021536 -0.383131 -0.116975
v -0.186391 -0.345581 -0.150219
v -0.332282 -0.321309 0.163310
v -0.174792 -0.350923 0.240310
v -0.287496 -0.330166 0.199057
v -0.044122 -0.371846 0.238366
v 0.077485 -0.391815 0.175406
v -0.251658 -0.333179 -0.132124
v 0.080245 -0.394650 -0.076669
v -0.116821 -0.358450 -0.149077
v -0.364978 -0.314668 0.117899
v -0.377399 -0.310892 0.006109
v -0.352467 -0.313728 -0.050461
v 0.135957 -0.403856 0.050562
v -0.269233 -0.401500 -0.136437
v -0.368795 -0.375313 -0.044659
v -0.376481 -0.385389 0.122091
v -0.302203 -0.402705 0.205047
v -0.190912 -0.425058 0.245437
v 0.055755 -0.464353 -0.075790
v -0.062728 -0.446682 0.240405
v -0.135208 -0.428643 -0.159337
v 0.115192 -0.475578 0.050497
v 0.057255 -0.466083 0.176604
v -0.252898 -0.426382 0.232292
v -0.127753 -0.436059 0.248841
v -0.345400 -0.392991 0.168596
v -0.392891 -0.380613 0.067604
v 0.000870 -0.456832 0.217211
v 0.100615 -0.460541 0.119027
v -0.390363 -0.379654 0.008069
v 0.095819 -0.471910 -0.017941
v 0.000124 -0.453984 -0.119494
v -0.325810 -0.389759 -0.100834
v -0.204491 -0.414880 -0.156476
v -0.065452 -0.441839 -0.147143
v 0.146719 -0.326269 0.119928
v -0.094683 -0.292578 0.244885
v -0.379813 -0.249008 0.062392
v 0.039454 -0.313962 0.213819
v 0.098150 -0.325177 0.175011
v -0.099368 -0.292164 -0.144047
v -0.361517 -0.250643 0.116504
v -0.344181 -0.251314 -0.054348
v -0.300848 -0.259643 -0.102902
v -0.025606 -0.304427 -0.136531
v 0.047692 -0.319190 -0.122517
v 0.114778 -0.335558 -0.088127
v 0.152549 -0.342162 -0.021970
v 0.157221 -0.339381 0.050152
v -0.241412 -0.269489 -0.135294
v -0.026526 -0.303136 0.236351
v -0.171919 -0.280411 -0.147812
v -0.376177 -0.250504 0.001973
v -0.280150 -0.262769 0.198459
v -0.327240 -0.255407 0.162159
v -0.225457 -0.282981 0.224634
v -0.122486 0.969679 0.185695
v -0.083172 -0.228991 -0.145463
v 0.521831 0.674550 0.157659
v -0.422385 0.403296 -0.258136
v 0.164518 0.369251 -0.044451
v 0.311922 0.798575 0.128652
v -0.000545 0.186582 0.283325
v -0.017020 0.112530 0.282852
v -0.114388 0.134007 0.286892
v -0.100351 0.209519 0.282566
v -0.138185 -0.086234 0.260304
v -0.138609 -0.158605 0.251478
v -0.218516 -0.142806 0.241796
v -0.220712 -0.074486 0.251619
v -0.366378 0.894768 0.149203
v 0.024602 0.884400 0.050204
v -0.366398 0.819425 0.001456
v -0.230729 0.770704 0.165612
v 0.147174 -0.001529 0.241012
v 0.059490 0.018900 0.263561
v 0.137933 -0.071683 0.229401
v 0.101389 -0.132336 0.227490
v 0.029914 -0.123175 0.245379
v 0.046396 -0.055536 0.252805
v -0.275280 0.994610 0.179163
v 0.079060 -0.264575 -0.145589
v 0.106784 0.603602 0.046625
v 0.326849 0.234160 0.240750
v 0.344317 0.293339 0.228195
v -0.191828 0.200791 -0.095167
v -0.254613 0.248486 -0.074302
v 0.163658 0.802153 0.181717
v 0.102675 0.914575 0.037113
v 0.520115 0.682094 0.033828
v 0.522508 0.723695 0.035903
v 0.350402 -0.122741 -0.042000
v 0.384436 -0.049348 -0.035573
v -0.277395 0.474901 0.193405
v 0.230162 1.009316 0.120839
v -0.414923 0.627541 -0.108344
v 0.520121 0.713699 0.158043
v -0.218390 0.862511 0.037639
v -0.212027 0.909781 0.045263
v -0.351164 0.994169 0.156826
v 0.282723 -0.096228 -0.146621
v 0.251619 -0.172579 -0.150022
v 0.147564 0.336693 -0.071152
v 0.035641 0.326678 -0.057704
v -0.377446 0.434348 -0.098778
v -0.120259 0.886250 0.180379
v 0.385390 0.345364 0.023303
v -0.359946 0.401040 0.011435
v -0.347623 0.361220 0.000786
v 0.411841 0.023829 -0.023075
v 0.435113 0.094279 -0.009624
v -0.220264 0.819519 0.028006
v 0.300526 -0.017360 -0.125096
v 0.186863 0.013234 -0.155089
v 0.169794 -0.063346 -0.189100
v 0.039445 0.747264 0.044496
v 0.457969 0.221478 0.025808
v 0.459192 0.271287 0.042802
v -0.094837 1.091397 0.111632
v -0.514346 0.621253 -0.050540
v -0.517310 0.652350 -0.082077
v 0.183882 0.489432 0.038701
v 0.014351 0.923249 0.061339
v 0.411678 0.684043 0.165077
v -0.236641 0.810476 0.173531
v 0.144348 1.011089 0.145327
v 0.330948 0.472572 0.049342
v -0.358485 -0.131875 0.182806
v -0.338458 -0.194694 0.172449
v -0.216964 0.772665 0.008687
v 0.014980 0.960283 0.067921
v 0.019755 1.001415 0.065487
v 0.308991 -0.191557 -0.042903
v -0.220072 0.137873 -0.230152
v -0.282189 0.222502 -0.185450
v -0.455108 0.260994 0.019353
v -0.336539 0.319905 -0.015897
v 0.347474 0.466332 0.180245
v 0.301655 -0.110159 0.155713
v 0.260065 -0.165981 0.149768
v 0.178848 -0.153047 0.197256
v 0.222451 -0.094768 0.200007
v 0.198385 0.422256 0.261919
v -0.023150 1.080729 0.104201
v 0.483928 0.432082 0.039005
v -0.261633 0.339222 -0.029133
v -0.267966 0.389050 -0.023713
v -0.125419 1.016171 0.086037
v 0.014947 0.999707 0.147319
v 0.262151 0.627165 0.021927
v -0.201223 0.600117 0.168989
v 0.497867 0.814803 0.158857
v 0.383289 0.574072 0.180102
v -0.112279 0.722637 0.211753
v -0.389832 0.577227 -0.101856
v -0.445488 0.657309 -0.113857
v -0.467519 0.668282 -0.135840
v -0.209786 0.155144 0.279901
v 0.391753 0.152732 0.201301
v 0.410696 0.210625 0.205230
v -0.479290 0.345016 -0.008045
v -0.039498 0.511478 0.028556
v -0.152879 0.499742 0.049977
v -0.196335 0.230864 0.272593
v -0.274792 0.371010 0.221889
v -0.039236 0.492288 0.273165
v 0.281253 0.918197 0.120648
v -0.510964 0.455516 -0.017590
v 0.365033 0.262825 -0.043137
v 0.372263 0.312242 -0.003206
v 0.255071 0.301320 -0.058605
v -0.320145 0.274397 -0.078548
v 0.348753 0.021415 0.184325
v 0.132013 1.000030 0.068079
v 0.071612 0.469463 0.048139
v 0.175713 0.446595 0.018235
v 0.366073 0.500193 0.190606
v -0.132702 0.973489 0.095678
v -0.218518 0.075687 0.272908
v -0.308213 0.091965 0.251538
v -0.244428 0.892429 0.169921
v -0.211772 0.646491 0.179650
v -0.363696 0.909919 0.017013
v -0.527983 0.602395 -0.186448
v -0.524333 0.637702 -0.179873
v 0.128187 0.257844 -0.055741
v 0.020815 0.287589 -0.042807
v 0.143861 -0.140088 -0.192840
v 0.424605 0.816352 0.151887
v -0.502218 0.123439 -0.136386
v -0.495110 0.052477 -0.131642
v 0.049072 0.681186 0.050028
v -0.261608 0.517056 0.009344
v 0.403521 0.720778 0.157122
v -0.367639 0.867429 0.017250
v 0.099423 0.798595 0.035447
v 0.512420 0.554330 0.165411
v -0.379519 0.477910 -0.099008
v -0.519162 0.657751 -0.172294
v 0.259509 0.043927 0.222732
v 0.260493 0.797756 -0.020573
v -0.434699 0.451390 -0.265782
v -0.158091 -0.150789 -0.162269
v -0.151010 -0.079361 -0.184987
v -0.235866 -0.076986 -0.231638
v -0.239370 -0.149661 -0.188634
v 0.388777 0.694134 0.049510
v -0.162346 -0.217387 -0.147876
v 0.322507 -0.047753 0.173107
v -0.302873 0.178398 0.255707
v -0.290050 0.255775 0.249234
v 0.371896 0.089180 0.193407
v -0.378116 0.767059 0.010341
v 0.379211 0.333064 0.212749
v -0.101944 1.098289 0.162275
v -0.291301 -0.135152 0.219347
v -0.301291 -0.065784 0.229257
v -0.175763 0.318108 -0.024763
v -0.175648 0.378243 -0.022519
v -0.031771 0.038852 0.277123
v -0.504444 0.393102 -0.019596
v 0.200531 0.083816 -0.109486
v 0.217000 0.153882 -0.074374
v 0.108112 0.182243 -0.074256
v 0.089417 0.109516 -0.108006
v 0.439432 0.308420 0.190182
v -0.509847 0.669158 -0.110447
v -0.124074 0.758463 0.043587
v 0.205219 -0.298170 -0.031639
v 0.347845 0.502702 0.058722
v -0.176019 0.361644 0.241116
v -0.184668 0.297627 0.253444
v -0.263655 0.510773 0.186959
v -0.247661 0.848408 0.179639
v -0.000707 0.210925 -0.065799
v -0.453071 -0.153134 -0.041303
v -0.411229 -0.202612 -0.013082
v 0.391767 0.733402 0.051846
v -0.349650 0.510002 0.026640
v -0.354862 0.476643 0.018533
v 0.052718 0.771385 0.172227
v 0.389863 0.370420 0.204989
v 0.312833 0.056665 -0.094147
v 0.523964 0.633914 0.158158
v 0.499713 0.471466 0.181898
v -0.451070 0.604635 -0.260572
v -0.351948 0.621957 0.195834
v 0.305204 0.174895 0.236401
v -0.389388 0.207624 0.184415
v -0.061460 0.428500 0.268654
v -0.070100 0.350515 0.267475
v -0.206098 0.613913 0.032736
v -0.238396 -0.209779 -0.150997
v 0.425735 0.262896 0.200565
v -0.135014 0.931740 0.183597
v 0.328014 0.126627 -0.069622
v 0.037723 -0.113269 -0.191248
v 0.055692 -0.036935 -0.187365
v -0.047762 -0.022298 -0.143132
v -0.058689 -0.094709 -0.157933
v -0.084479 0.280602 0.269237
v 0.279878 0.881972 0.137728
v -0.482184 0.657504 -0.203146
v -0.468311 0.641702 -0.232150
v -0.054047 0.424702 -0.030013
v 0.448032 0.347225 0.188383
v 0.182038 -0.273435 0.127599
v 0.001503 0.961936 0.161693
v 0.056735 0.710741 0.200587
v 0.243719 0.922497 -0.019075
v 0.502630 0.554773 0.025499
v 0.141911 0.298684 0.282744
v 0.160600 0.370826 0.278380
v -0.278833 0.428795 0.208822
v -0.311840 -0.204817 -0.127291
v -0.333363 0.097263 -0.282401
v -0.354402 0.173797 -0.263062
v -0.503704 0.221598 -0.041250
v -0.503270 0.151948 -0.011324
v -0.122454 0.776358 0.193559
v 0.118352 0.231376 0.277687
v -0.506466 -0.015211 0.019010
v -0.414340 -0.198240 0.061940
v 0.307661 0.573945 0.190576
v 0.122599 -0.266795 0.180665
v 0.058436 -0.252427 0.215336
v -0.031972 0.557923 0.058985
v 0.425836 0.813104 0.118490
v -0.365337 0.387527 -0.099582
v 0.034070 0.878001 0.145684
v -0.333031 -0.082483 -0.224067
v -0.326307 -0.150306 -0.172398
v -0.009967 -0.239887 0.236429
v -0.080513 -0.228382 0.246513
v -0.141075 1.006804 0.176464
v -0.022548 0.131633 -0.084040
v 0.324782 0.632366 0.163246
v -0.044457 -0.032088 0.267252
v -0.070051 -0.163924 -0.154214
v 0.209928 -0.238099 -0.137654
v -0.404953 0.350898 -0.260347
v 0.391996 0.380962 0.017178
v -0.499193 -0.016136 -0.095540
v 0.072546 0.037690 -0.150884
v -0.152411 0.521683 0.151851
v 0.278750 0.403291 0.042506
v 0.451533 0.160896 0.006308
v -0.225294 0.650981 0.041319
v -0.083127 0.236671 -0.049627
v 0.145782 0.882262 0.176981
v -0.124913 0.057910 0.280493
v -0.345806 0.435750 0.007809
v -0.127377 0.886717 0.086782
v -0.515829 0.322125 -0.161483
v 0.021394 0.919701 0.153460
v -0.364146 0.804721 0.159007
v 0.200273 0.999332 0.049498
v 0.482201 0.430719 0.177513
v -0.258315 0.997996 0.096068
v -0.362771 0.849476 0.154541
v 0.259202 -0.250423 -0.038845
v -0.072882 0.372159 -0.032330
v -0.084048 0.299437 -0.025563
v 0.348018 0.196598 -0.062270
v 0.221107 -0.222007 0.138325
v 0.150221 -0.211207 0.189165
v 0.487487 0.471931 0.040976
v -0.534536 0.445046 -0.174487
v 0.115193 0.836152 0.052936
v 0.190330 0.136154 0.254331
v -0.051145 -0.105707 0.257121
v -0.061773 -0.172637 0.250185
v -0.437876 0.205307 0.066689
v -0.346397 0.578883 0.180059
v 0.273764 0.572348 0.038833
v 0.235258 -0.024297 0.214218
v 0.252267 0.841204 -0.010558
v 0.471126 0.310599 0.043840
v 0.355019 0.579717 0.051066
v 0.079510 -0.193306 0.221222
v -0.388053 0.014636 0.197049
v -0.376368 -0.062603 0.189701
v -0.372813 0.232259 -0.267115
v 0.112336 -0.207640 -0.174061
v 0.018225 -0.182352 -0.170417
v -0.281715 -0.199601 0.207874
v -0.440808 0.556127 -0.276175
v -0.144797 -0.225056 0.245816
v -0.279195 0.317852 0.236450
v -0.330988 0.001117 -0.267320
v 0.486573 0.803459 0.096414
v -0.503316 0.194248 -0.148637
v 0.097149 0.161805 0.273826
v 0.404889 0.645377 0.171393
v 0.006513 -0.178188 0.241033
v 0.153727 0.842608 0.180357
v -0.339488 0.999123 0.071750
v -0.022275 1.087155 0.149218
v -0.114597 0.695459 0.056268
v 0.381565 0.656972 0.055734
v -0.038426 0.052980 -0.113257
v -0.221535 -0.001629 0.262946
v -0.308300 0.010014 0.240403
v 0.183994 0.654321 0.225043
v 0.282812 0.111085 0.230287
v -0.263867 0.442739 -0.018049
v -0.487431 -0.080575 0.041477
v -0.131318 0.150455 -0.049098
v -0.498266 0.570673 -0.022063
v -0.214202 -0.212967 0.232872
v -0.145826 0.001481 -0.185349
v 0.144508 0.917034 0.173781
v -0.247544 0.295708 -0.025533
v -0.153276 0.514459 0.078969
v 0.077805 0.090021 0.270507
v -0.226858 0.017895 -0.262431
v -0.487810 -0.090904 -0.070116
v 0.169073 0.067168 0.248642
v -0.374652 0.768512 0.146537
v 0.295832 0.841223 0.145296
v 0.235626 0.227276 -0.062270
v 0.158203 0.602471 0.217658
v -0.165000 0.267537 -0.032821
v -0.132704 -0.016014 0.270680
v 0.161626 -0.289847 -0.114432
v -0.390359 0.102483 0.201948
v 0.476694 0.350161 0.040650
v -0.035559 0.555044 0.268252
v -0.526858 0.383947 -0.169580
v 0.249024 0.880767 -0.016026
v -0.146882 0.083877 -0.139999
v -0.003039 -0.243783 -0.146971
v 0.115692 0.646836 0.070222
v -0.454158 -0.145052 0.052827
v -0.505109 0.066007 0.004136
v 0.206487 0.474777 0.253870
v 0.512820 0.639233 0.029700
v -0.138462 0.929972 0.090366
v 0.109635 0.877696 0.048325
v -0.262464 0.480492 0.011642
v -0.528060 0.556037 -0.188151
v -0.377772 0.629841 0.050154
v -0.363395 0.588553 0.029838
v -0.144617 0.706202 0.135002
v 0.083998 0.688350 0.127325
v -0.011915 1.087561 0.123251
v -0.109138 1.099633 0.137255
v -0.148487 0.767929 0.128947
v 0.074974 0.754405 0.108250
v -0.157564 0.928869 0.145023
v 0.048902 0.919346 0.102900
v 0.057045 0.879677 0.094602
v -0.155620 0.891594 0.138144
v -0.148628 0.519052 0.114805
v -0.140311 0.572024 0.134329
v 0.080747 0.547486 0.147702
v 0.089375 0.519519 0.145700
v -0.439709 0.066861 -0.238956
v -0.406064 -0.155612 -0.130361
v 0.035689 1.002784 0.106397
v -0.163409 1.016533 0.136049
v 0.470998 0.294534 0.126048
v 0.377191 -0.057977 0.083552
v 0.421421 0.084232 0.105571
v 0.437077 0.148722 0.117203
v 0.249201 -0.242293 0.057435
v 0.458392 0.203766 0.127812
v 0.462127 0.248926 0.127347
v 0.398736 0.015251 0.093733
v -0.378136 0.469073 0.096820
v -0.378975 0.313116 0.099152
v -0.381415 0.349457 0.090064
v -0.383071 0.387602 0.081366
v -0.375307 0.495778 0.097214
v -0.379624 0.431413 0.094323
v -0.487519 0.674018 -0.117085
v -0.505565 0.660182 -0.201676
v -0.433013 0.416149 -0.019649
v -0.489883 0.388127 -0.242642
v -0.503945 0.443476 -0.246616
v -0.439186 0.464647 -0.015056
v -0.508588 0.637785 -0.229476
v -0.481158 0.664128 -0.078084
v -0.438707 0.583193 -0.024518
v -0.511133 0.551167 -0.262010
v -0.461533 0.630700 -0.038066
v -0.509836 0.601084 -0.252813
v -0.338333 0.301453 -0.088039
v -0.453114 0.209338 -0.250913
v -0.446937 0.142858 -0.251170
v -0.475919 0.331519 -0.244796
v -0.418168 0.369244 -0.021446
v -0.427835 -0.091587 -0.175134
v 0.296956 -0.188156 0.063925
v 0.201605 -0.290441 0.052633
v -0.160748 0.972170 0.150532
v 0.042456 0.959001 0.108599
v 0.100780 0.605472 0.153351
v 0.319075 0.569053 0.108906
v 0.224458 1.011243 0.075425
v 0.126767 1.010323 0.105234
v 0.114251 0.651759 0.158621
v 0.321044 0.626906 0.078713
v 0.112143 0.836175 0.127925
v 0.311920 0.843658 0.053985
v 0.320180 0.800342 0.048702
v 0.105882 0.800452 0.124867
v 0.292070 0.452165 0.124812
v 0.288594 0.928371 0.056110
v 0.095126 0.918552 0.116621
v 0.104752 0.872219 0.118906
v 0.304448 0.883345 0.055218
v -0.384181 0.576989 0.105699
v -0.178117 0.609896 0.103434
v -0.249627 1.005101 0.141023
v -0.357253 1.003917 0.113445
v -0.394271 0.624790 0.132046
v -0.189565 0.647858 0.109638
v -0.391481 0.813093 0.091600
v -0.207328 0.810314 0.115284
v -0.205013 0.771775 0.096311
v -0.396512 0.774796 0.072505
v -0.209730 0.901628 0.112114
v -0.394609 0.901119 0.083016
v -0.389261 0.857578 0.080306
v -0.213245 0.854033 0.120491
v 0.319359 0.474162 0.127451
v 0.510977 0.423374 0.113144
v 0.502694 0.814187 0.121193
v 0.331466 0.507507 0.129920
v 0.522700 0.466300 0.109334
v 0.369505 0.657654 0.119350
v 0.547267 0.632810 0.094233
v 0.535894 0.550201 0.097372
v 0.344826 0.582513 0.128574
v 0.481607 0.340434 0.125760
v 0.543790 0.718464 0.099646
v 0.384239 0.731988 0.107656
v 0.373873 0.693318 0.112950
v 0.548221 0.674668 0.099708
v -0.164197 0.535949 0.102492
v 0.303642 0.418145 0.121657
v -0.373994 -0.203848 -0.083032
v -0.433737 -0.015044 -0.211584
v 0.340469 -0.126153 0.072408
v -0.461425 0.013635 0.120991
v -0.454428 0.111126 0.115594
v -0.440868 -0.068372 0.127908
v -0.415780 -0.135337 0.128775
v -0.385270 -0.194327 0.124754
v 0.076783 0.486705 0.186130
v 0.037822 0.329740 0.283313
v 0.017820 0.258922 0.281587
v 0.076317 0.499951 0.089959
v 0.076117 0.477325 0.142529
v 0.212844 0.202371 0.258951
v 0.237797 0.264512 0.260946
v 0.286796 0.389923 0.156684
v 0.281571 0.411831 0.078047
v 0.284292 0.408834 0.120300
v 0.080024 0.472512 0.222814
v -0.157884 0.499750 0.181841
v 0.278655 0.366948 0.183724
v -0.191753 0.558524 0.161100
v -0.339301 0.539039 0.172582
v -0.358463 0.548523 0.029033
v -0.172150 0.568310 0.098459
v -0.375811 0.531718 0.102808
v -0.187900 0.571005 0.027800
v -0.107406 0.640121 0.219553
v 0.065379 0.633129 0.216291
v 0.089930 0.616496 0.140491
v -0.141867 0.643091 0.129600
v -0.109716 0.626135 0.061302
v 0.055024 0.610862 0.058222
v 0.293083 0.510414 0.197162
v 0.273351 0.518448 0.045747
v 0.140318 0.550421 0.222679
v 0.312055 0.510807 0.120055
v 0.089105 0.562401 0.148366
v 0.097686 0.557518 0.043347
v 0.344244 0.429962 0.184150
v 0.466329 0.383431 0.179345
v 0.478537 0.390691 0.037657
v 0.306495 0.443816 0.124720
v 0.499273 0.381356 0.117417
v 0.318545 0.439784 0.046532
v -0.385868 0.294104 -0.267135
v -0.470382 0.303536 -0.004720
v -0.508664 0.256382 -0.157757
v -0.345090 0.335851 -0.110595
v -0.400159 0.330660 -0.023720
v -0.463251 0.272652 -0.248573
v -0.253192 0.933611 0.175517
v -0.221012 0.952670 0.060116
v -0.375058 0.935021 0.145409
v -0.366904 0.955152 0.018760
v -0.216888 0.940443 0.132307
v -0.395139 0.943511 0.079262
v 0.000480 1.036209 0.156137
v 0.009585 1.039276 0.074953
v -0.137241 1.045177 0.174453
v -0.131919 1.053078 0.089497
v -0.163347 1.056135 0.137864
v 0.027083 1.034851 0.115944
v 0.269409 0.953928 0.121786
v 0.230686 0.960273 -0.002464
v 0.130551 0.953392 0.160760
v 0.102375 0.950458 0.048235
v 0.278003 0.961467 0.054788
v 0.088845 0.959398 0.111205
v 0.528163 0.751811 0.159179
v 0.514934 0.762313 0.050689
v 0.407315 0.757369 0.158562
v 0.400967 0.768174 0.065592
v 0.543807 0.757359 0.107073
v 0.387780 0.767537 0.112609
v -0.363055 0.671713 0.189856
v -0.384368 0.677620 0.018767
v -0.212482 0.691235 0.177784
v -0.224907 0.684439 0.028193
v -0.192914 0.686001 0.106797
v -0.400499 0.677411 0.108421
v -0.104972 0.844592 0.179774
v -0.131587 0.851617 0.079277
v 0.044863 0.841403 0.142347
v 0.030228 0.844989 0.041857
v 0.065672 0.842024 0.087493
v -0.150511 0.852810 0.132909
v 0.170191 0.699021 0.210166
v 0.112744 0.692902 0.066330
v 0.322947 0.692416 0.158288
v 0.259870 0.680558 0.004379
v 0.113530 0.701486 0.153025
v 0.321849 0.684837 0.060244
v 0.380209 0.533619 0.193310
v 0.349976 0.538427 0.055064
v 0.501219 0.512005 0.176847
v 0.496744 0.511908 0.030705
v 0.337316 0.543901 0.130283
v 0.530480 0.509016 0.104386
v -0.106145 0.808876 0.189508
v -0.128341 0.812318 0.065131
v -0.148182 0.813659 0.141080
v 0.058371 0.807902 0.142013
v 0.029854 0.805179 0.041942
v 0.070978 0.803339 0.087413
v 0.326856 0.744384 0.125690
v 0.260830 0.738991 -0.019670
v 0.110172 0.753916 0.140205
v 0.323478 0.744645 0.045304
v 0.170961 0.753740 0.191952
v 0.099172 0.745918 0.047982
v 0.519061 0.593815 0.161160
v 0.510029 0.597386 0.025833
v 0.401013 0.609421 0.181542
v 0.369618 0.620039 0.054803
v 0.543139 0.590821 0.094632
v 0.357906 0.620502 0.124198
v -0.223337 0.730106 0.172198
v -0.220082 0.726649 0.013983
v -0.202967 0.724936 0.093484
v -0.399552 0.727972 0.086882
v -0.358999 0.723616 0.175908
v -0.371656 0.729048 0.005735
v -0.528942 0.502445 -0.196306
v -0.435832 0.500675 -0.282105
v -0.506465 0.512914 -0.022531
v -0.374805 0.526590 -0.110756
v -0.433510 0.523035 -0.020531
v -0.509763 0.498046 -0.259626
v -0.189258 0.522622 0.167964
v -0.124940 0.551377 0.212302
v -0.122262 0.491165 0.229510
v -0.200659 0.476960 0.194013
v -0.176946 0.426514 0.222905
v 0.122546 0.500718 0.227333
v 0.271558 0.441633 0.207070
v 0.056730 0.547525 0.237270
v 0.325066 0.394935 0.186248
v 0.114626 0.445864 0.253972
v 0.041567 0.476620 0.251688
v 0.050512 0.401626 0.271037
v 0.313186 0.355589 0.209300
v 0.259146 0.384984 0.224784
v 0.256280 0.328428 0.245130
v 0.029502 0.084691 -0.042490
v 0.314357 0.413262 0.047308
v 0.260274 0.460211 0.059509
v 0.043375 0.537733 0.078837
v 0.104655 0.514686 0.052572
v 0.272493 0.368349 -0.019128
v -0.113995 0.561078 0.065303
v -0.161550 0.451773 -0.002763
v -0.181356 0.522915 0.040150
v -0.116938 0.497351 0.041714
v -0.189383 0.484750 0.031429
v 0.103078 0.436430 0.028053
v 0.030366 0.467856 0.037673
v 0.244194 0.417808 0.029677
v 0.311188 0.379220 0.031651
v -0.058825 1.098450 0.129132
v -0.056775 1.086955 0.104946
v -0.054633 0.847819 0.049656
v -0.037934 0.748065 0.039531
v -0.036575 0.879431 0.177247
v -0.056318 0.925970 0.185515
v -0.060699 0.926301 0.069192
v -0.058176 0.888148 0.054927
v -0.020012 0.846906 0.173236
v -0.033117 0.682668 0.035955
v -0.022534 0.696873 0.241888
v -0.032983 0.766228 0.216810
v -0.011827 0.627490 0.259994
v -0.029320 0.615464 0.036705
v -0.055075 1.006718 0.062103
v -0.056502 0.964166 0.070936
v -0.058297 0.966014 0.185755
v -0.063275 1.004973 0.175392
v -0.064854 1.047828 0.178586
v -0.059561 1.098061 0.161075
v -0.056491 1.044354 0.072562
v -0.016894 0.810664 0.181606
v -0.047434 0.808928 0.053565
v -0.305178 1.009355 0.128969
v -0.297370 1.001971 0.079379
v -0.301241 0.681496 0.011718
v -0.300579 0.643147 0.031646
v -0.302787 0.771783 0.182376
v -0.303860 0.815130 0.187066
v -0.290470 0.819796 0.004637
v -0.296338 0.771988 -0.019591
v -0.280983 0.688193 0.210184
v -0.287928 0.605216 0.011693
v -0.269228 0.587984 0.197988
v -0.281762 0.636083 0.213645
v -0.272023 0.561818 0.001626
v -0.315112 0.934207 0.181301
v -0.311081 0.999474 0.179405
v -0.299751 0.855632 0.187399
v -0.289241 0.954961 0.024630
v -0.285802 0.914399 0.000136
v -0.288534 0.864812 0.002561
v -0.260341 0.547393 0.190174
v -0.308120 0.893243 0.176634
v -0.299469 0.724904 -0.014152
v -0.282828 0.733808 0.194940
v 0.165000 1.000920 0.055767
v 0.157442 0.957347 0.007036
v 0.156604 0.920159 -0.010687
v 0.166827 0.878373 0.000614
v 0.173370 1.018994 0.089299
v 0.180887 0.684884 0.023816
v 0.186685 0.636068 0.038782
v 0.241013 0.810236 0.182023
v 0.229491 0.851639 0.185082
v 0.176566 0.839697 0.012431
v 0.175382 0.797421 -0.009490
v 0.250546 0.700059 0.210666
v 0.195029 0.585793 0.029743
v 0.240197 0.585960 0.234108
v 0.261788 0.641391 0.219298
v 0.222003 0.531164 0.246209
v 0.188243 0.536490 0.024071
v 0.211433 0.888593 0.182874
v 0.214454 0.923649 0.160098
v 0.203841 0.961788 0.165606
v 0.190233 1.018316 0.145437
v 0.173104 0.739596 -0.005219
v 0.263194 0.758798 0.182259
v 0.451769 0.730450 0.026263
v 0.450935 0.689587 0.025716
v 0.458838 0.821992 0.121030
v 0.455354 0.808165 0.096649
v 0.419734 0.526252 0.027053
v 0.414855 0.488163 0.042495
v 0.451763 0.565298 0.192050
v 0.466587 0.642235 0.184600
v 0.442553 0.649185 0.031853
v 0.425834 0.568671 0.021874
v 0.436526 0.531705 0.200049
v 0.406156 0.452209 0.031519
v 0.408693 0.450282 0.202575
v 0.438866 0.488057 0.203625
v 0.396969 0.415575 0.022639
v 0.471819 0.675337 0.182891
v 0.459400 0.715604 0.176804
v 0.453553 0.765634 0.046062
v 0.467661 0.758174 0.182249
v 0.458511 0.824427 0.165166
v 0.406708 0.408728 0.201041
v 0.434804 0.610380 0.027929
v 0.459988 0.603753 0.187240
v -0.496367 0.669514 -0.159275
v -0.470836 0.667115 -0.169906
v -0.381572 0.570120 -0.215342
v -0.372742 0.462631 -0.211482
v -0.442439 0.653110 -0.185509
v -0.363498 0.421552 -0.208014
v -0.533557 0.379743 -0.092653
v -0.540015 0.436801 -0.089530
v -0.407442 0.618066 -0.206435
v -0.527304 0.565580 -0.101548
v -0.517003 0.333157 -0.065145
v -0.343333 0.372770 -0.210023
v -0.510238 0.278651 -0.067666
v -0.530905 0.616278 -0.118488
v -0.525764 0.649079 -0.131987
v -0.518838 0.665295 -0.144539
v -0.321682 0.319708 -0.213690
v -0.532159 0.504598 -0.105931
v -0.370943 0.512788 -0.218748
v -0.341205 0.502711 0.166439
v -0.376418 0.272964 0.073892
v -0.349279 0.465158 0.164754
v -0.366814 0.287416 0.193022
v -0.358518 0.338032 0.188920
v -0.360647 0.384144 0.174166
v -0.357134 0.426781 0.179288
v -0.388462 0.296072 -0.009356
v -0.319137 0.286625 -0.028365
v -0.314184 0.267534 -0.200996
v -0.380690 0.266343 0.017821
v -0.009965 1.066849 0.161248
v -0.006151 1.066834 0.089257
v 0.018348 1.066167 0.119947
v -0.143977 1.085491 0.145217
v -0.114918 1.080723 0.099853
v -0.119186 1.078746 0.178161
v -0.056968 1.070825 0.087075
v -0.061874 1.081530 0.176940
v -0.260678 0.967884 0.182609
v -0.238469 0.981731 0.079007
v -0.230757 0.973572 0.139975
v -0.383833 0.978148 0.108291
v -0.354396 0.983075 0.045226
v -0.361423 0.965925 0.166564
v -0.293276 0.981075 0.051473
v -0.312287 0.972423 0.190567
v 0.111609 0.985541 0.054612
v 0.141171 0.986413 0.166121
v 0.252182 0.985781 0.136244
v 0.214196 0.986054 0.024800
v 0.269885 0.991276 0.062669
v 0.103628 0.989468 0.118769
v 0.198813 0.995604 0.166734
v 0.160972 0.982634 0.031768
v 0.512833 0.788122 0.176310
v 0.501398 0.789856 0.076416
v 0.415537 0.791472 0.167666
v 0.413313 0.794533 0.085304
v 0.542175 0.792153 0.116251
v 0.400964 0.795034 0.124305
v 0.454713 0.790980 0.072058
v 0.460546 0.800355 0.185372
v 0.431782 0.804810 0.096993
v -0.082323 -0.518080 -0.164283
v -0.154477 -0.503647 -0.176741
v -0.225561 -0.489432 -0.168707
v -0.290738 -0.475893 -0.144581
v -0.345512 -0.464681 -0.104351
v -0.377120 -0.439329 -0.049195
v 0.076317 -0.550455 -0.022075
v 0.038066 -0.542432 -0.083352
v -0.398750 -0.445044 0.014192
v -0.402964 -0.441633 0.074875
v 0.079647 -0.532029 0.117696
v 0.093552 -0.554701 0.048310
v -0.017622 -0.523138 0.215826
v 0.037167 -0.532014 0.174730
v -0.386292 -0.451627 0.127676
v -0.356372 -0.455055 0.177458
v -0.316689 -0.467204 0.209805
v -0.148606 -0.503156 0.250760
v -0.079697 -0.512988 0.240901
v -0.271502 -0.482825 0.233896
v -0.216225 -0.488630 0.248278
v -0.016162 -0.531433 -0.132108
v -0.089441 -0.517245 -0.141306
v -0.155253 -0.504081 -0.152673
v -0.220405 -0.491020 -0.145303
v -0.279968 -0.478533 -0.123247
v -0.329430 -0.468266 -0.086902
v -0.365676 -0.461472 -0.039961
v 0.054699 -0.546438 -0.012446
v 0.020239 -0.539311 -0.067617
v -0.385035 -0.459018 0.013712
v -0.388898 -0.460182 0.067964
v 0.059106 -0.548833 0.110850
v 0.069819 -0.550054 0.049216
v -0.028554 -0.534743 0.201349
v 0.023034 -0.543025 0.163085
v -0.376587 -0.464796 0.118523
v -0.350542 -0.472029 0.162375
v -0.311540 -0.481663 0.196349
v -0.148113 -0.514895 0.235247
v -0.087199 -0.525236 0.225172
v -0.263159 -0.492554 0.220586
v -0.207796 -0.503861 0.233581
v -0.029107 -0.529377 -0.111968
v -0.252851 -0.272874 0.211523
v -0.370640 -0.249826 0.089464
v 0.058470 -0.352889 0.194613
v 0.087818 -0.358496 0.175208
v -0.303772 -0.259081 0.180300
v -0.377965 -0.249758 0.032190
v 0.089050 -0.426178 0.147217
v 0.067370 -0.428949 0.176005
v -0.394556 -0.412349 0.011131
v -0.040918 1.092608 0.155147
v 0.437488 0.757772 0.170406
v 0.432886 0.736409 0.167924
v -0.017482 0.828375 0.175201
v 0.264989 0.412783 0.216460
v 0.296101 0.863008 0.096116
v 0.287781 0.861619 0.141655
v 0.073893 -0.093936 0.240147
v -0.378916 0.450595 0.095336
v 0.091985 0.938975 0.113913
v 0.319895 0.772973 0.125482
v 0.112838 0.935972 0.138691
v -0.437866 0.440835 -0.016631
v -0.508610 0.268865 -0.114763
v -0.506007 0.238786 -0.101094
v -0.506821 0.250428 -0.054673
v -0.001963 1.076661 0.134582
v -0.016120 1.077002 0.155233
v 0.397548 0.762453 0.135585
v -0.503047 0.207836 -0.095389
v -0.502641 0.186674 -0.026652
v 0.532998 0.529530 0.100793
v 0.376729 0.439559 0.193872
v 0.375544 0.419058 0.192783
v 0.444703 0.419495 0.189447
v 0.445440 0.440493 0.190056
v 0.388052 0.732713 0.079749
v 0.396506 0.750776 0.058565
v 0.209148 0.942718 0.162852
v 0.493226 0.618228 0.172976
v 0.468866 0.521841 0.188419
v 0.476433 0.538571 0.184288
v 0.404140 0.776202 0.141433
v 0.411426 0.774421 0.163114
v 0.531086 0.592309 0.127890
v -0.202412 0.193500 0.277491
v -0.257079 0.166806 0.267791
v -0.255955 -0.104824 0.235492
v 0.125267 0.877241 0.147943
v 0.149407 0.861898 0.178926
v 0.142448 0.675134 0.185625
v 0.470009 0.500085 0.190319
v -0.147490 0.929261 0.117686
v -0.147382 0.911072 0.113726
v 0.254434 0.866474 0.161701
v 0.245655 0.885283 0.160301
v -0.313282 0.469138 0.178523
v -0.309228 0.488369 0.178056
v 0.490718 0.406120 0.147307
v 0.474514 0.407002 0.178288
v 0.158859 1.015042 0.117313
v 0.167290 1.014702 0.145382
v 0.515850 0.510500 0.140597
v 0.120454 0.900407 0.146801
v 0.145145 0.899648 0.175381
v -0.214381 0.115619 0.276695
v -0.258772 0.123574 0.266401
v 0.241932 0.938788 0.140942
v 0.236625 0.957858 0.143696
v 0.138970 0.627091 0.187223
v 0.414293 0.339557 0.200904
v 0.409801 0.320415 0.201541
v 0.460550 0.459428 0.190399
v 0.272479 -0.071261 0.186557
v 0.476258 0.317429 0.126050
v -0.376719 0.481368 0.096261
v 0.140119 -0.142692 0.212373
v 0.125805 -0.171772 0.208327
v -0.071143 -0.200509 0.248349
v 0.065652 -0.127755 0.236434
v 0.090450 -0.162821 0.224356
v 0.178608 0.885428 0.179927
v 0.187248 0.866386 0.181654
v -0.221240 -0.038057 0.257238
v -0.261295 -0.070111 0.240389
v -0.370634 0.601443 0.157015
v 0.449517 0.278186 0.163033
v 0.032474 -0.215308 0.228185
v 0.068973 -0.222867 0.218279
v 0.277765 0.415450 0.182190
v 0.114865 -0.202257 0.205193
v 0.339613 0.505114 0.094319
v 0.333470 0.488303 0.093556
v -0.176712 -0.045248 0.261158
v 0.466861 0.271704 0.126426
v 0.311513 0.821193 0.091599
v 0.315990 0.799420 0.088690
v -0.342423 -0.026123 0.215557
v 0.318713 -0.157155 0.068166
v 0.228855 -0.059533 0.207112
v 0.292163 0.882659 0.096473
v -0.246995 0.641644 0.197323
v -0.247047 0.667038 0.196005
v 0.099939 0.895386 0.117764
v -0.498133 0.087960 -0.134550
v 0.247166 0.902811 0.148913
v 0.502644 0.448438 0.143405
v -0.200834 0.646430 0.144677
v -0.195359 0.627882 0.140133
v -0.426015 0.392636 -0.020037
v -0.396029 -0.099034 0.159043
v -0.409065 -0.065497 0.159029
v 0.272890 0.388758 0.190126
v -0.156730 0.526941 0.107953
v -0.143855 0.546003 0.125359
v 0.305417 0.392610 0.171348
v -0.061051 0.985545 0.180662
v 0.459528 0.812391 0.175269
v -0.365197 0.577824 0.142727
v -0.342131 0.558083 0.176255
v 0.146896 0.576590 0.219706
v 0.119779 0.582279 0.184354
v 0.325712 0.435204 0.156182
v -0.042074 1.084342 0.163079
v -0.470291 0.212982 0.014257
v -0.212804 0.668929 0.179791
v -0.202922 0.666549 0.144360
v -0.192172 0.666630 0.109218
v 0.210650 0.621550 0.220529
v 0.171800 0.726653 0.201246
v 0.142071 0.700257 0.181479
v 0.287084 0.779027 0.153150
v 0.276595 0.804580 0.155422
v 0.539635 0.570489 0.095844
v 0.527720 0.572080 0.129171
v -0.198304 0.705440 0.100358
v -0.409573 0.471850 -0.056918
v -0.406808 0.499781 -0.059772
v -0.502173 0.137292 -0.074776
v -0.502549 0.093566 -0.067833
v -0.302604 0.562508 0.185237
v -0.307770 0.583500 0.188922
v 0.335313 0.412108 0.185230
v -0.363117 0.466633 0.130686
v -0.373905 0.279945 0.133630
v -0.377952 0.269745 0.046565
v -0.277901 0.452748 0.201339
v -0.239702 0.475923 0.192762
v -0.050282 0.459951 0.271168
v 0.001329 0.485042 0.263270
v -0.397290 -0.223606 0.062129
v -0.382550 -0.221669 0.093554
v -0.281015 -0.231182 0.203132
v -0.247137 -0.237871 0.215676
v 0.171580 1.003346 0.156031
v 0.123988 1.000278 0.132048
v 0.135557 1.010706 0.125280
v 0.260796 0.969855 0.129015
v 0.269647 0.972602 0.092228
v 0.048136 -0.540423 0.142790
v 0.030100 -0.537519 0.168907
v -0.331041 -0.476846 0.179362
v -0.503525 0.158865 -0.142989
v -0.270761 0.492594 0.189437
v 0.444054 0.255809 0.164008
v 0.489515 0.598768 0.174171
v 0.114233 0.676368 0.156698
v 0.496601 0.427015 0.145360
v 0.128819 0.603962 0.185855
v 0.384377 0.351957 0.208653
v -0.112655 -0.226719 0.246165
v 0.303883 0.820280 0.137187
v 0.024234 -0.246157 0.225883
v -0.036910 0.522797 0.271178
v 0.197481 0.594477 0.224848
v -0.081007 0.494491 0.253962
v 0.346016 0.344105 0.211302
v 0.210425 0.699533 0.210279
v -0.377404 0.501860 -0.104865
v -0.223823 0.957008 0.136141
v 0.142759 0.998751 0.155724
v 0.068802 -0.319570 0.194415
v 0.006464 -0.308549 0.225085
v -0.002873 -0.342620 0.226263
v 0.030117 -0.348034 0.214998
v -0.193603 -0.282564 0.232907
v -0.168271 -0.316535 0.240745
v -0.128216 -0.287363 0.243032
v -0.136129 -0.321794 0.243193
v 0.078935 -0.463312 0.147815
v 0.029062 -0.461457 0.196907
v 0.039018 -0.424094 0.196390
v 0.010825 -0.419469 0.216693
v -0.371332 -0.453341 0.152567
v 0.068451 -0.499056 0.147150
v 0.047211 -0.499048 0.175667
v -0.110565 1.088518 0.170218
v -0.122961 1.091890 0.153746
v 0.214487 1.002460 0.143786
v 0.210198 1.013816 0.133138
v 0.250024 1.000296 0.091754
v 0.241172 0.997549 0.128542
v -0.008790 0.149614 0.283438
v -0.057958 0.160325 0.284491
v 0.235534 0.431114 0.234610
v 0.228177 0.403787 0.243597
v -0.393481 0.794447 0.080356
v -0.528335 0.632678 -0.125238
v 0.358830 -0.092065 0.077980
v -0.150894 0.989570 0.163241
v -0.064168 1.026455 0.176926
v -0.146263 0.930537 0.163617
v 0.385305 0.675582 0.052570
v 0.381285 0.693725 0.081265
v -0.503642 0.172191 -0.081358
v 0.407895 0.429407 0.201755
v -0.353432 0.446260 0.171662
v -0.148795 0.952178 0.167243
v -0.177237 0.393759 0.230618
v -0.120820 0.392809 0.249443
v 0.425135 0.178051 0.164844
v 0.414546 0.150681 0.159196
v 0.482889 0.382325 0.148413
v -0.263785 0.566876 0.193790
v 0.387738 -0.021353 0.088864
v 0.284923 0.923284 0.088379
v 0.275331 0.936063 0.121217
v 0.423844 0.469102 0.203166
v -0.519000 0.661523 -0.158416
v -0.358604 0.647567 0.195292
v -0.372988 0.623510 0.163778
v 0.054712 -0.158240 0.233300
v 0.401102 0.181718 0.203324
v 0.348542 0.163744 0.218907
v 0.257452 0.671008 0.214088
v -0.349297 0.599852 0.187903
v 0.123773 0.078349 0.260021
v -0.487715 -0.085805 -0.014457
v 0.058201 0.209181 0.280232
v 0.047921 0.174352 0.279006
v 0.049655 0.510734 0.244912
v -0.010561 -0.114452 0.251217
v 0.018213 -0.150681 0.243206
v 0.325294 0.490667 0.129092
v -0.180330 0.329422 0.246052
v -0.230249 0.337296 0.234834
v 0.381799 0.120969 0.197359
v 0.337583 0.131706 0.215836
v -0.186661 0.584676 0.132955
v -0.195669 0.579118 0.164632
v 0.038155 -0.089355 0.249092
v -0.494988 -0.053430 -0.082883
v -0.128926 0.020907 0.276188
v -0.173258 0.028094 0.271934
v 0.008674 0.222905 0.281866
v -0.051053 0.198421 0.282167
v 0.292851 0.900771 0.087933
v 0.280565 0.900085 0.129188
v 0.172506 0.974101 0.165863
v 0.201327 0.978696 0.166170
v -0.139301 1.026126 0.175194
v -0.152311 1.011670 0.156314
v -0.105541 1.098961 0.149765
v -0.496952 0.018000 -0.113386
v -0.500662 0.025048 -0.046942
v -0.499563 0.058781 -0.065192
v 0.201766 1.014155 0.105069
v 0.387350 0.713155 0.078047
v -0.377668 0.876309 0.114925
v -0.380493 0.897943 0.116109
v -0.471273 -0.112798 0.046587
v -0.464355 -0.074550 0.084712
v -0.474974 -0.033467 0.080596
v -0.470519 0.178550 0.029680
v -0.479614 0.131399 0.053802
v 0.078982 0.482306 0.204853
v 0.058850 0.484597 0.218866
v -0.132646 0.560723 0.172690
v -0.102184 1.005912 0.175869
v -0.389486 0.960830 0.093777
v -0.235251 0.593949 0.183626
v -0.241987 0.616874 0.190792
v -0.275466 0.611290 0.204987
v -0.379144 0.701185 0.141507
v 0.258138 0.729789 0.195493
v -0.522463 0.653415 -0.152141
v -0.345305 0.354013 -0.156768
v -0.334713 0.328753 -0.156129
v -0.096258 0.929018 0.184617
v -0.379307 0.725713 0.131047
v -0.400185 0.703004 0.097758
v -0.502527 0.108735 -0.004787
v -0.316449 0.628649 0.203648
v -0.370718 0.914894 0.147306
v -0.340745 0.914487 0.165252
v -0.364664 0.872032 0.152031
v -0.337249 0.894005 0.162919
v -0.310958 0.604421 0.197323
v -0.139912 0.607417 0.133944
v -0.123324 0.605435 0.179339
v 0.023529 0.587707 0.250435
v -0.379649 0.332015 0.094940
v -0.369592 0.325934 0.145327
v -0.372157 0.333002 -0.069967
v 0.390680 0.713697 0.050140
v -0.377792 0.293588 0.086887
v -0.372424 0.300902 0.145923
v 0.179155 0.396217 0.270522
v -0.188058 -0.247559 0.236956
v -0.153273 -0.253601 0.243498
v 0.014743 -0.276925 0.225124
v 0.048945 -0.283195 0.214578
v -0.332717 -0.225056 0.167359
v -0.304397 -0.227511 0.185025
v -0.126558 1.092562 0.141236
v -0.080753 1.098175 0.161675
v -0.081909 1.089910 0.169608
v 0.228011 0.973785 0.150925
v 0.394379 0.767865 0.089117
v 0.407090 0.781350 0.075484
v -0.387595 -0.455905 0.097820
v -0.368417 -0.461828 0.145025
v -0.381439 -0.458211 0.123099
v -0.287349 -0.487109 0.208468
v 0.049133 -0.386960 0.195791
v -0.011671 -0.376976 0.227271
v 0.203137 0.448397 0.257923
v 0.436519 0.396080 0.190175
v 0.066680 0.519321 0.211656
v 0.351279 0.601654 0.126811
v -0.123715 0.356404 0.252740
v -0.390394 0.835331 0.085422
v 0.341043 0.563245 0.129485
v 0.247853 0.920923 0.140373
v 0.100179 0.496217 0.207198
v -0.189635 0.604822 0.136141
v -0.206721 0.623556 0.173913
v 0.155988 0.434394 0.257499
v 0.312952 0.458347 0.126640
v -0.381189 -0.279922 0.063366
v -0.371790 -0.280762 0.090449
v -0.387479 -0.345744 0.066023
v -0.386214 -0.345264 0.036255
v -0.384686 -0.383001 0.094848
v -0.360941 -0.389190 0.145344
v -0.262200 -0.454604 0.233094
v -0.284794 -0.446793 0.221048
v -0.234562 -0.457506 0.240285
v -0.336530 -0.461129 0.193631
v -0.381386 -0.418508 0.124883
v -0.389722 -0.413511 0.098483
v 0.194523 1.006960 0.156085
v -0.066195 0.123414 0.284639
v -0.062492 0.845701 0.176576
v -0.060385 0.827305 0.178432
v 0.109698 0.956395 0.135983
v -0.475051 0.460359 -0.016299
v -0.473156 0.434112 -0.017242
v 0.108339 0.853989 0.123359
v 0.516843 0.444915 0.111127
v 0.004192 1.066508 0.140597
v 0.527504 0.790137 0.146281
v 0.520021 0.803478 0.137554
v 0.505350 0.801463 0.167584
v 0.379283 0.675939 0.084825
v 0.079323 0.520586 0.167153
v 0.137412 0.818990 0.154740
v 0.158344 0.822247 0.180682
v 0.108961 0.818269 0.125509
v -0.135241 0.796701 0.163421
v -0.114552 0.794967 0.191172
v 0.167196 0.957590 0.163183
v 0.172503 0.938520 0.160429
v -0.128966 0.322785 0.255885
v -0.135477 0.289228 0.260143
v -0.506245 0.595973 -0.036315
v -0.487939 0.625976 -0.044303
v -0.194742 0.500384 0.181340
v -0.531108 0.413209 -0.172072
v 0.436472 0.229481 0.166750
v 0.434750 0.207102 0.166470
v 0.410109 0.049735 0.099631
v -0.532578 0.475141 -0.185047
v 0.295023 0.751583 0.153968
v 0.294062 0.726386 0.168926
v 0.325190 0.718237 0.141609
v 0.478189 0.819615 0.162012
v 0.478352 0.818398 0.139943
v -0.016884 0.662866 0.251651
v 0.247384 0.009815 0.218475
v -0.092020 1.063287 0.178373
v -0.063364 1.064679 0.177763
v -0.528022 0.579216 -0.187299
v 0.379500 0.614942 0.152808
v 0.181801 1.018655 0.117368
v -0.376830 0.831585 0.122414
v -0.135826 0.772984 0.162643
v 0.505244 0.402356 0.115208
v 0.000956 -0.043823 0.259942
v 0.429191 0.116479 0.111445
v -0.526158 0.620048 -0.183160
v 0.027601 0.294336 0.282308
v 0.199425 0.313223 0.264895
v 0.189781 0.281701 0.272211
v 0.079510 0.279108 0.282816
v 0.090026 0.314664 0.283688
v 0.430514 0.606576 0.184358
v 0.426478 0.587380 0.186849
v -0.210262 0.832195 0.117945
v -0.537096 0.439941 -0.132156
v -0.286536 -0.167374 0.213606
v -0.525098 0.356028 -0.078796
v -0.136349 0.790305 0.093069
v -0.148265 0.794279 0.133322
v 0.117089 0.971430 0.139765
v 0.135861 0.969903 0.163441
v 0.357721 0.192687 0.221190
v 0.293753 0.667011 0.188433
v 0.286689 0.696262 0.184291
v 0.043819 0.365576 0.276536
v 0.270831 0.077632 0.226634
v 0.214291 0.055547 0.235687
v -0.028139 0.733351 0.230428
v -0.031501 1.020645 0.165701
v -0.032187 1.042018 0.167361
v -0.497752 0.642691 -0.064312
v 0.039644 0.137276 0.278085
v 0.030075 0.101508 0.276465
v -0.529444 0.609336 -0.152468
v -0.527644 0.583987 -0.143998
v -0.232911 0.306771 0.243288
v 0.294150 0.142951 0.233262
v 0.247573 0.155452 0.245703
v -0.024318 0.075803 0.279934
v -0.071141 0.085250 0.281370
v 0.418036 0.236825 0.202972
v -0.002345 -0.080628 0.254938
v -0.224905 0.533609 0.174209
v -0.296493 -0.100457 0.224233
v -0.329814 -0.098838 0.206025
v -0.325055 -0.133499 0.201058
v -0.401912 0.602147 -0.105237
v -0.426696 0.605343 -0.066462
v -0.430205 0.642425 -0.111101
v -0.438228 0.629120 -0.073205
v 0.202201 0.806025 0.181772
v 0.213947 0.782412 0.182117
v -0.348666 -0.163271 0.177575
v -0.371864 -0.163105 0.153760
v 0.319469 0.375198 0.197494
v 0.013781 1.035530 0.136040
v 0.479206 0.807579 0.172114
v -0.479981 0.239816 -0.010874
v -0.444305 0.233612 0.043296
v -0.070447 0.862176 0.178237
v -0.127690 0.848678 0.155863
v 0.322256 0.688203 0.109718
v -0.522301 0.657187 -0.138263
v -0.537195 0.407668 -0.091058
v 0.375557 0.638542 0.055413
v -0.520825 0.593416 -0.076044
v -0.522626 0.618765 -0.084514
v -0.104662 0.826510 0.182680
v -0.126135 0.829647 0.161057
v 0.134844 0.801265 0.153104
v 0.168025 0.779856 0.184923
v 0.375511 0.657335 0.087616
v -0.525978 0.446196 -0.053439
v -0.522352 0.479738 -0.061605
v -0.509434 0.484542 -0.019853
v -0.534538 0.475956 -0.139803
v -0.320117 0.705851 0.193336
v -0.335535 0.871270 0.165747
v -0.333376 0.832245 0.170817
v -0.329457 0.748922 0.177984
v 0.074765 0.585086 0.186041
v 0.282986 0.475776 0.203021
v 0.366595 0.400368 0.194617
v 0.315337 0.066575 0.208419
v -0.382590 0.368021 0.085082
v -0.371731 0.366234 0.132650
v -0.369758 0.343082 0.138338
v -0.357190 0.517013 0.134082
v -0.368679 0.317030 -0.057105
v -0.341268 0.318327 -0.101458
v -0.393978 0.313656 -0.017928
v -0.483428 0.267815 -0.024209
v -0.462018 0.283540 0.005803
v 0.474075 0.362048 0.152236
v 0.490790 0.360837 0.121322
v -0.416155 0.265317 0.019485
v -0.219911 -0.247976 0.228683
v 0.078293 -0.288802 0.195173
v 0.110375 -0.295986 0.177838
v -0.037410 1.057338 0.169917
v -0.035920 1.074189 0.169094
v -0.004743 1.051529 0.158692
v 0.009414 1.051188 0.138042
v -0.286482 0.970153 0.186588
v -0.245717 0.970728 0.161292
v 0.486690 0.794239 0.180841
v 0.413400 0.804069 0.121397
v 0.442337 0.817548 0.119760
v -0.353457 -0.463542 0.169917
v -0.117656 -0.520066 0.230210
v -0.382742 -0.462489 0.093243
v -0.177954 -0.509378 0.234414
v -0.373522 -0.312772 0.091170
v -0.379675 -0.310887 0.035289
v -0.509384 0.423688 -0.017845
v -0.205824 0.791372 0.105740
v -0.505518 0.225323 -0.153479
v 0.069177 0.548108 0.193397
v 0.130049 0.265173 0.279963
v -0.375937 0.853603 0.117391
v 0.259263 0.188314 0.248075
v 0.151553 0.334628 0.280556
v -0.078023 0.771639 0.205331
v -0.515828 0.636801 -0.066308
v -0.362384 0.314261 0.192381
v -0.368093 -0.096989 0.186618
v 0.257376 0.520887 0.221292
v -0.363240 0.298938 -0.049266
v -0.387688 -0.133399 0.156495
v -0.320679 0.728922 0.185244
v -0.331351 0.852465 0.171129
v -0.421708 0.279043 0.005734
v -0.323802 -0.397847 0.186821
v -0.277551 -0.414543 0.218669
v -0.294095 -0.475015 0.221850
v -0.103725 -0.474523 0.244871
v -0.138179 -0.469607 0.249800
v -0.309446 -0.434954 0.207426
v -0.329288 -0.428880 0.191252
v -0.400857 -0.443338 0.044533
v -0.267979 0.981247 0.180886
v -0.262453 0.999856 0.160093
v 0.278882 -0.036025 0.193662
v -0.525048 0.643390 -0.155930
v -0.527619 0.626990 -0.149181
v -0.405317 0.426032 -0.059287
v -0.399099 0.402033 -0.059796
v -0.372010 0.411590 -0.098780
v -0.420721 0.159092 0.151478
v -0.415151 0.205805 0.126198
v 0.110099 0.854075 0.085899
v 0.113644 0.836113 0.090441
v -0.293180 0.997042 0.179284
v -0.290229 1.001982 0.154066
v -0.132020 0.988310 0.181097
v -0.141603 0.970954 0.168015
v -0.440071 0.337295 -0.014180
v -0.474766 0.323860 -0.006912
v 0.316258 0.822461 0.051522
v 0.110052 0.817931 0.088004
v 0.489683 0.714663 0.167521
v 0.493452 0.736026 0.170757
v 0.531985 0.716065 0.128779
v 0.536422 0.735114 0.128954
v 0.524083 0.732756 0.158666
v -0.389546 0.600412 0.119083
v -0.090426 0.967863 0.185709
v -0.090820 0.948064 0.186187
v -0.521747 0.647726 -0.176083
v 0.363763 0.620284 0.089531
v 0.060296 0.474763 0.237201
v 0.077754 0.461357 0.252851
v 0.097558 0.459193 0.238337
v -0.479839 0.600697 -0.030078
v -0.227047 0.516679 0.176909
v -0.232671 0.495495 0.189340
v -0.107301 0.172030 0.285685
v -0.163586 0.144741 0.282775
v -0.360030 0.359981 0.179742
v -0.466223 0.546423 -0.021262
v -0.502713 0.541832 -0.022209
v 0.546164 0.696714 0.099886
v 0.444192 0.548497 0.196071
v -0.119577 0.096057 0.283843
v -0.166671 0.104821 0.280141
v 0.009978 0.768801 0.194922
v 0.017969 0.792435 0.171375
v -0.024755 0.791990 0.196395
v 0.381792 0.553840 0.186716
v 0.360287 0.559096 0.155384
v 0.447635 0.176236 0.122626
v 0.370587 0.597355 0.152442
v 0.392258 0.591851 0.181012
v -0.499234 0.658239 -0.080080
v -0.513578 0.660754 -0.096262
v 0.177582 0.248422 0.269291
v 0.165328 0.217333 0.268326
v 0.360396 -0.016241 0.133641
v 0.349849 -0.052865 0.128329
v 0.084658 0.508561 0.166685
v 0.456004 0.584495 0.189527
v -0.314833 -0.164928 0.195897
v -0.310106 -0.197143 0.190182
v -0.409246 0.449581 -0.056418
v 0.348767 0.503861 0.160282
v 0.122399 0.987941 0.142445
v 0.154894 0.182556 0.266145
v -0.261318 -0.033716 0.246144
v -0.527682 0.560808 -0.144850
v -0.529696 0.530709 -0.147099
v -0.292134 0.753430 0.188639
v 0.107677 0.196666 0.275613
v -0.123037 0.520727 0.221486
v 0.099291 0.350659 0.281603
v 0.104677 0.386958 0.274670
v 0.534681 0.694531 0.129245
v 0.087453 0.126039 0.272022
v -0.214714 0.750485 0.132704
v -0.305259 -0.027845 0.234808
v -0.339377 -0.063946 0.209920
v -0.261510 0.529857 0.187246
v 0.229974 0.558653 0.240923
v 0.169992 0.991009 0.166427
v -0.304210 0.792679 0.183016
v 0.054022 0.743724 0.187365
v 0.063590 0.763607 0.140044
v 0.308238 0.863663 0.054538
v -0.361940 -0.194504 0.148596
v -0.145982 0.547731 0.144962
v -0.138188 0.538034 0.182974
v -0.293784 0.983516 0.184865
v -0.360758 0.556772 0.139715
v -0.093107 0.987440 0.180417
v 0.253851 0.613669 0.225755
v 0.286413 0.608639 0.199630
v 0.293247 0.636939 0.190886
v -0.060718 1.089796 0.169008
v -0.391693 0.378476 -0.061264
v -0.355588 0.361850 -0.104465
v 0.324860 0.662818 0.159191
v 0.325004 0.658547 0.110756
v 0.402470 0.494127 0.197120
v 0.387483 0.475205 0.196448
v 0.351707 0.522017 0.160396
v -0.354412 0.380182 -0.154417
v -0.524108 0.634314 -0.100282
v -0.521537 0.650714 -0.107032
v 0.072867 0.781949 0.092692
v 0.063046 0.786684 0.123381
v 0.417535 0.569695 0.186108
v 0.409982 0.552806 0.189960
v -0.537926 0.472771 -0.097069
v -0.436813 0.493432 -0.017725
v -0.519355 0.553604 -0.225139
v -0.528670 0.529361 -0.192175
v -0.473120 0.487616 -0.018847
v -0.158350 0.528023 0.125748
v -0.150186 0.520821 0.133431
v 0.102133 0.486754 0.225885
v 0.114063 0.537865 0.184893
v 0.106573 0.513678 0.186879
v -0.371663 0.385778 0.127826
v -0.301983 0.506490 0.176599
v -0.300483 0.526054 0.178440
v 0.136508 0.408548 0.265409
v 0.082566 0.423802 0.263063
v 0.210384 0.377649 0.253009
v 0.400546 0.781035 0.098956
v -0.393824 -0.452613 0.041078
v -0.333615 -0.469616 0.186090
v -0.314115 -0.474433 0.203077
v 0.041070 -0.545929 0.136967
v 0.098900 0.916564 0.076867
v -0.388514 0.155102 0.193634
v -0.448844 0.357525 -0.014666
v -0.203952 0.748173 0.093539
v 0.373055 0.516922 0.191948
v -0.129313 0.950927 0.184525
v -0.468475 0.576925 -0.023294
v 0.394372 0.781285 0.118457
v 0.056096 0.790605 0.151841
v 0.364082 0.578289 0.154343
v 0.208813 0.349541 0.262902
v 0.067735 0.245448 0.280671
v -0.379893 0.455127 -0.098006
v -0.154895 0.510778 0.167049
v -0.376563 0.249018 0.190144
v -0.381514 0.410258 0.088116
v -0.492225 0.368693 -0.013817
v -0.171362 0.521477 0.158973
v -0.379527 0.553809 0.104359
v -0.512725 0.568137 -0.061819
v -0.498235 0.338691 -0.036085
v 0.089451 0.544286 0.146989
v -0.382930 0.240309 0.129019
v -0.363630 -0.282631 0.117097
v -0.346225 -0.285033 0.139975
v -0.344439 -0.253019 0.139330
v -0.330212 -0.288334 0.162572
v -0.306264 -0.292038 0.180861
v 0.109770 -0.356967 0.146718
v 0.134054 -0.357513 0.119177
v -0.370729 -0.350029 0.119995
v -0.378935 -0.347641 0.092752
v -0.221905 -0.425720 0.238864
v -0.159332 -0.430559 0.247139
v -0.338841 -0.357150 0.165953
v -0.354381 -0.353349 0.142700
v -0.350886 -0.424023 0.173027
v -0.365846 -0.422309 0.148136
v -0.182415 -0.495893 0.249519
v -0.169759 -0.464107 0.248099
v -0.203568 -0.456844 0.246857
v -0.114151 -0.508072 0.245831
v -0.394628 -0.446630 0.101275
v 0.261033 0.988529 0.099456
v 0.457619 0.365176 0.183673
v 0.428879 0.376305 0.192448
v 0.419189 0.358649 0.196740
v 0.389021 0.706790 0.134126
v -0.302021 0.835176 0.187312
v -0.275993 0.831549 0.183392
v -0.273706 0.852020 0.183519
v -0.311616 0.913725 0.178968
v -0.280656 0.913427 0.176076
v -0.284152 0.933909 0.178409
v -0.234216 0.790103 0.169215
v -0.219860 0.789751 0.139710
v -0.101048 1.046503 0.176519
v -0.100362 1.025129 0.174859
v 0.028307 0.898779 0.149265
v 0.040828 0.899012 0.123905
v 0.433055 0.285550 0.195067
v -0.159635 0.950830 0.147311
v -0.139638 0.907644 0.163110
v -0.126934 0.908533 0.182692
v 0.386058 0.749728 0.110006
v 0.395814 0.744623 0.132942
v 0.392559 0.750014 0.086503
v -0.127140 0.811227 0.164904
v -0.346082 0.141069 0.230330
v -0.155830 0.182293 0.281717
v -0.174932 0.589384 0.100870
v -0.317816 0.427004 0.193340
v -0.313856 0.446922 0.185543
v 0.334321 0.525693 0.130051
v 0.408250 0.793254 0.145985
v 0.387167 0.651530 0.145432
v 0.109058 0.628359 0.157463
v -0.066222 0.388404 0.266020
v -0.005075 0.416468 0.271629
v -0.156592 0.910107 0.141944
v -0.120986 0.428134 0.244357
v 0.431351 0.718146 0.166956
v -0.456746 0.062330 0.118300
v -0.424039 0.058090 0.162721
v -0.423048 0.106734 0.159392
v -0.092067 0.245164 0.274105
v -0.149655 0.220315 0.276741
v 0.438041 0.795914 0.176519
v -0.521265 0.353027 -0.165768
v -0.130724 0.745905 0.168663
v -0.118459 0.751902 0.202566
v -0.452587 -0.027212 0.124081
v 0.443668 0.327883 0.189243
v -0.109633 0.681503 0.216595
v -0.064845 0.668560 0.231597
v -0.067327 0.709799 0.226692
v 0.461044 0.323984 0.158208
v 0.455435 0.301415 0.157992
v 0.055351 0.841627 0.114860
v -0.524141 0.351015 -0.127204
v -0.516345 0.327853 -0.113256
v 0.339569 0.486699 0.155340
v 0.356786 0.483173 0.185540
v 0.273079 -0.215225 0.060680
v 0.201383 0.169443 0.256544
v 0.144178 0.149044 0.264219
v 0.465175 0.695298 0.179827
v 0.179713 0.101580 0.251623
v 0.134370 0.113176 0.262184
v -0.256408 0.752658 0.178669
v -0.266809 0.771191 0.174125
v -0.141218 0.525868 0.197851
v -0.139861 0.495773 0.205497
v -0.047769 -0.068902 0.262175
v -0.088799 -0.024033 0.268930
v -0.072926 0.745612 0.215586
v 0.236415 0.123568 0.242568
v -0.226512 0.750935 0.167710
v -0.217461 0.771632 0.130748
v -0.295475 0.217717 0.253523
v -0.346697 0.193521 0.220315
v -0.248136 -0.206270 0.220340
v -0.497743 -0.052859 -0.026159
v -0.503029 -0.015835 -0.038564
v -0.230404 0.851248 0.150640
v -0.320528 0.404618 0.190126
v -0.265511 0.004252 0.251525
v -0.177521 -0.008795 0.266738
v -0.041816 0.234151 0.276719
v -0.059616 0.634157 0.239347
v 0.470453 0.658931 0.182960
v 0.435801 0.643772 0.177858
v 0.432548 0.624696 0.179528
v 0.463639 0.623079 0.185804
v -0.027997 0.862972 0.174737
v 0.007298 0.861862 0.158817
v -0.001219 0.878701 0.161479
v -0.513110 0.300025 -0.114963
v -0.357829 0.498711 0.131906
v -0.361133 0.478850 0.129843
v 0.189528 0.567832 0.230375
v 0.181305 0.540804 0.234279
v -0.184407 0.629760 0.106963
v -0.045592 0.902372 0.181561
v 0.379059 0.712315 0.109494
v -0.447575 -0.106694 0.089953
v -0.498217 -0.047755 0.030196
v -0.484040 -0.000978 0.070053
v 0.351103 0.362948 0.207575
v 0.357616 0.382237 0.196129
v -0.179496 0.487743 0.187446
v -0.173894 0.511392 0.174188
v -0.128544 0.714610 0.173931
v -0.235040 0.937027 0.153912
v 0.114772 0.556452 0.185726
v 0.094234 0.583912 0.150024
v 0.346218 0.447587 0.182559
v 0.326853 0.454153 0.153592
v -0.511421 0.290232 -0.162452
v -0.361091 0.698265 0.183068
v -0.381682 0.674627 0.148823
v -0.112278 0.865236 0.179596
v -0.078471 0.882843 0.178855
v -0.134883 0.869482 0.157097
v 0.143067 0.727981 0.172719
v -0.061420 0.809718 0.185770
v -0.069768 0.790195 0.198996
v 0.051989 0.824721 0.140553
v 0.014865 0.825231 0.159977
v -0.087566 0.906023 0.182547
v 0.112204 0.727932 0.146949
v 0.403114 0.627517 0.176579
v 0.381766 0.633057 0.147725
v -0.530170 0.503826 -0.151178
v -0.321889 0.680336 0.199871
v -0.323058 0.653692 0.203216
v -0.124733 0.641551 0.174643
v 0.130923 0.525069 0.224930
v 0.398903 0.389278 0.202901
v -0.359494 0.405194 0.176132
v -0.374778 0.514098 0.099102
v 0.464984 0.343728 0.157079
v -0.240311 0.451896 0.200086
v -0.091941 0.461655 0.250963
v -0.150309 0.456739 0.223937
v -0.009582 0.453520 0.262999
v -0.161944 0.483557 0.210162
v -0.373394 -0.222484 0.120639
v -0.349796 -0.222683 0.144518
v -0.150294 1.050656 0.156159
v -0.140609 1.065334 0.159835
v -0.338268 0.950066 0.173933
v -0.313700 0.953315 0.185934
v -0.287895 0.951046 0.181955
v -0.256935 0.950747 0.179063
v -0.241974 0.953592 0.157746
v 0.225497 0.990693 0.151489
v -0.395931 -0.450908 0.071419
v -0.117902 -0.514196 0.237966
v -0.148359 -0.509025 0.243004
v -0.178201 -0.503508 0.242171
v -0.235477 -0.498208 0.227084
v -0.348630 -0.317989 0.140605
v -0.309889 -0.325738 0.181184
v 0.099438 -0.390286 0.146916
v 0.111003 -0.424649 0.118726
v 0.405244 0.738969 0.157751
v 0.393848 0.726368 0.132383
v 0.045626 0.878806 0.120178
v -0.137859 0.888935 0.159151
v 0.378081 0.458331 0.191372
v 0.046281 0.438667 0.261457
v -0.128213 1.061962 0.176307
v -0.228469 0.427314 0.214041
v -0.435176 -0.140248 0.090855
v -0.398479 0.751264 0.079726
v 0.039619 0.859365 0.143346
v 0.333428 0.470189 0.153965
v -0.114938 0.595374 0.220395
v -0.505372 0.025469 0.011686
v 0.012443 0.844101 0.157800
v 0.140711 0.753861 0.166192
v -0.376910 -0.280687 0.004027
v -0.378685 -0.279947 0.034209
v -0.200124 -0.316952 0.232472
v -0.391627 -0.380133 0.037837
v -0.151272 -0.393491 0.244575
v -0.182852 -0.387991 0.242874
v -0.397927 -0.411123 0.071240
v -0.395820 -0.412828 0.040898
v 0.058407 -0.532021 0.146213
v -0.383932 -0.345269 0.007079
v -0.131581 1.082119 0.161689
v 0.462949 0.736787 0.179809
v -0.138406 -0.122421 0.255876
v -0.178344 -0.114520 0.251055
v -0.255152 0.986493 0.161816
v 0.339423 -0.084068 0.119632
v 0.321062 -0.118156 0.114060
v 0.035159 0.919462 0.128347
v -0.383654 0.790306 0.117342
v -0.058468 0.946265 0.185888
v -0.077263 0.315425 0.267482
v 0.215620 -0.257864 0.092517
v 0.460109 0.226353 0.127727
v 0.158123 0.032820 0.244827
v 0.103619 0.008649 0.252240
v 0.407138 0.794783 0.104804
v 0.045241 0.938951 0.106787
v -0.172435 0.066917 0.276298
v 0.536047 0.654177 0.125777
v 0.523862 0.654072 0.156659
v -0.010605 0.377238 0.271733
v 0.027037 0.631085 0.238360
v 0.021368 0.665901 0.228870
v 0.203341 0.021199 0.231872
v 0.191216 -0.012913 0.227615
v -0.495502 0.666643 -0.094265
v -0.415130 -0.166740 0.095281
v -0.399860 -0.196278 0.093345
v 0.262053 -0.102464 0.177860
v 0.280860 -0.138070 0.152740
v -0.264765 0.083933 0.261920
v 0.142553 -0.036606 0.235206
v 0.096785 -0.028532 0.246908
v 0.096236 0.974433 0.114987
v -0.056404 -0.139183 0.253620
v 0.166129 -0.242321 0.158382
v 0.201573 -0.247721 0.132962
v 0.312081 -0.078956 0.164410
v -0.237831 0.276549 0.252759
v -0.138018 0.812307 0.103654
v 0.496703 0.674887 0.170251
v 0.490537 0.695322 0.167889
v 0.234975 0.830901 0.183639
v -0.529239 0.535528 -0.103811
v -0.434844 -0.171555 0.057519
v -0.091400 -0.059150 0.263794
v -0.094867 -0.095958 0.258654
v -0.022262 -0.141958 0.249044
v 0.534930 0.674622 0.128801
v 0.520787 0.694149 0.158080
v -0.471345 0.647414 -0.058075
v -0.529105 0.590929 -0.110018
v -0.135442 -0.051128 0.265469
v -0.179643 -0.080347 0.255913
v -0.339873 0.232680 0.218449
v -0.283554 0.287809 0.244101
v -0.328304 0.271830 0.221433
v -0.220188 0.037156 0.268088
v -0.263184 0.042816 0.257016
v -0.211440 0.877854 0.116926
v -0.414176 0.580123 -0.063219
v 0.030119 0.939648 0.131796
v -0.007206 0.899691 0.164647
v -0.017336 0.922778 0.169539
v -0.411845 0.550262 -0.061138
v 0.252680 0.786409 0.180367
v -0.479758 0.088148 0.060444
v -0.484169 0.039733 0.063817
v -0.311684 0.985948 0.184986
v -0.372628 0.972036 0.137428
v 0.511794 0.489196 0.143096
v 0.526543 0.487699 0.106913
v -0.517805 0.659118 -0.121217
v -0.514342 0.667226 -0.127493
v 0.138643 0.778971 0.158929
v 0.324057 0.713578 0.093626
v -0.366392 0.746437 0.161352
v -0.385967 0.749149 0.116613
v -0.338750 0.770125 0.164277
v 0.062707 0.588271 0.230126
v -0.367837 0.429144 0.136869
v -0.369680 0.408012 0.133399
v -0.364575 0.448398 0.129491
v -0.053519 -0.265758 0.241432
v -0.018247 -0.271511 0.236390
v 0.069377 -0.540431 0.114273
v -0.002760 -0.538884 0.182217
v -0.057877 -0.529989 0.213261
v -0.054126 -0.523865 0.221125
v -0.083448 -0.519112 0.233037
v -0.240192 0.989337 0.140499
v -0.277402 1.007228 0.134996
v 0.052898 0.899671 0.098356
v -0.385360 0.771841 0.109004
v -0.016558 0.341700 0.277806
v -0.498683 0.671588 -0.113766
v 0.152319 -0.270115 0.154132
v 0.108788 0.779271 0.132184
v -0.382618 0.551836 -0.106242
v -0.213309 0.921036 0.122211
v -0.188293 0.451955 0.208386
v -0.283871 -0.296466 0.198734
v -0.256476 -0.306574 0.211846
v 0.122434 -0.325723 0.147469
v -0.294850 -0.366435 0.202052
v -0.316448 -0.361578 0.183827
v -0.095241 -0.441371 0.244623
v -0.213704 -0.388597 0.235372
v -0.244697 -0.389258 0.228800
v -0.030929 -0.451757 0.228808
v -0.269350 -0.377420 0.215177
v -0.040175 -0.484910 0.228115
v -0.071213 -0.479835 0.240653
v -0.243864 -0.485728 0.241087
v 0.019018 -0.494423 0.195970
v -0.008376 -0.489985 0.216518
v -0.178762 -0.150690 0.246599
v -0.147083 0.738444 0.131305
v 0.303863 0.842413 0.099723
v 0.407286 0.702129 0.160711
v 0.392753 0.688638 0.138933
v -0.391866 0.879413 0.081682
v 0.300022 0.542378 0.194779
v -0.377728 0.808989 0.125255
v -0.369455 0.786622 0.150996
v 0.132930 0.839339 0.154131
v 0.285502 0.370516 0.217030
v 0.408358 0.532673 0.196695
v 0.409447 0.510816 0.198387
v -0.304860 0.135440 0.254240
v -0.350111 0.097500 0.227087
v -0.394874 0.922315 0.081139
v -0.469968 0.518015 -0.021531
v 0.495283 0.638049 0.171318
v 0.521757 0.613832 0.159323
v 0.114531 0.043001 0.256058
v 0.021958 0.960460 0.135192
v 0.534043 0.612519 0.126238
v 0.409865 0.665263 0.168125
v 0.392629 0.671403 0.141694
v -0.249618 0.204767 0.265616
v 0.128949 0.857047 0.149828
v 0.177858 0.676709 0.217584
v 0.149311 0.653029 0.191847
v 0.335470 0.263849 0.234415
v 0.282307 0.249245 0.251065
v 0.535514 0.633336 0.126231
v 0.358869 0.538780 0.161878
v 0.220074 0.869551 0.184601
v 0.435199 0.699355 0.170128
v -0.142262 0.254906 0.267807
v -0.226055 0.552841 0.175723
v -0.230090 0.573159 0.179062
v 0.225422 0.233421 0.259825
v -0.028763 0.944389 0.173563
v -0.028413 0.963981 0.173720
v -0.363596 0.826986 0.156281
v 0.270020 0.217939 0.250332
v 0.241258 -0.130375 0.174888
v 0.053046 -0.018331 0.258169
v 0.007391 -0.006584 0.265380
v 0.404605 0.118833 0.155391
v 0.396790 0.086671 0.149411
v 0.107657 0.817876 0.043388
v 0.119817 0.917793 0.145201
v 0.172934 0.628230 0.221968
v -0.094902 -0.132154 0.254298
v -0.100199 -0.165632 0.250755
v 0.219457 -0.159514 0.173512
v 0.240586 -0.193994 0.144046
v 0.061208 0.860363 0.090933
v 0.050910 0.859484 0.117553
v -0.109569 -0.193504 0.248919
v -0.189911 0.265095 0.264272
v -0.243583 0.243190 0.260838
v 0.268083 0.825508 0.163591
v 0.262705 0.846501 0.165248
v 0.103272 0.776983 0.087926
v -0.471284 -0.121969 -0.055754
v -0.470618 -0.116724 -0.000305
v -0.027630 -0.175412 0.245609
v 0.043011 -0.185747 0.231127
v 0.010752 0.551972 0.253371
v 0.003592 0.515235 0.260239
v -0.038223 0.003257 0.272614
v -0.082426 0.011320 0.274231
v -0.309104 0.051212 0.245838
v -0.348269 0.053505 0.225221
v -0.141711 -0.191841 0.248571
v -0.176391 -0.185786 0.242182
v -0.179582 -0.219013 0.239274
v -0.078661 0.048480 0.278705
v 0.327448 0.100054 0.211887
v 0.375922 0.248399 0.221280
v 0.368830 0.222279 0.223131
v 0.068590 0.054276 0.267505
v 0.022683 0.064518 0.273663
v 0.013502 0.028770 0.270714
v -0.181885 0.563299 0.129834
v 0.300267 -0.146067 0.111088
v 0.278511 -0.177069 0.106847
v -0.384833 0.918070 0.114212
v -0.385099 0.939266 0.112335
v -0.070343 0.597279 0.244862
v -0.022623 0.590586 0.266538
v 0.441608 0.679650 0.174014
v 0.440231 0.663817 0.175465
v 0.265425 0.552337 0.219962
v 0.274103 0.580017 0.211560
v -0.367236 0.420717 0.054924
v -0.453510 0.644004 -0.075962
v 0.191588 0.847081 0.182699
v 0.197056 0.826365 0.181636
v -0.432683 -0.177849 -0.027207
v 0.318572 0.603214 0.174593
v -0.252081 0.709536 0.191218
v -0.253007 0.732022 0.183744
v -0.513585 0.305727 -0.067048
v -0.370702 0.395095 0.046332
v -0.456504 0.662796 -0.124849
v -0.463323 0.660719 -0.095970
v -0.436489 0.553034 -0.022442
v -0.382894 0.282352 0.004315
v -0.428982 -0.101739 0.128189
v -0.078644 0.525151 0.253181
v -0.080422 0.554943 0.241270
v 0.161671 0.459620 0.255436
v 0.164497 0.487346 0.240463
v 0.031418 1.018805 0.111178
v -0.031031 0.983418 0.168780
v 0.038924 0.980883 0.107659
v -0.153662 1.070813 0.141541
v -0.303935 0.874438 0.182017
v -0.125461 0.672383 0.177210
v -0.142894 0.674425 0.132271
v -0.379446 0.956585 0.126850
v -0.368240 0.950473 0.155987
v 0.179481 0.920342 0.166939
v 0.177971 0.902813 0.178327
v -0.381337 0.353284 -0.066972
v -0.202624 0.688418 0.142167
v 0.068317 0.823253 0.086149
v 0.062482 0.824396 0.112468
v 0.222950 0.647887 0.221738
v 0.217110 0.756220 0.186821
v 0.212035 0.727272 0.200912
v -0.519312 0.508688 -0.064238
v -0.516554 0.539329 -0.062110
v 0.499486 0.655178 0.170409
v 0.217974 0.677234 0.217964
v 0.369980 0.639110 0.087343
v -0.217847 0.710722 0.175184
v -0.207956 0.708016 0.135759
v -0.212970 0.727432 0.132746
v -0.345085 0.934614 0.163355
v -0.354208 0.999043 0.135136
v -0.328171 1.001762 0.142898
v -0.331215 1.006636 0.121207
v -0.334006 0.809934 0.172709
v -0.331726 0.983296 0.173696
v -0.356294 0.980047 0.161695
v -0.334248 0.787541 0.169981
v -0.189282 0.540492 0.161899
v 0.214146 0.503002 0.250484
v 0.250442 0.492073 0.226268
v 0.239168 0.457976 0.230336
v 0.284536 0.342211 0.227152
v 0.134659 -0.296532 0.150297
v -0.370543 0.991033 0.110868
v -0.367499 0.986159 0.132559
v 0.520498 0.769967 0.167745
v 0.535169 0.771982 0.137715
v -0.267330 -0.487690 0.227241
v -0.291521 -0.482244 0.215123
v -0.261996 -0.341150 0.212182
v -0.230977 -0.317558 0.224971
v -0.205644 -0.351529 0.232809
v 0.137530 0.935213 0.167270
v -0.409576 0.349118 -0.022178
v 0.372420 0.675876 0.116422
v 0.102526 0.799553 0.080296
v 0.497912 0.754993 0.170714
v -0.450001 0.606923 -0.031323
v -0.484339 0.669073 -0.097584
v 0.010420 0.940854 0.158400
v 0.315937 0.204583 0.238571
v -0.453661 -0.149147 0.005676
v -0.246663 0.689810 0.194049
v 0.363858 0.639191 0.121954
v -0.331122 0.996822 0.168116
v 0.164379 -0.299852 0.123763
v -0.060604 -0.297857 0.240618
v -0.069402 -0.332212 0.241626
v -0.035324 -0.337491 0.237358
v -0.102596 -0.327009 0.245045
v -0.086618 -0.404062 0.242805
v -0.119131 -0.398750 0.247023
v -0.021626 -0.414339 0.227788
v -0.053425 -0.409264 0.239386
v -0.048660 -0.518063 0.228364
v 0.009772 -0.527575 0.195278
v 0.092165 -0.063610 0.241103
v 0.119661 -0.102010 0.228445
v 0.335501 -0.013142 0.178805
v 0.291876 -0.001414 0.199360
v -0.445201 0.157880 0.090954
v -0.308129 1.004414 0.154187
v 0.061047 0.673123 0.208514
v 0.074289 0.663950 0.168113
v 0.069902 0.700789 0.163318
v -0.221819 0.810536 0.144866
v -0.434633 0.318693 -0.014414
v 0.391841 0.300466 0.209963
v 0.385094 0.277936 0.214632
v 0.180192 -0.083226 0.214704
v 0.158391 -0.112365 0.213329
v 0.200650 -0.123908 0.198632
v 0.437574 0.509910 0.201835
v -0.318142 0.352505 0.204294
v -0.316829 0.376883 0.197216
v 0.028827 0.979258 0.128125
v 0.007972 0.980869 0.154598
v 0.385281 0.052692 0.144975
v 0.373831 0.018310 0.138978
v 0.296521 0.905858 0.055664
v -0.219671 -0.108645 0.246673
v -0.255055 -0.138967 0.230545
v 0.290683 0.278971 0.244922
v 0.458674 0.823210 0.143098
v -0.090530 1.080138 0.177550
v -0.345118 0.482208 0.164046
v -0.227554 0.396559 0.218155
v -0.226378 0.366211 0.230670
v -0.401250 -0.164615 0.127415
v 0.441599 0.774823 0.174958
v 0.464104 0.779265 0.183810
v 0.521248 0.531611 0.134740
v 0.506794 0.533127 0.171087
v -0.414580 -0.027043 0.162205
v -0.425104 0.013943 0.159020
v -0.024463 0.305779 0.276407
v -0.033908 0.270570 0.274136
v 0.279002 0.941149 0.088948
v 0.246928 0.296335 0.252992
v 0.185664 -0.216607 0.163745
v -0.225099 0.832112 0.146888
v 0.199978 -0.187527 0.167791
v 0.164535 -0.182127 0.193211
v 0.545256 0.611652 0.093951
v -0.533535 0.409450 -0.129630
v -0.378810 0.649238 0.161077
v 0.259032 -0.205082 0.101125
v 0.235154 -0.232150 0.097880
v -0.432885 -0.173712 0.019671
v -0.412887 -0.200429 0.024534
v -0.035870 -0.206262 0.243307
v -0.001727 -0.209037 0.238731
v 0.225325 0.089355 0.239710
v 0.101055 -0.230051 0.200944
v 0.136410 -0.239001 0.184915
v -0.349171 0.012716 0.219305
v -0.163327 1.036384 0.136766
v -0.216404 -0.177885 0.237312
v -0.250028 -0.171208 0.224866
v -0.228789 0.873254 0.145829
v -0.246044 0.870418 0.174780
v -0.276672 0.399281 0.213941
v -0.323211 0.303141 0.216818
v 0.186595 -0.047990 0.221809
v -0.162339 0.994442 0.143262
v -0.282301 0.662823 0.213531
v -0.270833 0.790147 0.175864
v -0.270348 0.812702 0.180572
v -0.150274 1.030905 0.155060
v -0.282039 0.711172 0.202556
v 0.065776 0.733315 0.153306
v 0.212944 0.906121 0.171486
v 0.548262 0.653664 0.096322
v 0.491028 0.451083 0.179677
v 0.511195 0.468880 0.145606
v -0.474339 0.666205 -0.106962
v -0.468801 0.405179 -0.019695
v -0.461552 0.380730 -0.019525
v 0.119841 0.473487 0.241321
v 0.007682 1.017961 0.151748
v 0.020984 1.017282 0.131652
v -0.272089 0.874030 0.178660
v -0.276274 0.892836 0.173278
v -0.248810 0.913020 0.172719
v -0.230658 0.916436 0.151114
v 0.441721 0.819172 0.136458
v 0.441558 0.820390 0.158527
v -0.397854 0.652751 0.121468
v 0.017228 0.703616 0.221390
v 0.011286 0.740214 0.208941
v -0.153015 0.871464 0.136192
v 0.064648 0.805596 0.114643
v 0.500386 0.491778 0.179414
v 0.020864 0.808934 0.161533
v -0.519069 0.386317 -0.055708
v -0.522573 0.414250 -0.054144
v -0.510750 0.363066 -0.042410
v -0.490787 0.290094 -0.035588
v -0.494377 0.316731 -0.034494
v -0.332550 0.346731 -0.211808
v -0.148836 0.833311 0.135944
v -0.139847 0.835061 0.098897
v 0.524167 0.552262 0.131381
v 0.515858 0.574030 0.163129
v 0.482088 0.559795 0.178697
v 0.486339 0.579057 0.176277
v -0.519145 0.527334 -0.229316
v -0.299849 0.543333 0.181386
v -0.336855 0.969173 0.178566
v -0.175967 0.530426 0.135763
v -0.176968 0.548589 0.129525
v -0.167086 0.550411 0.098630
v 0.171966 0.514628 0.237629
v 0.360241 0.055322 0.188911
v 0.304002 0.032698 0.203617
v -0.340105 0.522138 0.168259
v -0.428572 0.301839 -0.007514
v -0.407958 0.235614 0.042864
v -0.406249 0.239994 0.071622
v 0.300125 0.310711 0.236945
v 0.328810 0.324279 0.218514
v -0.119740 -0.258817 0.245350
v -0.087598 -0.260480 0.245699
v -0.394142 -0.226522 -0.005245
v -0.395359 -0.224367 0.031918
v 0.022716 1.050509 0.117945
v 0.115197 0.999896 0.112001
v 0.490247 0.773148 0.179280
v 0.442575 0.808354 0.168629
v 0.412784 0.805693 0.138096
v 0.425220 0.814728 0.135188
v 0.002706 -0.533081 0.189455
v -0.023088 -0.528940 0.208588
v -0.239692 -0.490592 0.234432
v -0.212010 -0.496246 0.240930
v -0.363564 -0.468413 0.140449
v -0.077315 -0.366644 0.241786
v -0.142650 -0.356182 0.242758
v 0.090131 -0.496285 0.118361
v -0.242219 0.829378 0.176599
v 0.361684 0.313254 0.220463
v 0.150068 1.014659 0.097266
v 0.079260 0.722786 0.117884
v 0.257839 0.356513 0.234908
v -0.318812 0.328809 0.213705
v -0.278153 0.344319 0.228015
v 0.025289 1.001254 0.126861
v 0.469287 0.479758 0.192753
v -0.388761 0.058647 0.199605
v -0.383083 -0.023913 0.192987
v -0.529954 0.381672 -0.131196
v -0.045240 -0.234134 0.241471
v 0.090518 -0.259611 0.198001
v -0.024185 1.002351 0.161344
v -0.227079 0.897029 0.141018
v -0.477519 0.671150 -0.126463
v -0.404136 0.524821 -0.065648
v -0.357438 0.535103 0.137751
v 0.420071 0.803912 0.159776
vn -0.4800 -0.0115 -0.8772
vn -0.7925 0.0486 0.6080
vn -0.7926 0.0542 0.6073
vn -0.7931 0.0544 0.6067
vn -0.4150 0.0533 0.9082
vn -0.4150 0.0533 0.9083
vn 0.7585 -0.4436 -0.4774
vn 0.0613 0.0595 -0.9963
vn -0.9485 0.0518 0.3127
vn -0.9501 0.0524 0.3075
vn -0.9440 0.0433 0.3270
vn 0.5236 -0.1574 0.8373
vn 0.3130 -0.0544 0.9482
vn 0.3159 -0.0508 0.9474
vn 0.3148 -0.0535 0.9476
vn -0.6006 0.0556 0.7976
vn -0.6008 0.0580 0.7973
vn -0.6013 0.0587 0.7969
vn 0.3502 -0.3714 -0.8599
vn 0.1238 -0.0026 0.9923
vn -0.9982 0.0121 -0.0590
vn -0.9981 0.0178 -0.0597
vn -0.9981 0.0162 -0.0592
vn -0.2471 0.0399 0.9682
vn -0.2438 0.0440 0.9688
vn -0.2516 0.0355 0.9672
vn 0.7116 -0.3037 0.6335
vn -0.0526 0.0167 0.9985
vn 0.1567 -0.1487 -0.9764
vn 0.1025 0.0071 -0.9947
vn -0.1657 0.0731 -0.9835
vn -0.7357 0.0463 -0.6757
vn -0.7339 0.0436 -0.6779
vn -0.7401 0.0565 -0.6702
vn 0.7887 -0.2221 0.5733
vn 0.7910 -0.2017 0.5776
vn 0.7917 -0.2234 0.5686
vn 0.5931 -0.1511 -0.7908
vn 0.1885 0.0932 -0.9776
vn -0.2690 0.1294 -0.9544
vn -0.2690 0.1295 -0.9544
vn -0.7677 0.1442 -0.6244
vn 0.7724 -0.2774 -0.5713
vn 0.7802 -0.2723 -0.5632
vn 0.7721 -0.2785 -0.5712
vn -0.9876 0.1520 -0.0395
vn -0.9876 0.1517 -0.0395
vn -0.9876 0.1518 -0.0395
vn 0.9284 -0.2690 0.2565
vn 0.5556 -0.1786 0.8120
vn 0.5665 -0.1443 0.8113
vn 0.5638 -0.1661 0.8090
vn -0.9393 0.1704 0.2978
vn -0.6086 0.1871 0.7711
vn 0.1267 -0.0152 0.9918
vn 0.1355 0.0125 0.9907
vn 0.1348 -0.0037 0.9909
vn -0.2083 0.1371 0.9684
vn 0.3885 -0.0003 -0.9215
vn 0.3270 -0.0952 0.9402
vn 0.3361 -0.0618 0.9398
vn 0.3343 -0.0839 0.9387
vn -0.0402 0.0776 0.9962
vn 0.9087 -0.3148 -0.2741
vn -0.4051 0.1662 0.8991
vn -0.4021 0.1640 0.9008
vn -0.4105 0.1749 0.8949
vn -0.8020 0.1886 0.5668
vn -0.5005 0.1653 -0.8498
vn -0.4998 0.1683 -0.8497
vn -0.0221 0.0956 -0.9952
vn -0.0744 0.1819 -0.9805
vn -0.5410 0.2445 -0.8047
vn -0.9449 0.0918 -0.3142
vn -0.8294 0.2199 0.5136
vn -0.4205 0.1645 0.8922
vn -0.4151 0.1605 0.8955
vn -0.4195 0.1636 0.8929
vn 0.9440 -0.2215 -0.2445
vn -0.0249 0.0545 0.9982
vn 0.3611 -0.0855 0.9286
vn 0.4513 0.0995 -0.8868
vn -0.2399 0.1065 0.9649
vn 0.1395 -0.0150 0.9901
vn -0.5849 0.1895 0.7887
vn -0.9311 0.1653 0.3253
vn 0.5722 -0.1763 0.8009
vn 0.9266 -0.2609 0.2709
vn -0.9852 0.1534 -0.0770
vn 0.8322 -0.1365 -0.5374
vn -0.7929 0.2349 -0.5623
vn -0.3057 0.1905 -0.9329
vn 0.2011 0.1722 -0.9643
vn 0.2010 0.1722 -0.9643
vn 0.2009 0.1721 -0.9644
vn 0.6664 -0.0187 -0.7454
vn 0.7759 -0.2528 0.5780
vn -0.9194 0.1483 -0.3644
vn -0.9166 0.1668 -0.3635
vn -0.9169 0.1641 -0.3638
vn 0.9484 -0.3131 -0.0494
vn 0.9051 -0.3718 0.2061
vn -0.8659 0.0842 -0.4931
vn 0.2860 0.9580 0.0183
vn 0.0573 -0.2147 -0.9750
vn -0.4278 0.7666 0.4789
vn -0.2668 -0.3424 -0.9009
vn 0.4868 0.6881 0.5381
vn 0.4869 0.6882 0.5379
vn 0.4868 0.6883 0.5378
vn 0.6418 0.7377 0.2095
vn 0.0088 0.0251 0.9996
vn 0.0250 0.0242 0.9994
vn 0.0241 -0.0077 0.9997
vn -0.3649 -0.0295 0.9306
vn -0.3661 -0.0378 0.9298
vn -0.3657 -0.0285 0.9303
vn -0.1422 -0.1194 0.9826
vn -0.1423 -0.1194 0.9826
vn -0.1424 -0.1192 0.9826
vn 0.0822 0.5296 -0.8443
vn -0.9589 -0.0850 -0.2709
vn -0.9582 -0.0894 -0.2717
vn -0.9612 -0.0672 -0.2675
vn 0.1598 -0.4530 -0.8771
vn 0.0718 0.1083 0.9915
vn 0.0708 0.1394 0.9877
vn 0.0722 0.1092 0.9914
vn 0.5778 0.1307 0.8057
vn 0.5727 0.1175 0.8113
vn 0.5735 0.1247 0.8096
vn 0.3170 0.0730 0.9456
vn 0.3085 0.0643 0.9491
vn 0.3136 0.0739 0.9467
vn 0.9118 0.3735 0.1708
vn 0.9101 0.3757 0.1749
vn 0.9103 0.3759 0.1733
vn 0.2176 -0.1615 0.9626
vn 0.6806 0.4468 0.5807
vn 0.6806 0.4467 0.5807
vn -0.9581 0.0568 -0.2808
vn -0.9580 0.0555 -0.2812
vn -0.9583 0.0629 -0.2788
vn -0.9677 -0.1731 -0.1833
vn -0.1999 0.1412 -0.9696
vn 0.2382 -0.0823 -0.9677
vn -0.9382 0.2451 -0.2445
vn -0.9381 0.2453 -0.2444
vn -0.9378 0.2475 -0.2436
vn -0.5085 -0.4590 -0.7285
vn 0.8821 -0.0666 -0.4663
vn -0.8276 -0.0597 0.5581
vn -0.8192 -0.0241 0.5730
vn -0.8211 -0.0513 0.5684
vn 0.3478 -0.2765 0.8959
vn 0.3474 -0.2776 0.8957
vn 0.3476 -0.2772 0.8958
vn -0.0711 0.2995 -0.9514
vn -0.5930 -0.3681 -0.7161
vn 0.0918 0.4848 -0.8698
vn 0.8185 0.4924 -0.2960
vn 0.0850 -0.1577 -0.9838
vn 0.1303 0.0956 -0.9869
vn 0.1091 -0.0329 -0.9935
vn 0.0752 0.4804 -0.8738
vn 0.6079 0.1420 -0.7812
vn -0.2858 0.1893 -0.9394
vn -0.9908 0.1197 -0.0638
vn -0.9904 0.1228 -0.0634
vn -0.9896 0.1306 -0.0602
vn 0.7819 0.1900 0.5937
vn 0.7828 0.1913 0.5922
vn 0.7828 0.1897 0.5926
vn -0.1535 -0.1269 -0.9800
vn 0.4522 0.7208 -0.5252
vn 0.7563 -0.4800 0.4445
vn 0.3880 0.1601 -0.9076
vn 0.9632 0.2641 -0.0503
vn 0.9588 0.2784 -0.0555
vn 0.9709 0.2361 -0.0400
vn 0.5844 -0.7169 -0.3802
vn 0.5845 -0.7171 -0.3797
vn 0.5849 -0.7165 -0.3800
vn -0.8697 0.3533 0.3447
vn -0.8781 0.3159 0.3594
vn -0.8814 0.3233 0.3443
vn -0.7666 -0.0328 0.6412
vn -0.0308 -0.0381 0.9988
vn -0.0137 -0.0540 0.9984
vn -0.0233 -0.0433 0.9988
vn -0.9779 -0.2037 -0.0464
vn -0.9780 -0.2040 -0.0440
vn -0.9768 -0.2099 -0.0432
vn 0.1331 0.9696 0.2055
vn -0.9375 -0.0940 -0.3350
vn -0.9375 -0.0949 -0.3348
vn -0.9374 -0.0979 -0.3343
vn 0.9485 0.1563 0.2754
vn 0.9455 0.1519 0.2879
vn 0.9474 0.1556 0.2797
vn 0.9667 -0.2074 0.1501
vn 0.9672 -0.2042 0.1512
vn 0.9680 -0.1988 0.1530
vn -0.3609 -0.0664 -0.9302
vn 0.1454 -0.0255 0.9890
vn 0.1453 -0.0230 0.9891
vn 0.1453 -0.0233 0.9891
vn 0.0916 -0.0973 0.9910
vn 0.8921 -0.2755 -0.3581
vn 0.8921 -0.2753 -0.3582
vn 0.8919 -0.2764 -0.3579
vn 0.8142 -0.3098 -0.4910
vn 0.8967 0.0803 0.4353
vn 0.8988 -0.0036 0.4384
vn 0.8949 0.0320 0.4452
vn -0.6843 -0.1566 0.7122
vn -0.6794 -0.1545 0.7173
vn -0.6808 -0.1618 0.7144
vn 0.7725 0.3548 -0.5267
vn -0.0537 -0.0795 0.9954
vn -0.0536 -0.0784 0.9955
vn -0.0535 -0.0789 0.9954
vn -0.9969 -0.0757 0.0232
vn -0.9963 -0.0854 0.0098
vn -0.9962 -0.0861 0.0126
vn 0.1574 0.2846 0.9456
vn 0.2107 0.0565 0.9759
vn 0.1694 0.2362 0.9568
vn 0.2601 0.8947 -0.3631
vn 0.8885 0.1608 0.4298
vn 0.8872 0.1375 0.4404
vn 0.8765 0.1723 0.4495
vn 0.3719 0.0774 0.9251
vn 0.3631 0.0753 0.9287
vn 0.3670 0.0924 0.9256
vn 0.0823 0.7117 -0.6976
vn -0.8859 -0.0040 -0.4639
vn -0.8848 -0.0097 -0.4658
vn -0.8904 0.0222 -0.4547
vn 0.2606 -0.2375 0.9358
vn 0.2602 -0.2388 0.9356
vn 0.6385 0.6402 0.4272
vn 0.9732 -0.0903 -0.2115
vn 0.6818 0.6279 0.3752
vn 0.7117 0.2175 -0.6679
vn 0.7117 0.2164 -0.6683
vn 0.7118 0.2116 -0.6698
vn 0.4449 -0.0603 -0.8936
vn -0.8178 -0.2482 0.5193
vn -0.8075 -0.2579 0.5304
vn -0.8170 -0.2618 0.5138
vn -0.1844 0.8837 -0.4303
vn -0.9130 0.1251 0.3883
vn -0.9101 0.1295 0.3936
vn -0.9127 0.1185 0.3910
vn 0.0555 0.2693 -0.9615
vn -0.9161 0.0411 0.3988
vn -0.9171 0.0325 0.3973
vn -0.9168 0.0357 0.3978
vn -0.9694 0.1637 -0.1828
vn -0.9759 0.0862 -0.2005
vn -0.9698 0.1401 -0.1995
vn 0.9976 -0.0679 -0.0106
vn 0.9975 -0.0710 -0.0051
vn 0.9978 -0.0646 -0.0164
vn -0.9999 0.0150 0.0006
vn -1.0000 -0.0013 0.0024
vn -0.9999 0.0098 0.0033
vn 0.0430 0.2822 -0.9584
vn -0.7657 -0.1499 0.6255
vn -0.7615 -0.1522 0.6301
vn -0.7636 -0.1518 0.6276
vn 0.8895 -0.1743 -0.4224
vn 0.8901 -0.1918 -0.4134
vn 0.8913 -0.1822 -0.4152
vn -0.9792 0.1988 -0.0402
vn -0.9804 0.1942 -0.0342
vn -0.9800 0.1955 -0.0363
vn 0.8399 0.0106 -0.5426
vn 0.6578 -0.0875 -0.7481
vn -0.2537 -0.0283 0.9669
vn -0.2638 -0.0343 0.9640
vn -0.2534 -0.0318 0.9669
vn 0.9036 0.0967 -0.4173
vn 0.3045 -0.0503 0.9512
vn 0.3095 -0.0404 0.9500
vn 0.3074 -0.0479 0.9504
vn 0.2862 -0.1926 0.9386
vn 0.2789 -0.1871 0.9419
vn 0.2818 -0.1899 0.9405
vn -0.9479 0.2945 -0.1219
vn -0.9474 0.2949 -0.1243
vn -0.9470 0.2970 -0.1225
vn 0.9264 0.0136 0.3764
vn 0.9097 -0.2137 0.3560
vn 0.9277 -0.0471 0.3703
vn -0.9742 -0.0927 -0.2060
vn -0.9744 -0.0915 -0.2055
vn -0.9760 -0.0819 -0.2017
vn 0.4290 0.8846 -0.1830
vn 0.4287 0.8847 -0.1829
vn 0.4311 0.8835 -0.1833
vn 0.5355 -0.0646 -0.8420
vn -0.6934 0.3209 0.6452
vn -0.7186 0.3450 0.6038
vn -0.7086 0.3593 0.6073
vn -0.1167 0.0709 0.9906
vn -0.1184 0.0715 0.9904
vn -0.1171 0.0718 0.9905
vn -0.1965 -0.1198 -0.9732
vn 0.0010 0.0241 0.9997
vn 0.0071 0.0172 0.9998
vn 0.0037 0.0211 0.9998
vn -0.8577 0.3600 -0.3671
vn -0.9236 0.3491 -0.1582
vn -0.5024 -0.0063 0.8646
vn -0.5104 -0.0140 0.8598
vn -0.5035 -0.0113 0.8639
vn -0.2847 0.4811 -0.8292
vn 0.3549 0.8679 0.3476
vn 0.3528 0.8675 0.3506
vn 0.3538 0.8681 0.3482
vn -0.0688 0.8378 -0.5417
vn -0.9020 -0.0493 -0.4290
vn -0.0474 -0.1557 0.9867
vn -0.2127 0.0436 0.9761
vn -0.1716 0.1349 0.9759
vn -0.1941 0.0766 0.9780
vn 0.6560 -0.6809 0.3257
vn -0.2781 0.4034 0.8718
vn -0.2780 0.4023 0.8723
vn -0.2780 0.4025 0.8722
vn 0.1633 0.4667 0.8692
vn 0.1411 0.4662 0.8733
vn 0.1375 0.4765 0.8683
vn -0.0613 0.0941 0.9937
vn -0.0645 0.0528 0.9965
vn -0.0673 0.0688 0.9954
vn -0.4354 0.3216 0.8408
vn -0.4515 0.2792 0.8475
vn -0.4372 0.2564 0.8620
vn 0.9637 0.1626 -0.2119
vn 0.9628 0.1663 -0.2127
vn 0.9660 0.1515 -0.2095
vn -0.3540 0.4011 0.8449
vn -0.3262 0.3981 0.8574
vn -0.3311 0.4000 0.8547
vn -0.4239 -0.3111 -0.8506
vn -0.2588 0.0730 -0.9632
vn -0.0266 -0.0060 0.9996
vn -0.0258 -0.0048 0.9997
vn -0.0260 -0.0064 0.9996
vn 0.4843 0.7391 -0.4682
vn -0.8760 -0.1488 -0.4588
vn -0.8759 -0.1444 -0.4604
vn -0.8756 -0.1296 -0.4654
vn 0.8510 -0.0673 0.5209
vn 0.8484 -0.0711 0.5245
vn 0.8502 -0.0663 0.5222
vn -0.9697 0.1694 -0.1762
vn -0.9717 0.1575 -0.1761
vn -0.9695 0.1708 -0.1756
vn 0.9192 0.0923 -0.3829
vn 0.9191 0.0929 -0.3830
vn 0.9197 0.0889 -0.3824
vn 0.2465 0.4435 -0.8617
vn 0.4236 0.0318 0.9053
vn 0.4314 0.0296 0.9017
vn 0.4263 0.0268 0.9042
vn -0.8521 -0.1819 0.4907
vn -0.8600 -0.1643 0.4831
vn -0.8514 -0.1687 0.4966
vn 0.2056 -0.1680 0.9641
vn 0.2023 -0.1657 0.9652
vn 0.2047 -0.1779 0.9625
vn 0.0967 -0.1691 -0.9809
vn 0.3547 0.0698 0.9324
vn 0.3580 0.0670 0.9313
vn 0.3569 0.0669 0.9318
vn 0.7891 -0.0585 0.6115
vn 0.7856 -0.0548 0.6163
vn 0.7866 -0.0524 0.6152
vn -0.1176 -0.2512 -0.9608
vn -0.1421 -0.1935 -0.9708
vn -0.1595 -0.1515 -0.9755
vn 0.3272 -0.0914 -0.9405
vn 0.1232 0.2354 -0.9641
vn 0.7236 -0.5413 -0.4283
vn -0.9467 0.0783 -0.3124
vn -0.4115 0.9003 -0.1421
vn -0.4116 0.9003 -0.1418
vn -0.4115 0.9003 -0.1420
vn -0.9353 0.1385 0.3257
vn -0.0643 0.7216 -0.6894
vn -0.2419 -0.3106 -0.9192
vn -0.0478 0.8097 -0.5849
vn 0.7932 0.1356 -0.5937
vn 0.8246 0.2204 -0.5211
vn 0.8102 0.1942 -0.5530
vn 0.9308 -0.1245 0.3436
vn 0.9319 -0.0970 0.3496
vn 0.9337 -0.1203 0.3374
vn -0.2065 0.1825 -0.9613
vn 0.6786 0.1381 -0.7214
vn -0.5875 0.3589 -0.7253
vn 0.2888 -0.3161 -0.9037
vn -0.8070 0.1697 0.5657
vn -0.7666 0.2881 0.5739
vn -0.7826 0.2375 0.5755
vn -0.2032 0.1565 0.9665
vn -0.2160 0.1263 0.9682
vn -0.2138 0.1294 0.9683
vn 0.8124 -0.3386 0.4747
vn 0.8135 -0.3445 0.4686
vn 0.8120 -0.3483 0.4683
vn 0.8101 0.2953 -0.5066
vn -0.9602 0.2790 -0.0139
vn -0.9587 0.2841 -0.0127
vn -0.9756 0.2179 -0.0280
vn 0.9833 0.1240 -0.1329
vn -0.3053 -0.1456 0.9411
vn -0.3055 -0.1447 0.9411
vn -0.3052 -0.1450 0.9412
vn 0.3338 -0.1300 -0.9336
vn 0.0599 0.0371 -0.9975
vn -0.0907 -0.0674 0.9936
vn -0.0920 -0.0823 0.9923
vn -0.0946 -0.0732 0.9928
vn -0.9167 -0.0615 -0.3947
vn -0.9166 -0.0595 -0.3953
vn -0.9144 -0.0444 -0.4023
vn -0.0903 0.0762 -0.9930
vn -0.1420 0.0944 -0.9854
vn -0.1295 0.0883 -0.9876
vn -0.8057 -0.0923 0.5852
vn -0.8056 -0.0994 0.5840
vn -0.8063 -0.0917 0.5844
vn 0.0874 0.4298 -0.8987
vn -0.6812 0.0413 0.7309
vn -0.6935 0.0467 0.7190
vn -0.6802 0.0294 0.7324
vn 0.3613 0.0927 0.9278
vn 0.3550 0.1008 0.9294
vn 0.3604 0.0963 0.9278
vn 0.0637 -0.0334 -0.9974
vn -0.2889 -0.3277 -0.8995
vn 0.6717 0.2896 0.6818
vn 0.6656 0.3623 0.6525
vn 0.6682 0.2836 0.6878
vn 0.3290 0.0988 0.9391
vn 0.2681 0.1254 0.9552
vn 0.3058 0.1160 0.9450
vn 0.9385 -0.0165 0.3450
vn 0.9331 -0.0006 0.3597
vn 0.9362 -0.0081 0.3513
vn 0.3463 0.6008 0.7205
vn 0.3888 0.5608 0.7310
vn 0.3811 0.5640 0.7325
vn -0.7794 0.2461 0.5762
vn -0.7822 0.2398 0.5751
vn -0.7810 0.2454 0.5743
vn -0.6014 -0.3341 -0.7257
vn -0.0126 0.2361 -0.9716
vn -0.0119 0.2409 -0.9705
vn -0.0148 0.2328 -0.9724
vn 0.2294 0.9720 -0.0519
vn -0.0926 0.0477 0.9946
vn -0.0615 0.0175 0.9980
vn -0.0849 0.0070 0.9964
vn 0.3835 0.4796 -0.7892
vn 0.6758 0.2175 -0.7043
vn 0.4633 0.3025 0.8330
vn 0.4674 0.3053 0.8297
vn 0.4623 0.2942 0.8365
vn 0.2366 -0.2027 0.9502
vn 0.2377 -0.1984 0.9509
vn 0.8899 0.0852 -0.4482
vn -0.9481 0.0622 -0.3117
vn -0.9494 0.0524 -0.3097
vn -0.9470 0.0512 -0.3171
vn 0.5469 0.3079 0.7785
vn 0.5456 0.3114 0.7781
vn 0.5453 0.3133 0.7775
vn 0.0190 0.0471 0.9987
vn 0.7201 -0.0065 -0.6938
vn 0.4437 -0.2533 -0.8596
vn -0.2989 0.2862 0.9103
vn -0.3325 0.1596 0.9295
vn -0.3218 0.2346 0.9173
vn 0.6444 0.7644 0.0208
vn -0.3021 0.1537 0.9408
vn -0.3131 0.1073 0.9436
vn -0.3114 0.1262 0.9418
vn -0.9645 0.0113 -0.2639
vn -0.7954 0.1094 0.5961
vn -0.7965 0.0700 0.6005
vn -0.8013 0.0884 0.5917
vn -0.0868 0.1216 -0.9888
vn 0.8026 -0.3974 0.4448
vn 0.8000 -0.4008 0.4465
vn 0.8019 -0.3977 0.4459
vn -0.3953 0.1055 0.9125
vn -0.3821 0.0785 0.9208
vn -0.3828 0.1072 0.9176
vn 0.1972 0.2859 -0.9377
vn -0.3036 0.1196 -0.9453
vn -0.0933 0.1551 0.9835
vn -0.0618 0.2399 0.9688
vn -0.0785 0.2053 0.9755
vn -0.7373 0.3087 0.6009
vn -0.7147 0.3468 0.6074
vn -0.7318 0.3053 0.6093
vn 0.8506 -0.2586 0.4577
vn 0.8519 -0.2596 0.4548
vn 0.8500 -0.2619 0.4571
vn -0.1554 0.9861 0.0586
vn -0.3228 0.8491 0.4181
vn -0.2224 0.2253 0.9486
vn -0.1814 0.3426 0.9218
vn -0.2001 0.2791 0.9392
vn 0.4010 -0.0704 0.9134
vn 0.4074 -0.0698 0.9106
vn 0.4038 -0.0739 0.9119
vn -0.8205 -0.4249 0.3825
vn -0.8117 -0.4388 0.3855
vn -0.8109 -0.4399 0.3858
vn 0.2903 0.4040 -0.8675
vn 0.1226 0.0369 -0.9918
vn 0.1341 0.0158 -0.9908
vn 0.1360 0.0105 -0.9907
vn -0.8897 -0.0860 -0.4484
vn -0.8884 -0.0696 -0.4537
vn -0.8900 -0.0810 -0.4488
vn -0.3414 -0.1265 0.9314
vn -0.2365 0.0357 -0.9710
vn 0.1628 -0.1002 0.9816
vn 0.1648 -0.0964 0.9816
vn 0.1635 -0.0975 0.9817
vn 0.7958 -0.3084 0.5211
vn 0.7967 -0.3058 0.5214
vn 0.7964 -0.3067 0.5213
vn 0.3844 0.0237 0.9229
vn 0.3794 -0.0070 0.9252
vn 0.3804 0.0095 0.9248
vn -0.9267 0.0626 0.3706
vn -0.9227 0.0801 0.3772
vn -0.9247 0.0692 0.3745
vn -0.8713 -0.2134 -0.4419
vn -0.8713 -0.2132 -0.4420
vn -0.8714 -0.2121 -0.4423
vn 0.1744 -0.0983 0.9798
vn 0.1810 -0.0953 0.9789
vn 0.1766 -0.0997 0.9792
vn 0.0243 -0.1246 -0.9919
vn -0.9272 -0.0941 0.3625
vn -0.9298 -0.0939 0.3558
vn -0.9271 -0.0788 0.3665
vn 0.9189 -0.2840 -0.2737
vn 0.9191 -0.2833 -0.2739
vn 0.9176 -0.2895 -0.2724
vn -0.8326 -0.2892 -0.4724
vn -0.1628 0.1981 0.9666
vn -0.3266 0.9160 0.2329
vn -0.1473 0.6720 -0.7258
vn 0.2182 -0.3154 -0.9235
vn 0.3934 -0.3821 0.8362
vn 0.1114 -0.1601 0.9808
vn 0.1209 -0.1667 0.9786
vn 0.1129 -0.1618 0.9803
vn -0.0384 -0.5075 -0.8608
vn 0.6141 0.0694 -0.7862
vn 0.8290 -0.2883 0.4792
vn 0.8276 -0.2900 0.4806
vn 0.8286 -0.2883 0.4799
vn -0.4218 0.5212 -0.7419
vn -0.4194 0.5253 -0.7404
vn -0.4050 0.5490 -0.7311
vn -0.9420 0.1530 -0.2988
vn 0.0764 0.3904 -0.9175
vn 0.8849 0.2356 -0.4018
vn 0.9364 -0.0784 0.3421
vn 0.9290 -0.1098 0.3533
vn 0.9179 -0.1327 0.3739
vn 0.2017 0.6499 -0.7328
vn 0.2007 0.6520 -0.7312
vn 0.1754 0.6944 -0.6978
vn -0.7559 0.0325 0.6539
vn -0.2412 -0.0401 0.9697
vn -0.2455 -0.0476 0.9682
vn -0.2373 -0.0609 0.9695
vn 0.5582 0.0356 0.8289
vn -0.6834 0.1449 0.7156
vn -0.6952 0.1791 0.6962
vn -0.6941 0.1634 0.7011
vn -0.7014 -0.1346 0.6999
vn -0.7044 -0.1288 0.6981
vn -0.7075 -0.1222 0.6961
vn -0.1117 0.0041 0.9937
vn -0.1134 -0.0265 0.9932
vn -0.1212 0.0016 0.9926
vn 0.9392 0.3064 0.1551
vn 0.2894 0.1474 0.9458
vn 0.2782 0.1385 0.9505
vn 0.2851 0.1478 0.9470
vn 0.2068 -0.1830 0.9611
vn 0.2071 -0.1802 0.9616
vn 0.2123 -0.1867 0.9592
vn -0.9509 -0.0688 -0.3018
vn -0.9446 -0.0926 -0.3148
vn -0.9383 -0.1202 -0.3242
vn -0.0146 -0.0163 0.9998
vn -0.0075 -0.0215 0.9997
vn -0.0173 -0.0129 0.9998
vn -0.1685 0.4248 -0.8895
vn -0.1869 -0.2871 -0.9395
vn -0.8748 0.4646 -0.1373
vn 0.3554 -0.0387 0.9339
vn 0.3429 -0.0468 0.9382
vn 0.3516 -0.0378 0.9354
vn 0.6617 0.6722 -0.3322
vn 0.5467 0.2781 -0.7898
vn 0.0002 -0.1071 0.9942
vn 0.0087 -0.1132 0.9935
vn -0.0021 -0.1035 0.9946
vn -0.9521 0.3012 -0.0528
vn -0.9522 0.3009 -0.0523
vn -0.9529 0.2991 -0.0498
vn 0.2605 -0.2249 0.9389
vn 0.2632 -0.2279 0.9375
vn 0.2618 -0.2288 0.9376
vn -0.0802 0.1448 0.9862
vn -0.0770 0.1447 0.9865
vn -0.0793 0.1425 0.9866
vn 0.4537 -0.4987 0.7385
vn -0.3037 0.0517 0.9514
vn -0.2959 0.0838 0.9515
vn -0.2957 0.0778 0.9521
vn 0.8877 0.0682 0.4553
vn 0.8859 0.0870 0.4557
vn 0.8904 0.0726 0.4493
vn 0.3986 -0.3674 0.8403
vn 0.3994 -0.4418 0.8033
vn -0.3237 -0.1819 -0.9285
vn 0.8702 -0.1967 0.4518
vn 0.8620 -0.2141 0.4594
vn 0.8669 -0.2015 0.4560
vn 0.9232 0.1303 0.3614
vn 0.9191 0.1652 0.3577
vn 0.9220 0.1496 0.3572
vn 0.0952 -0.3155 -0.9442
vn -0.9556 0.1052 -0.2751
vn -0.9557 0.1049 -0.2751
vn -0.9548 0.1118 -0.2753
vn 0.2869 -0.2691 0.9194
vn 0.3336 0.4578 -0.8241
vn -0.3311 0.9115 -0.2439
vn 0.8879 -0.1321 -0.4406
vn 0.8922 -0.0901 -0.4425
vn 0.8897 -0.1203 -0.4404
vn -0.9864 -0.1492 -0.0696
vn -0.9893 -0.1274 -0.0710
vn -0.9889 -0.1308 -0.0704
vn -0.8612 -0.0447 0.5064
vn -0.8468 -0.1170 0.5189
vn -0.8483 -0.1241 0.5148
vn -0.0739 -0.2349 -0.9692
vn -0.5309 -0.2241 0.8173
vn -0.5308 -0.2233 0.8175
vn -0.5305 -0.2240 0.8176
vn -0.9446 -0.3280 0.0153
vn -0.9499 -0.3119 0.0193
vn -0.9465 -0.3221 0.0181
vn 0.5750 0.4617 -0.6755
vn 0.8090 0.0638 0.5844
vn 0.8068 0.0544 0.5883
vn 0.8068 0.0666 0.5871
vn 0.0064 -0.0679 0.9977
vn 0.0039 -0.0670 0.9977
vn 0.0043 -0.0672 0.9977
vn -0.1879 0.3486 -0.9182
vn -0.1442 0.3334 0.9317
vn -0.1624 0.2745 0.9478
vn -0.1568 0.2947 0.9426
vn -0.8152 0.2930 0.4997
vn -0.8153 0.2933 0.4993
vn -0.8150 0.2935 0.4995
vn 0.6666 -0.6348 0.3907
vn 0.6669 -0.6344 0.3909
vn 0.7904 0.2825 -0.5436
vn 0.7905 0.2863 -0.5415
vn 0.7906 0.2933 -0.5375
vn -0.9690 0.0436 -0.2434
vn -0.9618 0.0540 -0.2684
vn -0.9609 0.0662 -0.2688
vn -0.7704 0.1471 0.6203
vn 0.1630 -0.1210 0.9792
vn 0.1652 -0.1105 0.9800
vn 0.1690 -0.1278 0.9773
vn -0.3474 0.2064 -0.9147
vn -0.3431 0.2099 -0.9156
vn -0.3445 0.2095 -0.9151
vn -0.2718 -0.6553 -0.7048
vn -0.3892 -0.0566 -0.9194
vn -0.3779 -0.0432 -0.9249
vn -0.3880 -0.0565 -0.9199
vn 0.2265 -0.1660 0.9598
vn 0.2232 -0.1686 0.9601
vn 0.2196 -0.1712 0.9605
vn -0.0939 0.0476 0.9944
vn -0.0930 0.0383 0.9949
vn 0.4382 0.2326 0.8683
vn 0.4201 0.2322 0.8773
vn 0.4326 0.2393 0.8693
vn -0.2892 0.4723 -0.8326
vn -0.2789 -0.1508 0.9484
vn -0.2792 -0.1503 0.9484
vn -0.2788 -0.1505 0.9485
vn 0.3374 -0.1730 0.9253
vn 0.3337 -0.1776 0.9258
vn 0.3359 -0.1739 0.9257
vn 0.5789 0.2227 0.7844
vn 0.5791 0.2443 0.7778
vn 0.5821 0.2311 0.7796
vn -0.2037 0.5367 -0.8188
vn 0.5264 0.0877 0.8457
vn 0.5241 0.0709 0.8487
vn 0.5233 0.0798 0.8484
vn -0.8546 -0.2196 -0.4706
vn -0.9978 0.0667 0.0014
vn -0.9974 0.0725 0.0019
vn -0.9978 0.0661 0.0020
vn -0.8074 -0.5899 -0.0082
vn -0.8019 -0.5974 -0.0055
vn -0.8018 -0.5976 -0.0043
vn -0.9941 -0.0076 0.1080
vn -0.9954 0.0084 0.0956
vn -0.9924 -0.0239 0.1204
vn -0.8217 -0.3438 0.4546
vn -0.8089 -0.3402 0.4795
vn -0.8065 -0.2565 0.5327
vn -0.0838 0.1415 -0.9864
vn -0.0569 0.0896 -0.9944
vn -0.0394 0.0503 -0.9980
vn -0.2822 0.2470 -0.9270
vn 0.8621 -0.1620 0.4802
vn 0.8729 -0.1284 0.4707
vn 0.8671 -0.1494 0.4752
vn 0.1807 -0.1268 0.9753
vn 0.1883 -0.1125 0.9756
vn 0.1969 -0.1356 0.9710
vn -0.1039 0.4405 -0.8917
vn 0.9170 0.0215 -0.3983
vn 0.9141 0.0104 -0.4053
vn 0.9193 0.0321 -0.3923
vn 0.2541 0.4029 0.8793
vn 0.2403 0.3643 0.8997
vn 0.2357 0.4040 0.8839
vn -0.3821 -0.7641 -0.5198
vn -0.8732 -0.4842 0.0563
vn -0.8814 -0.4694 0.0525
vn -0.8821 -0.4682 0.0509
vn 0.0722 -0.0816 0.9940
vn 0.0759 -0.0623 0.9952
vn 0.0771 -0.0756 0.9942
vn -0.7701 0.1387 0.6226
vn -0.7742 0.1276 0.6199
vn -0.7759 0.1350 0.6162
vn 0.1234 -0.1110 0.9861
vn 0.1205 -0.1029 0.9874
vn 0.1181 -0.1133 0.9865
vn 0.7505 0.2152 -0.6248
vn 0.0388 0.1530 -0.9875
vn 0.0373 0.1539 -0.9874
vn 0.0432 0.1517 -0.9875
vn -0.0380 0.1918 0.9807
vn -0.0282 0.1913 0.9811
vn -0.0333 0.1797 0.9832
vn 0.2269 -0.1857 0.9561
vn 0.2263 -0.1872 0.9559
vn 0.2286 -0.1806 0.9566
vn 0.8140 0.5808 0.0071
vn 0.2239 -0.1753 0.9587
vn 0.3038 0.3111 -0.9005
vn -0.0433 0.0607 -0.9972
vn 0.2587 -0.3356 -0.9058
vn -0.0569 0.3567 -0.9325
vn 0.3068 0.0039 0.9518
vn 0.3172 0.1152 0.9413
vn 0.3193 0.0358 0.9470
vn 0.0040 -0.1361 0.9907
vn 0.0147 -0.1434 0.9895
vn 0.0055 -0.1373 0.9905
vn -0.5858 -0.0367 -0.8096
vn 0.9644 0.0340 0.2622
vn 0.9659 0.0260 0.2574
vn 0.9586 0.0612 0.2781
vn 0.3296 -0.3006 0.8950
vn 0.1199 -0.1425 0.9825
vn 0.1186 -0.1317 0.9842
vn 0.1098 -0.1304 0.9854
vn -0.9098 0.3430 -0.2336
vn -0.9097 0.3440 -0.2327
vn -0.9099 0.3433 -0.2328
vn 0.0129 -0.1280 0.9917
vn 0.0106 -0.1452 0.9893
vn 0.0112 -0.1395 0.9902
vn 0.9096 0.0021 0.4155
vn 0.9036 0.0070 0.4282
vn 0.9070 0.0085 0.4211
vn -0.2077 0.3481 0.9142
vn -0.2322 0.2772 0.9323
vn -0.2307 0.2875 0.9296
vn -0.0420 -0.1250 -0.9913
vn 0.1592 -0.5158 -0.8418
vn 0.1567 -0.5166 -0.8418
vn 0.1518 -0.5191 -0.8411
vn 0.3214 0.3207 -0.8910
vn 0.3212 0.3193 -0.8915
vn 0.3218 0.3221 -0.8903
vn 0.7302 0.4987 -0.4670
vn 0.6400 0.0419 -0.7672
vn -0.4680 -0.1124 0.8766
vn -0.4756 -0.1149 0.8721
vn -0.4663 -0.1149 0.8771
vn 0.3158 -0.0545 0.9473
vn 0.3145 -0.0618 0.9472
vn 0.3149 -0.0596 0.9473
vn -0.0690 -0.3348 -0.9398
vn -0.0029 0.0508 -0.9987
vn -0.0028 0.0503 -0.9987
vn -0.0025 0.0495 -0.9988
vn 0.0710 0.2600 -0.9630
vn 0.1930 -0.2011 -0.9604
vn -0.3274 -0.1802 -0.9275
vn -0.2823 0.6636 0.6928
vn 0.3893 -0.0291 -0.9207
vn 0.1071 -0.0790 0.9911
vn 0.1105 -0.0756 0.9910
vn 0.1073 -0.0755 0.9914
vn -0.9965 -0.0797 -0.0266
vn -0.1218 -0.1392 0.9827
vn -0.1116 -0.1411 0.9837
vn -0.1216 -0.1376 0.9830
vn -0.1898 0.1734 0.9664
vn -0.1403 0.2566 0.9563
vn -0.1712 0.2102 0.9626
vn 0.3460 0.1392 -0.9278
vn -0.1366 0.7024 -0.6986
vn 0.9773 -0.1926 -0.0887
vn 0.9745 -0.2061 -0.0883
vn 0.9522 -0.2927 0.0869
vn 0.9526 -0.2914 0.0875
vn 0.9536 -0.2876 0.0893
vn 0.3299 0.4563 -0.8264
vn -0.1922 -0.0677 0.9790
vn -0.1923 -0.0673 0.9790
vn -0.1929 -0.0663 0.9790
vn 0.2121 -0.1680 0.9627
vn 0.2087 -0.1676 0.9635
vn 0.2116 -0.1672 0.9629
vn -0.7442 0.5766 -0.3372
vn -0.7443 0.5765 -0.3372
vn -0.3357 -0.6138 -0.7145
vn -0.0267 -0.0886 -0.9957
vn 0.0140 -0.0820 0.9965
vn 0.0172 -0.0773 0.9969
vn 0.0153 -0.0798 0.9967
vn -0.1204 0.9893 -0.0823
vn -0.8369 0.0266 -0.5467
vn -0.8368 0.0259 -0.5469
vn -0.8373 0.0295 -0.5459
vn 0.3309 -0.2177 0.9182
vn 0.3287 -0.2193 0.9186
vn 0.3312 -0.2151 0.9187
vn 0.9277 0.2082 0.3100
vn 0.9335 0.1603 0.3208
vn 0.9233 0.2064 0.3240
vn 0.3914 -0.0307 0.9197
vn 0.3857 -0.0377 0.9219
vn 0.3893 -0.0316 0.9206
vn 0.1048 -0.1041 0.9890
vn 0.1082 -0.1032 0.9888
vn 0.1121 -0.1191 0.9865
vn 0.9347 0.1627 0.3160
vn 0.9379 0.1689 0.3030
vn 0.9376 0.1573 0.3101
vn 0.9656 0.2177 0.1419
vn 0.9630 0.2324 0.1363
vn 0.9775 0.1761 0.1159
vn -0.4596 -0.1659 0.8725
vn -0.4645 -0.1667 0.8697
vn -0.4576 -0.1687 0.8730
vn -0.5743 0.1721 0.8004
vn -0.5907 0.1477 0.7932
vn -0.5812 0.1593 0.7980
vn 0.7031 -0.5543 0.4454
vn 0.1124 -0.1359 0.9843
vn 0.1208 -0.1412 0.9826
vn 0.1134 -0.1323 0.9847
vn -0.3680 -0.1397 0.9193
vn -0.3682 -0.1389 0.9193
vn -0.3677 -0.1393 0.9194
vn 0.4807 -0.0348 -0.8762
vn -0.2788 0.1500 -0.9486
vn -0.9782 -0.2029 -0.0455
vn -0.9845 -0.1681 -0.0502
vn -0.9846 -0.1667 -0.0534
vn 0.8664 0.0451 0.4973
vn 0.8599 0.0482 0.5082
vn 0.8602 0.0481 0.5077
vn -0.3099 0.1764 -0.9343
vn -0.4044 0.2967 -0.8651
vn -0.2374 0.9486 -0.2091
vn -0.0361 0.1498 -0.9881
vn -0.4627 0.1185 0.8786
vn -0.4491 0.1566 0.8796
vn -0.4659 0.1631 0.8697
vn 0.0637 0.0862 -0.9942
vn -0.4677 0.2813 0.8379
vn -0.5033 0.2214 0.8353
vn -0.4888 0.2482 0.8364
vn 0.0189 -0.2124 -0.9770
vn 0.2093 0.1282 0.9694
vn 0.2774 0.0782 0.9576
vn 0.2703 0.0923 0.9583
vn -0.2613 -0.1086 0.9591
vn -0.2628 -0.1176 0.9576
vn -0.2624 -0.1140 0.9582
vn -0.9563 0.0139 0.2921
vn -0.3518 -0.1778 -0.9190
vn -0.1100 -0.1050 0.9884
vn -0.1078 -0.1170 0.9873
vn -0.1114 -0.1175 0.9868
vn -0.0893 0.3090 -0.9469
vn -0.4779 -0.1904 0.8576
vn -0.4779 -0.1890 0.8579
vn -0.4770 -0.1904 0.8580
vn -0.1055 0.0599 0.9926
vn -0.0457 0.1233 0.9913
vn -0.0642 0.0616 0.9960
vn -0.3465 0.2365 0.9078
vn -0.3674 0.2281 0.9017
vn -0.3559 0.2438 0.9021
vn 0.2610 -0.2362 0.9360
vn 0.9452 0.1597 0.2847
vn 0.9524 0.1027 0.2870
vn 0.9498 0.1404 0.2795
vn 0.4137 0.4961 -0.7634
vn 0.9938 -0.0858 -0.0705
vn -0.0191 0.2218 -0.9749
vn -0.2693 0.1111 0.9566
vn -0.2368 0.1150 0.9647
vn -0.2556 0.0978 0.9618
vn -0.0430 0.8839 -0.4657
vn -0.8322 -0.0818 -0.5484
vn -0.8688 -0.1993 -0.4533
vn -0.8463 -0.1174 -0.5196
vn 0.5111 0.0170 0.8593
vn 0.5229 0.0791 0.8487
vn 0.5236 0.0266 0.8515
vn -0.0052 -0.0341 0.9994
vn -0.9098 0.2433 -0.3362
vn -0.8985 0.3116 -0.3092
vn -0.8939 0.3328 -0.3004
vn 0.8508 -0.5134 0.1122
vn 0.5050 0.3465 -0.7905
vn -0.2667 -0.3085 -0.9131
vn -0.7251 -0.5791 -0.3727
vn -0.7264 -0.5757 -0.3754
vn -0.7302 -0.5656 -0.3833
vn 0.4427 0.0474 0.8954
vn 0.4399 0.0570 0.8962
vn 0.4379 0.0403 0.8981
vn 0.9804 0.1481 -0.1299
vn 0.9804 0.1483 -0.1299
vn 0.9805 0.1472 -0.1298
vn -0.9748 -0.2067 -0.0835
vn -0.1228 0.3571 -0.9260
vn 0.7690 0.4496 0.4544
vn 0.7717 0.4436 0.4557
vn 0.7719 0.4437 0.4554
vn 0.6115 0.6972 0.3742
vn -0.8765 -0.1187 -0.4665
vn -0.8765 -0.1196 -0.4663
vn -0.8764 -0.1250 -0.4651
vn -0.0539 -0.0654 0.9964
vn -0.0473 -0.0678 0.9966
vn -0.0510 -0.0674 0.9964
vn -0.0980 0.4299 -0.8975
vn 0.8544 0.0722 0.5146
vn 0.8587 0.1176 0.4989
vn 0.8622 0.0831 0.4997
vn 0.2084 -0.0158 0.9779
vn 0.1932 -0.1693 0.9664
vn 0.1941 -0.1088 0.9749
vn -0.8611 0.1124 0.4959
vn -0.8590 0.1207 0.4976
vn -0.8590 0.1149 0.4990
vn 0.8346 -0.0384 -0.5496
vn -0.1973 0.1188 0.9731
vn -0.1931 0.1164 0.9743
vn -0.1971 0.1138 0.9738
vn 0.0645 0.0592 -0.9962
vn 0.0307 0.9985 0.0448
vn -0.6228 -0.7126 -0.3229
vn -0.6242 -0.7103 -0.3254
vn -0.6269 -0.7056 -0.3305
vn 0.9917 -0.1137 -0.0607
vn 0.9417 -0.3314 -0.0575
vn 0.9214 -0.3821 -0.0706
vn -0.9976 0.0345 -0.0594
vn -0.9978 0.0029 -0.0666
vn -0.9978 0.0208 -0.0627
vn -0.3356 -0.1541 -0.9293
vn 0.3513 0.3095 0.8836
vn 0.3545 0.3083 0.8828
vn 0.3510 0.3093 0.8838
vn 0.9450 0.1857 0.2694
vn 0.9439 0.1872 0.2722
vn 0.9444 0.1875 0.2699
vn 0.1926 0.9802 -0.0460
vn 0.4163 0.1079 0.9028
vn 0.4220 0.0673 0.9041
vn 0.4096 0.0880 0.9080
vn -0.9933 -0.1157 0.0031
vn -0.9931 -0.1169 0.0038
vn -0.9931 -0.1171 0.0029
vn 0.4822 0.7510 -0.4512
vn 0.5255 0.4312 0.7334
vn 0.7613 -0.6347 0.1327
vn -0.8918 0.1026 0.4406
vn -0.8979 0.1244 0.4222
vn -0.8984 0.1081 0.4256
vn 0.9867 -0.1448 -0.0735
vn -0.0117 0.0928 -0.9956
vn -0.1764 0.3000 0.9375
vn -0.2047 0.2206 0.9536
vn -0.1947 0.2655 0.9443
vn 0.8786 0.0393 -0.4759
vn 0.8773 0.0496 -0.4774
vn 0.8824 0.0050 -0.4705
vn 0.8614 -0.4058 0.3055
vn 0.8656 -0.3971 0.3050
vn 0.8633 -0.4025 0.3045
vn -0.9252 -0.1842 -0.3318
vn -0.9453 0.0273 -0.3251
vn -0.9454 -0.1016 -0.3096
vn -0.1811 -0.2978 -0.9373
vn -0.1077 0.5361 -0.8373
vn 0.9561 0.0898 0.2791
vn 0.9290 0.2025 0.3097
vn 0.9409 0.1570 0.3001
vn 0.9615 -0.2589 0.0917
vn 0.3213 -0.3349 -0.8858
vn -0.3817 -0.4173 -0.8247
vn 0.4024 -0.0140 0.9154
vn 0.3926 -0.0219 0.9194
vn 0.3925 -0.0003 0.9198
vn 0.6652 -0.2209 -0.7132
vn -0.1635 -0.1191 -0.9793
vn 0.3228 0.9355 0.1435
vn -0.9435 0.2258 -0.2427
vn -0.9401 0.2493 -0.2326
vn -0.9450 0.2287 -0.2336
vn 0.9836 -0.1408 0.1128
vn 0.1251 0.8552 -0.5029
vn -0.9259 -0.1015 -0.3638
vn 0.9416 -0.3266 0.0817
vn 0.8414 0.1172 0.5275
vn 0.8431 0.1054 0.5274
vn 0.8425 0.1083 0.5277
vn 0.0313 0.1021 0.9943
vn 0.0431 0.1135 0.9926
vn 0.0082 0.0059 0.9999
vn -0.0586 0.3489 -0.9353
vn 0.9964 -0.0825 -0.0170
vn 0.9964 -0.0827 -0.0170
vn 0.9970 -0.0759 -0.0173
vn 0.6680 0.5935 0.4489
vn 0.6798 0.5713 0.4599
vn 0.7089 0.5093 0.4879
vn 0.0004 0.0070 1.0000
vn 0.0113 -0.0020 0.9999
vn 0.0044 0.0038 1.0000
vn 0.6666 -0.7391 0.0964
vn -0.9159 -0.1331 0.3787
vn -0.9154 -0.1389 0.3777
vn -0.9157 -0.1364 0.3780
vn 0.0492 0.7752 -0.6298
vn 0.7215 0.1566 -0.6744
vn 0.7213 0.1573 -0.6745
vn 0.7230 0.1517 -0.6740
vn 0.9030 -0.4245 0.0657
vn -0.6521 -0.2437 0.7178
vn -0.6506 -0.2503 0.7170
vn -0.6574 -0.2422 0.7136
vn -0.8067 -0.3337 0.4878
vn -0.8049 -0.3390 0.4871
vn -0.8081 -0.3344 0.4849
vn -0.8842 -0.1371 0.4466
vn -0.8917 -0.1135 0.4381
vn -0.8928 -0.1122 0.4363
vn -0.6792 -0.3223 0.6594
vn -0.6787 -0.3228 0.6597
vn -0.6780 -0.3238 0.6599
vn -0.9221 0.1209 0.3677
vn -0.9111 0.1074 0.3979
vn -0.9219 0.0862 0.3778
vn -0.8277 0.3738 0.4186
vn -0.8065 0.3871 0.4469
vn -0.8152 0.3747 0.4416
vn 0.2000 0.4694 -0.8600
vn 0.2436 0.9502 0.1946
vn 0.3650 0.8499 0.3800
vn 0.3002 0.9125 0.2780
vn 0.7927 0.1199 -0.5977
vn 0.9292 -0.0878 0.3589
vn 0.9296 -0.0685 0.3620
vn 0.9332 -0.0882 0.3484
vn -0.2531 -0.2505 -0.9345
vn -0.2505 -0.2591 -0.9328
vn -0.2480 -0.2666 -0.9314
vn 0.7835 0.5990 -0.1650
vn 0.7809 0.6020 -0.1667
vn 0.7601 0.6247 -0.1788
vn -0.9858 0.1171 0.1206
vn -0.9862 0.0940 0.1364
vn -0.9861 0.0853 0.1423
vn 0.2119 -0.3614 -0.9080
vn -0.5947 0.7919 -0.1387
vn 0.3069 0.5706 -0.7617
vn -0.9014 0.3321 0.2779
vn -0.9069 0.3220 0.2718
vn -0.9019 0.3387 0.2682
vn 0.3361 0.4308 -0.8375
vn -0.4139 0.7958 0.4421
vn -0.5825 0.1987 0.7882
vn -0.5463 0.2704 0.7928
vn -0.5685 0.2161 0.7938
vn -0.1549 0.4354 0.8868
vn -0.1374 0.4717 0.8710
vn -0.1397 0.4558 0.8791
vn -0.0643 0.5298 0.8457
vn -0.0581 0.5248 0.8492
vn -0.0643 0.5209 0.8512
vn -0.0520 0.4977 0.8658
vn 0.0047 0.4988 0.8667
vn 0.0163 0.4804 0.8769
vn -0.4764 0.7316 0.4875
vn -0.4727 0.7303 0.4932
vn -0.4828 0.7337 0.4781
vn 0.8784 0.3368 -0.3391
vn 0.8784 0.3365 -0.3393
vn 0.8786 0.3356 -0.3398
vn -0.2170 -0.0310 -0.9757
vn 0.8207 0.1964 0.5366
vn 0.8209 0.1953 0.5367
vn 0.8208 0.1955 0.5367
vn 0.3747 0.2755 0.8853
vn 0.3718 0.2766 0.8861
vn 0.3735 0.2768 0.8854
vn 0.8813 -0.0112 -0.4725
vn 0.9249 0.1279 -0.3581
vn 0.8880 0.0078 -0.4599
vn 0.2710 0.6322 0.7259
vn -0.0254 -0.3728 -0.9276
vn 0.4444 -0.0682 -0.8932
vn -0.3945 0.1297 -0.9097
vn -0.3651 0.1893 -0.9115
vn -0.4181 0.0815 -0.9047
vn 0.0577 0.3786 0.9238
vn -0.9539 -0.1326 -0.2691
vn -0.9526 -0.1517 -0.2638
vn -0.9539 -0.1119 -0.2784
vn -0.6680 0.5627 -0.4870
vn -0.8604 -0.2453 0.4467
vn -0.8613 -0.2409 0.4474
vn -0.8603 -0.2472 0.4459
vn 0.2474 0.0032 -0.9689
vn 0.0225 0.2504 0.9679
vn 0.0203 0.2486 0.9684
vn 0.0216 0.2512 0.9677
vn 0.1039 0.2950 0.9498
vn -0.0522 -0.2013 -0.9781
vn -0.9208 -0.0371 0.3882
vn -0.9237 -0.0337 0.3816
vn -0.9210 -0.0309 0.3884
vn -0.9361 -0.0112 -0.3516
vn -0.9362 -0.0096 -0.3512
vn -0.9351 -0.0203 -0.3538
vn 0.7579 0.0732 0.6483
vn -0.7844 0.5283 -0.3249
vn 0.6179 -0.0683 0.7833
vn 0.6384 0.0571 0.7676
vn 0.6336 -0.0312 0.7730
vn -0.7117 0.3302 0.6200
vn -0.7579 0.2317 0.6099
vn -0.7436 0.2973 0.5988
vn 0.3121 0.7040 -0.6380
vn -0.1759 0.1364 -0.9749
vn 0.9781 0.2078 -0.0083
vn -0.9583 0.2687 -0.0975
vn -0.9555 0.2778 -0.0996
vn -0.9468 0.3038 -0.1058
vn -0.2958 -0.0271 -0.9549
vn -0.2107 0.9760 -0.0554
vn -0.9134 0.1424 0.3812
vn -0.9137 0.1422 0.3808
vn -0.9135 0.1425 0.3811
vn -0.2004 0.2780 -0.9394
vn 0.1133 0.5344 0.8376
vn -0.0162 0.7541 -0.6565
vn -0.0161 0.7541 -0.6566
vn -0.0161 0.7541 -0.6565
vn -0.8115 0.1248 0.5708
vn -0.8199 0.1254 0.5586
vn -0.8119 0.1320 0.5686
vn -0.9189 0.3668 -0.1448
vn -0.9137 0.3770 -0.1518
vn -0.9214 0.3609 -0.1441
vn -0.2245 0.0409 -0.9736
vn 0.3965 0.6062 0.6894
vn 0.3966 0.6062 0.6894
vn 0.7948 0.1967 0.5741
vn 0.7905 0.1914 0.5818
vn 0.7919 0.1938 0.5791
vn 0.5681 0.2224 -0.7923
vn -0.8264 0.1960 0.5279
vn -0.8071 0.2284 0.5445
vn -0.8188 0.1975 0.5390
vn -0.8786 -0.1201 -0.4622
vn -0.8775 -0.1221 -0.4637
vn -0.8769 -0.1069 -0.4686
vn 0.4312 -0.1138 0.8951
vn 0.4287 -0.1544 0.8902
vn 0.4115 -0.1595 0.8973
vn 0.9580 0.0583 0.2807
vn 0.9635 0.0267 0.2662
vn -0.8960 0.1876 0.4024
vn -0.8901 0.1966 0.4112
vn -0.8943 0.1835 0.4082
vn -0.9573 -0.2049 -0.2038
vn -0.9574 -0.2047 -0.2038
vn -0.9567 -0.2095 -0.2021
vn -0.1165 0.4598 -0.8804
vn 0.2088 0.2930 -0.9330
vn 0.8792 0.1846 -0.4393
vn 0.8941 0.0421 -0.4459
vn 0.8694 0.2152 -0.4448
vn -0.0839 0.3441 -0.9352
vn 0.3854 0.3526 0.8527
vn 0.3916 0.3644 0.8449
vn 0.3904 0.3471 0.8527
vn -0.9163 0.0919 -0.3898
vn -0.8818 -0.0465 -0.4693
vn -0.8770 -0.0673 -0.4758
vn 0.7228 -0.0498 -0.6893
vn 0.7273 0.1093 -0.6775
vn 0.7406 -0.0324 -0.6711
vn 0.9701 0.1217 0.2098
vn 0.9687 0.1329 0.2095
vn 0.9687 0.1313 0.2106
vn 0.0466 -0.0022 0.9989
vn 0.0534 -0.0391 0.9978
vn 0.0337 -0.0066 0.9994
vn -0.7266 -0.2532 0.6387
vn -0.7309 -0.2367 0.6401
vn -0.7102 -0.2728 0.6490
vn 0.6334 0.4577 -0.6240
vn 0.0076 -0.1693 0.9855
vn 0.0300 -0.0802 0.9963
vn 0.0240 -0.1440 0.9893
vn 0.0774 0.4253 0.9017
vn 0.0806 0.4275 0.9004
vn 0.0772 0.4204 0.9040
vn -0.9978 -0.0649 -0.0126
vn 0.6792 -0.2028 -0.7054
vn -0.6825 0.2182 0.6976
vn -0.6794 0.2378 0.6941
vn -0.6821 0.2388 0.6912
vn 1.0000 -0.0021 0.0032
vn 0.9971 0.0754 -0.0068
vn 0.9993 0.0359 -0.0058
vn -0.2342 -0.4815 -0.8446
vn -0.1605 0.0922 0.9827
vn -0.1629 0.0955 0.9820
vn -0.1622 0.0960 0.9821
vn 0.1447 0.1987 -0.9693
vn 0.0598 0.5422 0.8381
vn 0.0391 0.5634 0.8253
vn 0.0452 0.5587 0.8282
vn 0.9533 0.0091 0.3018
vn 0.9539 0.0073 0.3002
vn 0.9537 0.0084 0.3007
vn -0.9495 0.3006 -0.0898
vn -0.9448 0.3147 -0.0917
vn -0.9377 0.3379 -0.0809
vn -0.8534 0.1351 0.5034
vn -0.8529 0.1348 0.5044
vn -0.8533 0.1344 0.5038
vn -0.9852 0.1074 -0.1334
vn 0.8624 -0.2102 -0.4605
vn 0.8623 -0.2108 -0.4604
vn 0.8627 -0.2071 -0.4614
vn 0.4622 0.1027 0.8808
vn 0.4591 0.2296 0.8582
vn 0.4574 0.1920 0.8683
vn 0.0763 0.9962 -0.0416
vn 0.9973 -0.0444 0.0586
vn 0.9968 -0.0593 0.0539
vn 0.9976 -0.0265 0.0637
vn 0.4095 0.9095 -0.0711
vn 0.9692 0.2263 0.0972
vn -0.9091 -0.1361 0.3937
vn -0.9125 -0.1301 0.3878
vn -0.9111 -0.1371 0.3887
vn 0.8822 0.4695 0.0348
vn -0.9473 0.0960 0.3056
vn -0.9481 0.0886 0.3053
vn -0.9557 0.0671 0.2866
vn 0.7030 0.7111 -0.0151
vn -0.9192 -0.0977 0.3814
vn -0.9168 -0.1046 0.3854
vn -0.9188 -0.1038 0.3809
vn 0.9179 0.3739 0.1330
vn 0.9180 0.3738 0.1329
vn -0.7995 -0.1319 0.5859
vn -0.8205 -0.1349 0.5555
vn -0.8191 -0.1291 0.5589
vn -0.2584 0.1274 -0.9576
vn -0.3453 0.1576 -0.9252
vn -0.3613 0.1396 -0.9219
vn -0.3600 0.1405 -0.9223
vn -0.9674 0.1860 0.1719
vn -0.9678 0.1745 0.1814
vn -0.9656 0.2129 0.1496
vn -0.8525 0.4947 0.1688
vn -0.9717 0.0099 0.2361
vn -0.2177 0.9746 -0.0530
vn -0.2178 0.9746 -0.0530
vn 0.9154 0.3679 0.1635
vn 0.9108 0.3825 0.1555
vn 0.9167 0.3670 0.1579
vn 0.4102 -0.0524 0.9105
vn 0.3987 -0.0464 0.9159
vn 0.4047 -0.0431 0.9134
vn -0.0030 -0.1041 0.9946
vn -0.0145 -0.0977 0.9951
vn -0.0138 -0.0787 0.9968
vn 0.9478 0.1528 0.2798
vn 0.9412 0.2040 0.2693
vn 0.9439 0.1823 0.2753
vn 0.6689 -0.2724 -0.6916
vn 0.6330 -0.3434 -0.6938
vn -0.9635 -0.1200 -0.2394
vn -0.9624 -0.1263 -0.2404
vn -0.9625 -0.1134 -0.2464
vn -0.1455 -0.1256 -0.9813
vn -0.6985 0.1019 0.7084
vn -0.7041 0.1667 0.6903
vn -0.7036 0.1988 0.6822
vn 0.0773 0.2037 0.9760
vn 0.0563 0.2329 0.9709
vn 0.1096 0.1598 0.9810
vn -0.1566 0.1495 -0.9763
vn -0.1626 -0.0663 -0.9845
vn -0.6736 0.1275 0.7280
vn -0.6631 0.1252 0.7380
vn -0.6895 0.0564 0.7221
vn -0.9991 -0.0378 0.0165
vn -0.9980 -0.0606 0.0197
vn -0.9971 -0.0716 0.0245
vn 0.6503 -0.2982 -0.6987
vn 0.6313 0.2897 0.7194
vn 0.6249 0.2104 0.7519
vn 0.6208 0.2501 0.7430
vn 0.9973 -0.0728 -0.0033
vn 0.9971 -0.0757 -0.0103
vn 0.9967 -0.0801 -0.0094
vn -0.1319 0.2757 0.9521
vn -0.1334 0.2779 0.9513
vn -0.1324 0.2778 0.9515
vn -0.0027 0.1442 -0.9895
vn 0.8894 -0.1739 -0.4228
vn 0.8861 -0.1855 -0.4247
vn 0.8871 -0.1946 -0.4185
vn -0.7574 0.2672 0.5957
vn -0.7488 0.2774 0.6020
vn -0.7519 0.2547 0.6081
vn 0.9323 -0.1382 0.3343
vn 0.9316 -0.1365 0.3369
vn 0.9345 -0.1296 0.3315
vn 0.4049 0.0255 0.9140
vn 0.4043 0.0255 0.9143
vn 0.4050 0.0263 0.9139
vn -0.9394 0.3007 -0.1644
vn -0.9417 0.2895 -0.1713
vn -0.9369 0.3037 -0.1731
vn 0.0623 0.4808 -0.8746
vn -0.9151 -0.0768 0.3957
vn -0.9128 -0.0199 0.4079
vn -0.9107 -0.0430 0.4109
vn 0.9339 0.2858 0.2147
vn 0.9359 0.2771 0.2175
vn 0.9324 0.2883 0.2181
vn -0.9698 -0.1689 -0.1760
vn -0.9831 -0.0599 -0.1731
vn -0.9823 -0.0533 -0.1796
vn 0.9217 0.1102 -0.3718
vn 0.9213 0.1122 -0.3723
vn 0.9175 0.1298 -0.3760
vn -0.9229 0.1823 0.3391
vn -0.9136 0.2021 0.3530
vn -0.9236 0.1693 0.3441
vn 0.9833 0.1816 0.0120
vn 0.8141 -0.0024 0.5808
vn 0.8183 -0.0258 0.5743
vn 0.8182 0.0019 0.5749
vn -1.0000 0.0084 -0.0012
vn -0.9998 0.0179 -0.0038
vn -1.0000 0.0030 -0.0036
vn -0.2025 0.0861 -0.9755
vn -0.9753 0.0271 -0.2193
vn -0.9704 0.0338 -0.2393
vn -0.9718 0.0354 -0.2329
vn -0.0460 0.0962 0.9943
vn -0.0390 0.0962 0.9946
vn -0.0428 0.0922 0.9948
vn -0.9978 0.0494 -0.0441
vn -0.9921 0.1170 -0.0453
vn -0.9946 0.0959 -0.0391
vn 0.7606 0.6486 0.0298
vn 0.6690 0.7429 0.0217
vn 0.7329 0.6801 0.0187
vn -0.3678 0.4535 0.8118
vn -0.3805 0.4407 0.8130
vn -0.3829 0.4419 0.8113
vn 0.3443 0.0502 0.9375
vn -0.2823 0.2564 0.9244
vn -0.2810 0.2613 0.9235
vn -0.2806 0.2566 0.9249
vn -0.3461 0.0547 -0.9366
vn -0.2659 -0.0536 0.9625
vn -0.2337 -0.0049 0.9723
vn -0.2392 -0.0455 0.9699
vn -0.2708 -0.1730 -0.9470
vn -0.5138 -0.0300 0.8574
vn 0.0574 0.6731 -0.7373
vn -0.1710 0.9559 0.2388
vn -0.4237 0.0650 0.9035
vn -0.4231 0.0771 0.9028
vn -0.4233 0.0734 0.9030
vn -0.1822 0.0114 -0.9832
vn -0.1980 -0.1656 0.9661
vn -0.1923 -0.2184 0.9567
vn -0.1955 -0.1875 0.9626
vn -0.1642 0.3044 -0.9383
vn -0.2129 0.0226 -0.9768
vn -0.4406 0.0882 0.8933
vn -0.4429 0.0876 0.8923
vn -0.4394 0.0946 0.8933
vn -0.4414 0.4316 0.7867
vn -0.1532 -0.3491 0.9245
vn -0.1617 -0.3424 0.9256
vn -0.1703 -0.3855 0.9069
vn -0.2901 0.3393 -0.8948
vn -0.3556 0.3439 0.8691
vn -0.3521 0.2886 0.8904
vn -0.4092 0.3881 0.8258
vn -0.3381 -0.0834 -0.9374
vn -0.4360 -0.1763 0.8825
vn -0.4501 -0.1837 0.8739
vn -0.4499 -0.1580 0.8790
vn -0.1020 -0.5560 -0.8249
vn -0.0615 0.9883 -0.1398
vn -0.1758 -0.2306 -0.9570
vn -0.2198 -0.1642 -0.9616
vn -0.2971 -0.0391 -0.9541
vn -0.9390 0.0143 0.3437
vn -0.9370 0.0102 0.3492
vn -0.9377 0.0059 0.3474
vn -0.9173 -0.0523 -0.3948
vn -0.9194 -0.0366 -0.3916
vn -0.9096 -0.0990 -0.4036
vn 0.1523 0.9808 -0.1219
vn 0.4618 0.2030 0.8634
vn 0.4553 0.1730 0.8734
vn 0.4623 0.2130 0.8608
vn 0.9125 -0.1607 -0.3762
vn 0.9578 -0.0524 0.2828
vn 0.9585 -0.0578 0.2793
vn 0.9507 -0.0094 0.3100
vn -0.2082 0.8070 -0.5527
vn 0.3639 -0.1849 -0.9129
vn 0.9165 0.2375 0.3219
vn 0.9100 0.2332 0.3427
vn 0.9089 0.1718 0.3799
vn 0.9312 0.1849 -0.3142
vn 0.9282 0.1937 -0.3176
vn 0.9515 0.1138 -0.2857
vn 0.1569 0.8972 -0.4129
vn 0.1567 0.8970 -0.4132
vn 0.1569 0.8971 -0.4131
vn -0.2320 0.2089 0.9500
vn -0.2430 0.1742 0.9542
vn -0.2401 0.1923 0.9515
vn -0.9703 -0.1901 -0.1493
vn -0.8207 0.3446 0.4557
vn -0.8465 0.3080 0.4342
vn -0.8309 0.3310 0.4472
vn 0.5717 -0.0280 0.8200
vn 0.5568 -0.0708 0.8276
vn 0.5616 -0.0576 0.8254
vn 0.1596 -0.2608 -0.9521
vn 0.9440 -0.2691 0.1909
vn 0.9448 -0.2667 0.1902
vn 0.9366 -0.2902 0.1964
vn 0.8344 -0.3031 -0.4603
vn 0.8356 -0.3063 -0.4561
vn 0.8354 -0.3209 -0.4463
vn -0.1901 0.1688 0.9672
vn -0.1978 0.1774 0.9641
vn -0.1902 0.1790 0.9653
vn -0.9806 0.1269 -0.1496
vn -0.7797 0.4537 0.4315
vn -0.7809 0.4513 0.4319
vn -0.7941 0.4236 0.4358
vn 0.3366 -0.2369 0.9114
vn 0.3343 -0.2401 0.9114
vn 0.3382 -0.2310 0.9123
vn 0.5987 0.6707 -0.4379
vn -0.8785 -0.1236 -0.4614
vn -0.8763 -0.1352 -0.4624
vn -0.2207 -0.0469 -0.9742
vn -0.1408 -0.1268 -0.9819
vn -0.1880 -0.0572 -0.9805
vn -0.3367 0.1446 -0.9304
vn -0.3082 0.1231 -0.9433
vn -0.1940 0.0165 -0.9809
vn -0.9624 0.0398 0.2687
vn -0.9679 0.0415 0.2478
vn -0.9665 0.0468 0.2523
vn -0.9749 -0.0020 0.2225
vn -0.9723 0.0518 0.2280
vn -0.9730 0.0169 0.2303
vn -0.9804 0.0089 0.1968
vn -0.9744 0.0702 0.2138
vn -0.9767 -0.0054 0.2146
vn -0.9216 0.0135 0.3878
vn -0.9218 0.0432 0.3852
vn -0.9188 0.0159 0.3944
vn -0.9434 0.0391 -0.3294
vn -0.9436 0.0345 -0.3292
vn -0.9445 0.0137 -0.3283
vn -0.8999 -0.0200 0.4356
vn -0.8946 -0.0396 0.4452
vn -0.8958 -0.0211 0.4440
vn -0.2528 -0.0714 0.9649
vn -0.2437 -0.0942 0.9653
vn -0.2467 -0.0727 0.9664
vn 0.3677 0.8812 -0.2972
vn 0.7619 0.4120 0.4997
vn 0.7285 0.4845 0.4843
vn 0.7613 0.4035 0.5076
vn 0.1679 0.2202 0.9609
vn 0.0994 0.4176 0.9032
vn -0.8526 -0.0148 0.5223
vn -0.8307 0.0219 0.5562
vn -0.8395 -0.0094 0.5433
vn 0.7473 0.1467 -0.6481
vn 0.8329 -0.2884 0.4724
vn 0.8345 -0.2895 0.4688
vn 0.8315 -0.2942 0.4712
vn 0.9053 -0.4121 -0.1034
vn 0.9053 -0.4120 -0.1034
vn 0.8989 -0.4266 -0.1003
vn -0.0071 0.9340 -0.3572
vn 0.0144 0.9198 -0.3920
vn 0.0305 0.9038 -0.4270
vn -0.3466 0.0805 -0.9346
vn -0.3447 0.0854 -0.9348
vn -0.3393 0.0997 -0.9354
vn -0.0223 0.9624 -0.2707
vn -0.8308 -0.2477 -0.4985
vn -0.9936 -0.0999 0.0535
vn -0.9957 -0.0018 0.0927
vn -0.9931 -0.0921 0.0728
vn 0.0188 0.6216 0.7831
vn -0.0186 0.6252 0.7802
vn -0.0133 0.6216 0.7832
vn 0.9644 0.1843 0.1898
vn 0.9643 0.1836 0.1907
vn 0.9643 0.1833 0.1912
vn 0.6630 0.1944 -0.7229
vn 0.6743 0.1842 -0.7151
vn 0.6908 0.1693 -0.7029
vn -0.4411 0.8739 -0.2041
vn -0.7334 0.6772 -0.0596
vn -0.7398 0.6707 -0.0542
vn -0.7427 0.6680 -0.0478
vn 0.0630 0.6155 -0.7856
vn -0.2377 0.5705 -0.7862
vn 0.5630 0.1680 -0.8092
vn 0.2586 0.1963 -0.9458
vn 0.3317 0.1956 -0.9229
vn -0.1615 0.2264 -0.9605
vn 0.1599 0.7382 -0.6554
vn 0.1714 0.5733 -0.8012
vn 0.1692 0.6243 -0.7627
vn 0.0385 0.2966 0.9542
vn 0.0147 0.2924 0.9562
vn 0.0288 0.3081 0.9509
vn -0.3735 0.1441 0.9163
vn -0.4015 0.1777 0.8985
vn -0.3706 0.1740 0.9124
vn 0.1736 -0.1396 0.9749
vn 0.2019 -0.0918 0.9751
vn 0.1859 -0.1250 0.9746
vn 0.0024 0.3262 0.9453
vn 0.0130 0.3182 0.9479
vn 0.0400 0.3295 0.9433
vn 0.4599 -0.0620 0.8858
vn 0.4841 -0.0276 0.8746
vn 0.4716 -0.0554 0.8801
vn 0.3351 0.4302 0.8382
vn 0.3351 0.4255 0.8406
vn 0.3343 0.4276 0.8399
vn -0.3140 0.8605 0.4012
vn -0.3556 0.8318 0.4262
vn -0.3336 0.8488 0.4102
vn 0.8032 0.1120 -0.5850
vn 0.8048 0.4554 -0.3807
vn 0.3399 0.2264 -0.9128
vn -0.2498 -0.0721 0.9656
vn -0.2498 -0.0729 0.9655
vn -0.0646 -0.0617 0.9960
vn 0.1163 -0.0508 0.9919
vn 0.3100 -0.0823 0.9472
vn 0.5182 -0.1805 0.8360
vn 0.6984 -0.3528 0.6228
vn 0.7147 -0.6599 0.2316
vn 0.6397 -0.7685 -0.0118
vn 0.5291 -0.7597 -0.3779
vn 0.2909 -0.5093 -0.8099
vn 0.1406 -0.2186 -0.9656
vn 0.0936 -0.0463 -0.9945
vn 0.0485 -0.0077 -0.9988
vn 0.0504 -0.0087 -0.9987
vn 0.0423 -0.0076 -0.9991
vn -0.2084 -0.2389 -0.9484
vn -0.4941 -0.1977 -0.8466
vn -0.7173 -0.3982 -0.5718
vn -0.6838 -0.6218 -0.3818
vn -0.6847 -0.6196 -0.3838
vn -0.6858 -0.6167 -0.3864
vn -0.8292 -0.5576 -0.0390
vn -0.8254 -0.5632 -0.0377
vn -0.8265 -0.5616 -0.0382
vn -0.8687 -0.4076 0.2814
vn -0.8685 -0.4080 0.2815
vn -0.8687 -0.4078 0.2813
vn -0.7887 -0.2438 0.5644
vn -0.7895 -0.2383 0.5656
vn -0.7887 -0.2407 0.5658
vn -0.6197 -0.1300 0.7740
vn -0.6196 -0.1287 0.7743
vn -0.6191 -0.1299 0.7745
vn -0.4415 -0.0353 0.8966
vn -0.4414 -0.0346 0.8966
vn 0.2946 0.0206 0.9554
vn -0.1403 0.4740 -0.8693
vn -0.4219 0.7678 -0.4822
vn 0.0242 0.6905 0.7230
vn 0.0242 0.6904 0.7230
vn 0.8121 0.1845 0.5537
vn 0.7520 0.2857 -0.5941
vn 0.1216 0.7362 -0.6658
vn -0.7220 0.3231 0.6119
vn -0.4871 -0.3367 0.8058
vn 0.0834 0.8312 -0.5497
vn -0.6986 0.6709 0.2488
vn 0.3105 0.7822 -0.5402
vn -0.6181 0.7065 -0.3446
vn 0.1270 -0.2426 0.9618
vn 0.8665 0.4979 0.0348
vn 0.8135 0.0579 0.5787
vn -0.5960 0.2928 -0.7477
vn 0.1986 0.8071 -0.5560
vn -0.1055 0.6587 0.7450
vn -0.0701 0.7991 -0.5971
vn -0.5711 0.7864 0.2354
vn -0.7276 0.6277 -0.2766
vn 0.8951 0.3737 0.2433
vn 0.5019 0.0458 0.8637
vn 0.2465 -0.1240 0.9612
vn 0.2335 -0.1705 0.9573
vn 0.1601 -0.0460 0.9860
vn -0.4141 0.5644 0.7141
vn -0.2172 0.7037 -0.6765
vn 0.3513 0.7540 -0.5550
vn -0.5999 0.7938 -0.0993
vn -0.5999 0.7939 -0.0993
vn 0.8820 0.1639 0.4419
vn 0.1182 0.8125 -0.5709
vn -0.8100 0.5436 -0.2200
vn -0.8102 0.5437 -0.2191
vn -0.8105 0.5430 -0.2195
vn -0.1239 0.8150 -0.5661
vn -0.1746 0.8829 -0.4359
vn -0.1992 0.8646 -0.4614
vn -0.1973 0.8646 -0.4622
vn -0.1956 -0.9803 -0.0269
vn -0.1932 -0.9809 -0.0242
vn -0.1932 -0.9811 -0.0131
vn -0.2111 -0.9773 -0.0181
vn -0.2089 -0.9778 -0.0156
vn -0.2089 -0.9779 -0.0118
vn -0.5327 -0.8377 -0.1204
vn -0.2948 -0.9545 -0.0459
vn -0.2131 -0.9769 -0.0127
vn -0.1846 -0.9827 -0.0120
vn -0.1870 -0.9823 -0.0111
vn -0.1916 -0.9814 -0.0122
vn -0.7569 -0.6516 -0.0503
vn -0.7080 -0.6896 -0.1522
vn -0.6352 -0.7721 0.0185
vn -0.1027 -0.9940 0.0364
vn 0.5118 -0.7730 0.3748
vn 0.1743 -0.9656 0.1928
vn 0.0768 -0.9494 0.3047
vn 0.2346 -0.8378 0.4931
vn 0.0338 -0.9687 0.2461
vn -0.7635 -0.6349 0.1185
vn -0.7832 -0.6198 0.0493
vn -0.4718 -0.8577 0.2045
vn -0.5976 -0.6366 0.4874
vn -0.6539 -0.6145 0.4413
vn -0.0636 -0.9426 0.3277
vn -0.0350 -0.7893 0.6131
vn -0.0393 -0.8007 0.5978
vn -0.2318 -0.8283 0.5102
vn -0.2551 -0.7984 0.5454
vn -0.2152 -0.8478 0.4848
vn 0.0001 -0.9566 0.2914
vn 0.1067 -0.8101 0.5764
vn -0.0431 -0.9561 0.2900
vn -0.1815 -0.7330 0.6556
vn -0.1815 -0.7330 0.6555
vn -0.1865 -0.9824 -0.0113
vn -0.5339 -0.6842 0.4969
vn -0.4551 -0.7650 0.4557
vn -0.5462 -0.6703 0.5024
vn -0.6888 -0.6438 0.3334
vn -0.4590 -0.8791 0.1281
vn -0.2085 -0.9780 -0.0097
vn -0.1987 -0.9798 -0.0242
vn -0.1947 -0.9804 -0.0285
vn 0.4464 -0.8161 0.3670
vn 0.0982 -0.9802 0.1720
vn -0.1835 -0.9829 -0.0167
vn -0.1841 -0.9828 -0.0144
vn -0.1885 -0.9818 -0.0219
vn -0.1881 -0.9819 -0.0207
vn -0.7709 -0.5617 -0.3004
vn -0.7400 -0.6576 -0.1416
vn -0.7829 -0.5362 -0.3155
vn -0.1921 -0.9813 -0.0148
vn -0.2067 -0.9782 -0.0176
vn -0.1869 -0.9823 -0.0130
vn -0.1998 -0.9792 -0.0363
vn -0.2005 -0.9790 -0.0353
vn -0.2011 -0.9792 -0.0268
vn -0.1790 -0.9834 -0.0284
vn -0.2047 -0.9778 -0.0435
vn -0.5065 -0.8613 0.0394
vn -0.2014 -0.9786 -0.0417
vn -0.1700 -0.9846 -0.0400
vn -0.1819 -0.9827 -0.0341
vn -0.1917 -0.9808 -0.0367
vn -0.1905 -0.9810 -0.0363
vn -0.1859 -0.9820 -0.0336
vn -0.1808 -0.9829 -0.0345
vn -0.1949 -0.9801 -0.0372
vn -0.1995 -0.9791 -0.0407
vn -0.5093 -0.8556 0.0929
vn -0.1985 -0.9800 -0.0159
vn -0.1991 -0.9799 -0.0149
vn 0.1106 -0.9770 0.1823
vn -0.1869 -0.9821 -0.0221
vn -0.2017 -0.9790 -0.0280
vn -0.5100 0.0393 -0.8593
vn -0.8047 0.0700 0.5896
vn -0.8059 0.0682 0.5881
vn -0.8076 0.0731 0.5851
vn -0.4297 0.0774 0.8996
vn 0.6848 -0.5025 -0.5278
vn 0.0223 0.0320 -0.9992
vn -0.9525 0.0521 0.3001
vn 0.5647 -0.1265 0.8155
vn 0.3137 -0.0547 0.9480
vn -0.6132 0.0735 0.7865
vn -0.6132 0.0737 0.7865
vn 0.5061 -0.2778 -0.8165
vn 0.0996 -0.0183 0.9949
vn 0.1025 -0.0219 0.9945
vn -0.9965 0.0291 -0.0777
vn -0.9964 0.0279 -0.0805
vn -0.9960 0.0323 -0.0836
vn -0.2388 0.0455 0.9700
vn 0.7757 -0.2371 0.5849
vn 0.7777 -0.2418 0.5803
vn -0.0757 0.0017 0.9971
vn 0.3003 -0.0568 -0.9522
vn 0.3003 -0.0567 -0.9522
vn 0.1458 0.0366 -0.9886
vn -0.2680 -0.0048 -0.9634
vn -0.7293 0.0335 -0.6834
vn 0.7785 -0.2202 0.5877
vn 0.7785 -0.2201 0.5878
vn 0.7768 -0.2149 0.5920
vn 0.5286 -0.1961 -0.8259
vn 0.1514 0.0700 -0.9860
vn 0.1513 0.0700 -0.9860
vn -0.2378 0.1488 -0.9598
vn -0.6976 0.2094 -0.6852
vn 0.7804 -0.2710 -0.5635
vn -0.9797 0.1841 -0.0798
vn -0.9798 0.1841 -0.0781
vn -0.9800 0.1833 -0.0774
vn 0.9285 -0.2665 0.2586
vn 0.5621 -0.1400 0.8151
vn -0.9370 0.1595 0.3108
vn -0.9370 0.1597 0.3107
vn -0.5951 0.1670 0.7861
vn -0.5951 0.1669 0.7861
vn -0.5948 0.1664 0.7865
vn 0.1027 0.0016 0.9947
vn 0.1003 0.0055 0.9949
vn -0.2368 0.1182 0.9643
vn 0.3003 -0.0569 -0.9522
vn 0.3128 -0.0702 0.9472
vn -0.0654 0.0636 0.9958
vn 0.9360 -0.2708 -0.2249
vn -0.4002 0.1574 0.9028
vn -0.7891 0.1635 0.5921
vn -0.4822 0.1782 -0.8578
vn 0.0410 0.1340 -0.9901
vn 0.0045 0.2249 -0.9744
vn -0.4991 0.1711 -0.8495
vn -0.9180 0.1590 -0.3634
vn -0.9199 0.1454 -0.3643
vn -0.8068 0.1673 0.5666
vn -0.4201 0.1624 0.8928
vn 0.9290 -0.2464 -0.2762
vn -0.0463 0.0429 0.9980
vn 0.3250 -0.1102 0.9393
vn 0.3218 -0.1066 0.9408
vn 0.3979 0.0654 -0.9151
vn -0.2084 0.1263 0.9699
vn 0.1247 -0.0245 0.9919
vn 0.1214 -0.0187 0.9924
vn -0.6008 0.2161 0.7696
vn -0.9354 0.1899 0.2984
vn 0.5527 -0.1915 0.8111
vn 0.5500 -0.1861 0.8142
vn 0.9259 -0.2764 0.2576
vn -0.9915 0.1234 -0.0401
vn 0.7999 -0.1683 -0.5760
vn -0.7677 0.1441 -0.6245
vn -0.2459 0.2241 -0.9430
vn 0.2012 0.1723 -0.9643
vn 0.6095 -0.0615 -0.7904
vn 0.7862 -0.2412 0.5689
vn 0.7858 -0.2458 0.5676
vn -0.8931 0.1988 -0.4036
vn 0.8529 -0.4775 -0.2111
vn 0.9166 -0.3006 0.2636
vn -0.9146 -0.0098 -0.4043
vn -0.9142 -0.0082 -0.4052
vn -0.9136 -0.0055 -0.4065
vn 0.2378 0.9651 0.1100
vn 0.0104 -0.1353 -0.9907
vn -0.3427 0.9277 0.1483
vn -0.1920 -0.1498 -0.9699
vn 0.4309 0.7406 0.5156
vn 0.3997 0.9166 -0.0113
vn 0.0127 0.0632 0.9979
vn -0.3456 -0.0024 0.9384
vn -0.3418 -0.0052 0.9398
vn -0.3422 -0.0178 0.9395
vn -0.1241 -0.1398 0.9824
vn -0.1232 -0.1443 0.9818
vn -0.1246 -0.1443 0.9817
vn 0.1023 0.4921 -0.8645
vn -0.9236 -0.2042 -0.3243
vn 0.2101 -0.3592 -0.9093
vn 0.0914 0.1595 0.9829
vn 0.0827 0.2663 0.9603
vn 0.0817 0.3531 0.9320
vn 0.5981 0.0464 0.8001
vn 0.5989 0.0463 0.7995
vn 0.5972 0.0404 0.8011
vn 0.3337 -0.0206 0.9425
vn 0.3290 -0.0227 0.9440
vn 0.3246 -0.0224 0.9456
vn 0.9458 0.1664 0.2787
vn 0.9446 0.1706 0.2804
vn 0.9440 0.1774 0.2781
vn 0.2204 -0.1594 0.9623
vn 0.2200 -0.1586 0.9625
vn 0.7192 0.4118 0.5597
vn -0.9240 -0.1085 -0.3666
vn -0.9952 0.0213 -0.0956
vn 0.0624 -0.2820 -0.9574
vn 0.2156 0.1219 -0.9689
vn -0.9410 0.1599 -0.2984
vn -0.5585 -0.3953 -0.7292
vn 0.8181 -0.2020 -0.5384
vn -0.9116 0.1381 0.3871
vn -0.9047 0.1672 0.3919
vn -0.8731 0.2656 0.4089
vn 0.3369 -0.2289 0.9133
vn 0.3312 -0.2431 0.9117
vn 0.3341 -0.2327 0.9134
vn -0.1813 0.4519 -0.8735
vn -0.5368 -0.1637 -0.8277
vn 0.1604 0.3802 -0.9109
vn 0.8461 0.3264 -0.4215
vn 0.8435 0.3408 -0.4152
vn 0.2197 -0.1258 -0.9674
vn 0.0691 0.4904 -0.8688
vn 0.4898 0.0047 -0.8718
vn -0.2868 0.0171 -0.9578
vn -0.2868 0.0172 -0.9578
vn -0.9911 0.1155 -0.0662
vn 0.7819 0.2231 0.5821
vn 0.7837 0.2232 0.5797
vn 0.7838 0.2121 0.5836
vn -0.0916 -0.0013 -0.9958
vn 0.4186 0.8516 -0.3156
vn 0.7624 -0.3971 0.5109
vn 0.3219 0.3235 -0.8898
vn 0.9931 0.0532 0.1042
vn 0.9932 0.0541 0.1031
vn 0.9932 0.0548 0.1023
vn 0.5837 -0.7173 -0.3805
vn -0.8048 0.0937 0.5861
vn -0.7941 0.0961 0.6002
vn -0.7888 0.1169 0.6034
vn -0.7562 -0.0569 0.6518
vn -0.0141 -0.0087 0.9999
vn 0.0023 -0.0408 0.9992
vn 0.0071 -0.0643 0.9979
vn -0.9868 -0.1424 -0.0773
vn -0.9865 -0.1441 -0.0784
vn -0.9861 -0.1459 -0.0795
vn 0.0142 0.9616 0.2740
vn -0.9067 0.0818 -0.4137
vn 0.9466 0.1441 0.2885
vn 0.9465 0.1438 0.2890
vn 0.9494 0.1536 0.2738
vn 0.9687 -0.0712 0.2380
vn -0.3726 -0.0825 -0.9243
vn -0.3726 -0.0826 -0.9243
vn -0.3726 -0.0828 -0.9243
vn 0.1830 -0.0916 0.9788
vn 0.1891 -0.0922 0.9776
vn 0.1873 -0.0926 0.9779
vn 0.1027 -0.1124 0.9883
vn 0.8857 -0.0563 -0.4609
vn 0.7099 -0.4198 -0.5656
vn 0.9338 -0.0515 0.3540
vn 0.9295 -0.0717 0.3618
vn 0.9278 -0.0684 0.3668
vn -0.8580 0.1027 0.5033
vn -0.8559 0.1100 0.5054
vn -0.8536 0.1053 0.5102
vn 0.7486 0.2808 -0.6007
vn 0.7483 0.2768 -0.6029
vn 0.7476 0.2691 -0.6071
vn 0.0095 0.0375 0.9993
vn 0.0122 0.0493 0.9987
vn 0.0115 0.0494 0.9987
vn -0.9950 -0.0986 0.0160
vn -0.9961 -0.0863 0.0180
vn -0.9955 -0.0938 0.0137
vn 0.2387 0.0407 0.9702
vn 0.2215 0.0562 0.9735
vn 0.2033 0.0971 0.9743
vn 0.2541 0.9025 -0.3477
vn 0.8980 0.1291 0.4206
vn 0.3726 0.0554 0.9263
vn 0.0912 0.7033 -0.7050
vn -0.9352 0.1539 -0.3190
vn -0.9326 0.1480 -0.3292
vn -0.9296 0.1414 -0.3405
vn 0.3053 -0.2132 0.9281
vn 0.5774 0.7797 0.2423
vn 0.5774 0.7795 0.2429
vn 0.5774 0.7797 0.2424
vn 0.9892 0.0520 -0.1367
vn 0.9893 0.0500 -0.1373
vn 0.9893 0.0423 -0.1395
vn 0.4914 0.8696 0.0488
vn 0.7215 0.2823 -0.6322
vn 0.3105 0.1950 -0.9304
vn -0.7806 -0.1403 0.6090
vn -0.7745 -0.1608 0.6118
vn -0.7741 -0.1892 0.6041
vn -0.2706 0.9172 -0.2923
vn -0.9667 -0.0479 0.2515
vn -0.9625 -0.0095 0.2711
vn -0.9648 -0.0331 0.2610
vn 0.0619 0.2577 -0.9642
vn -0.8946 0.2076 0.3957
vn -0.9234 0.0879 0.3737
vn -0.9681 0.1684 -0.1857
vn -0.9679 0.1592 -0.1945
vn -0.9690 0.1438 -0.2011
vn 0.9623 0.1240 0.2420
vn 0.9589 0.0989 0.2660
vn 0.9600 0.1025 0.2605
vn -0.9999 -0.0120 -0.0017
vn 0.1059 0.0397 -0.9936
vn -0.7166 0.0334 0.6967
vn -0.7084 0.0601 0.7032
vn -0.7116 0.0375 0.7015
vn -0.9322 0.3584 0.0496
vn -0.9293 0.3655 0.0527
vn -0.9321 0.3579 0.0559
vn 0.6437 -0.3712 -0.6693
vn 0.6997 0.1475 -0.6991
vn -0.3054 0.1468 0.9408
vn -0.3069 0.1457 0.9405
vn -0.3089 0.1425 0.9404
vn 0.8758 -0.0214 -0.4823
vn 0.8766 -0.0164 -0.4810
vn 0.8774 -0.0108 -0.4796
vn 0.3115 -0.0794 0.9469
vn 0.3146 -0.0777 0.9460
vn 0.3174 -0.0795 0.9450
vn 0.3557 -0.1045 0.9287
vn 0.3528 -0.0985 0.9305
vn 0.3487 -0.0850 0.9334
vn -0.9557 0.1328 -0.2627
vn -0.9553 0.1330 -0.2639
vn -0.9551 0.1353 -0.2635
vn 0.9599 -0.0470 0.2762
vn 0.9594 -0.0445 0.2786
vn 0.9611 -0.0522 0.2713
vn -0.9399 -0.1866 -0.2860
vn 0.4125 0.2883 0.8641
vn 0.4096 0.2918 0.8644
vn 0.4071 0.2934 0.8650
vn 0.5056 0.0808 -0.8590
vn -0.9017 -0.1574 0.4028
vn -0.9195 -0.0792 0.3851
vn -0.9168 -0.0253 0.3986
vn -0.1751 -0.0053 0.9845
vn -0.1758 -0.0047 0.9844
vn -0.1753 -0.0021 0.9845
vn -0.2382 -0.2117 -0.9479
vn -0.0465 -0.0454 0.9979
vn -0.0395 -0.0469 0.9981
vn -0.0398 -0.0669 0.9970
vn -0.8516 0.4496 -0.2696
vn -0.9415 0.3084 -0.1358
vn -0.9414 0.3088 -0.1359
vn -0.9403 0.3117 -0.1367
vn -0.5910 0.1446 0.7936
vn -0.6075 0.1378 0.7823
vn -0.6106 0.1426 0.7790
vn -0.3370 0.4216 -0.8418
vn -0.3365 0.4224 -0.8416
vn -0.3349 0.4255 -0.8407
vn 0.0777 0.2576 0.9631
vn 0.0693 0.2613 0.9628
vn 0.0770 0.2664 0.9608
vn -0.0235 0.7099 -0.7039
vn -0.9016 -0.0473 -0.4299
vn 0.1425 0.3818 0.9132
vn -0.2496 0.1288 0.9597
vn -0.2160 0.1335 0.9672
vn -0.1935 0.1445 0.9704
vn 0.6747 -0.6258 0.3914
vn 0.6787 -0.6214 0.3915
vn 0.6912 -0.6069 0.3923
vn -0.0163 0.2672 0.9635
vn -0.0162 0.2676 0.9634
vn -0.0157 0.2670 0.9636
vn -0.0080 0.1381 0.9904
vn -0.0000 0.1802 0.9836
vn -0.0218 0.1733 0.9846
vn -0.0679 0.2154 0.9742
vn -0.0593 0.1966 0.9787
vn -0.0687 0.1260 0.9896
vn -0.4390 0.3423 0.8307
vn -0.4289 0.3334 0.8396
vn -0.4370 0.3274 0.8378
vn 0.8594 0.4010 -0.3173
vn -0.4239 0.2851 0.8597
vn -0.4180 0.2953 0.8591
vn -0.4061 0.2853 0.8681
vn -0.5353 -0.1051 -0.8381
vn -0.2881 0.1535 -0.9452
vn 0.0249 0.0660 0.9975
vn 0.0251 0.0678 0.9974
vn 0.0252 0.0677 0.9974
vn 0.4132 0.7735 -0.4805
vn -0.8925 -0.2535 -0.3730
vn 0.8694 -0.1755 0.4618
vn 0.8634 -0.1965 0.4647
vn 0.8588 -0.1985 0.4723
vn -0.9733 0.0355 -0.2268
vn -0.9735 0.0368 -0.2258
vn -0.9736 0.0374 -0.2253
vn 0.9469 -0.0385 -0.3193
vn 0.1936 0.5599 -0.8056
vn 0.3973 -0.0035 0.9177
vn 0.3990 -0.0078 0.9169
vn 0.3972 -0.0166 0.9176
vn -0.6497 0.1571 0.7438
vn -0.6509 0.1833 0.7367
vn -0.6462 0.2030 0.7357
vn 0.1995 -0.1548 0.9676
vn -0.0165 0.0986 -0.9950
vn 0.4154 0.1356 0.8995
vn 0.4159 0.1319 0.8998
vn 0.4162 0.1282 0.9002
vn 0.8799 0.1612 0.4469
vn 0.8786 0.1612 0.4495
vn 0.8781 0.1655 0.4490
vn -0.0838 -0.3269 -0.9413
vn 0.3493 -0.0725 -0.9342
vn 0.0249 0.1030 -0.9944
vn 0.6622 -0.5918 -0.4596
vn -0.9623 -0.0207 -0.2711
vn -0.9623 -0.0211 -0.2710
vn -0.9621 -0.0137 -0.2724
vn -0.5947 0.6811 -0.4272
vn -0.8735 0.2388 0.4243
vn -0.8737 0.2387 0.4239
vn -0.8736 0.2388 0.4241
vn -0.0070 0.3476 -0.9376
vn -0.2431 -0.3122 -0.9184
vn 0.3037 0.2773 -0.9115
vn 0.7700 0.0990 -0.6304
vn 0.9405 -0.0848 0.3289
vn 0.9388 -0.0844 0.3341
vn 0.9405 -0.0696 0.3327
vn -0.1422 0.2757 -0.9507
vn 0.6864 0.1693 -0.7073
vn -0.6599 0.2174 -0.7192
vn 0.4127 -0.4785 -0.7750
vn -0.7974 0.1010 0.5949
vn -0.7824 0.1181 0.6115
vn -0.7762 0.1246 0.6180
vn -0.2051 0.1493 0.9673
vn 0.8095 -0.3346 0.4825
vn 0.7873 0.0553 -0.6141
vn 0.7873 0.0554 -0.6141
vn -0.9709 0.2321 -0.0587
vn 0.9825 0.1260 -0.1369
vn 0.9824 0.1276 -0.1363
vn 0.9836 0.1096 -0.1430
vn -0.2801 -0.1762 0.9437
vn -0.2808 -0.1761 0.9435
vn -0.2807 -0.1759 0.9435
vn 0.3339 -0.1298 -0.9336
vn 0.0259 0.1114 -0.9934
vn -0.0959 -0.0582 0.9937
vn -0.0884 -0.0616 0.9942
vn -0.0898 -0.0647 0.9938
vn -0.9468 -0.1666 -0.2752
vn -0.1673 0.2856 -0.9436
vn -0.7887 -0.0050 0.6147
vn -0.7869 -0.0090 0.6170
vn -0.7859 -0.0232 0.6179
vn 0.1024 0.3970 -0.9121
vn -0.7061 0.1010 0.7009
vn 0.3626 0.0948 0.9271
vn -0.1360 0.2024 -0.9698
vn -0.3826 -0.0719 -0.9211
vn -0.3825 -0.0720 -0.9211
vn 0.5912 0.2472 0.7677
vn 0.5901 0.2457 0.7690
vn 0.5876 0.2490 0.7699
vn 0.2533 0.1643 0.9533
vn 0.2482 0.1651 0.9545
vn 0.2462 0.1670 0.9547
vn 0.9201 -0.0823 0.3830
vn 0.9176 -0.0644 0.3923
vn 0.9198 -0.0209 0.3917
vn 0.3733 0.6433 0.6684
vn 0.4133 0.4995 0.7614
vn 0.4283 0.4545 0.7811
vn -0.7729 0.1857 0.6067
vn -0.7734 0.1848 0.6063
vn -0.7742 0.1838 0.6056
vn -0.6031 -0.3424 -0.7204
vn -0.0331 0.2956 -0.9547
vn 0.1752 0.9845 0.0064
vn -0.1554 0.1916 0.9691
vn -0.1022 0.1875 0.9769
vn -0.0842 0.1783 0.9804
vn 0.4259 -0.1055 -0.8986
vn 0.7087 0.6352 -0.3071
vn 0.4141 0.2168 0.8841
vn 0.4156 0.2226 0.8819
vn 0.4146 0.2196 0.8831
vn 0.2285 -0.1787 0.9570
vn 0.2252 -0.1890 0.9558
vn 0.2282 -0.1790 0.9570
vn 0.9153 0.2875 -0.2820
vn -0.8630 -0.1919 -0.4673
vn -0.8637 -0.1958 -0.4643
vn -0.8609 -0.1812 -0.4754
vn 0.5193 0.3533 0.7781
vn 0.5202 0.3519 0.7782
vn 0.5193 0.3530 0.7783
vn -0.0539 -0.0810 0.9953
vn 0.7533 0.0844 -0.6522
vn 0.0952 0.6588 -0.7463
vn -0.2058 0.1045 0.9730
vn -0.2402 0.0981 0.9658
vn -0.2597 0.0815 0.9623
vn 0.8294 0.5044 -0.2400
vn -0.2711 0.1006 0.9573
vn -0.2822 0.0866 0.9554
vn -0.2861 0.0875 0.9542
vn -0.9722 0.0635 -0.2255
vn -0.9716 0.0616 -0.2286
vn -0.9708 0.0592 -0.2324
vn -0.7224 -0.0405 0.6903
vn -0.7206 -0.0430 0.6920
vn -0.7217 -0.0455 0.6907
vn -0.0468 0.2006 -0.9786
vn 0.8036 -0.2949 0.5169
vn 0.8010 -0.2953 0.5208
vn 0.7997 -0.2940 0.5235
vn -0.3009 0.3148 0.9002
vn -0.2901 0.2591 0.9213
vn -0.2819 0.2074 0.9368
vn 0.1408 0.4169 -0.8980
vn -0.3531 0.2382 -0.9047
vn -0.1308 0.2406 0.9618
vn -0.0871 0.2523 0.9637
vn -0.0568 0.2319 0.9711
vn -0.7237 0.3379 0.6018
vn -0.7302 0.3224 0.6023
vn -0.7329 0.3156 0.6028
vn 0.8821 -0.2063 0.4234
vn 0.8834 -0.2048 0.4215
vn 0.8834 -0.2066 0.4207
vn -0.1649 0.9849 0.0535
vn -0.1297 0.9559 0.2635
vn -0.1663 0.1259 0.9780
vn -0.1236 0.1341 0.9832
vn -0.1068 0.1537 0.9823
vn 0.3973 -0.0812 0.9141
vn 0.4003 -0.0844 0.9125
vn 0.3999 -0.0975 0.9113
vn -0.7479 -0.4914 0.4462
vn -0.7505 -0.4870 0.4467
vn -0.7458 -0.4915 0.4496
vn 0.3074 0.3812 -0.8719
vn 0.1209 0.0425 -0.9918
vn -0.8879 -0.0919 -0.4508
vn -0.3589 -0.1590 0.9197
vn -0.0709 -0.2071 -0.9758
vn 0.1748 -0.1495 0.9732
vn 0.1706 -0.1467 0.9744
vn 0.1710 -0.1436 0.9747
vn 0.7983 -0.3823 0.4653
vn 0.7981 -0.3820 0.4659
vn 0.7984 -0.3812 0.4660
vn 0.3811 0.0294 0.9241
vn 0.3722 0.0146 0.9281
vn 0.3715 0.0217 0.9282
vn -0.9321 0.1161 0.3432
vn -0.9300 0.1190 0.3477
vn -0.9292 0.1220 0.3489
vn -0.8701 -0.1974 -0.4516
vn 0.1851 -0.1413 0.9725
vn 0.1945 -0.1440 0.9703
vn 0.1987 -0.1458 0.9692
vn 0.0240 -0.1238 -0.9920
vn -0.9151 -0.0113 0.4030
vn -0.9176 -0.0128 0.3973
vn -0.9168 0.0002 0.3993
vn 0.9296 -0.1096 -0.3520
vn -0.8268 -0.2909 -0.4815
vn -0.8270 -0.2872 -0.4832
vn -0.8286 -0.2614 -0.4950
vn -0.1234 0.0654 0.9902
vn 0.0810 -0.0667 -0.9945
vn 0.4278 -0.3592 0.8294
vn 0.1112 -0.1595 0.9809
vn -0.1413 -0.6088 -0.7807
vn 0.5870 0.1909 -0.7867
vn 0.8304 -0.3142 0.4602
vn 0.8289 -0.3146 0.4625
vn 0.8282 -0.3143 0.4639
vn -0.5199 0.4047 -0.7523
vn -0.9443 0.1988 -0.2621
vn 0.0583 0.4278 -0.9020
vn 0.9828 -0.1686 -0.0752
vn 0.9429 -0.0643 0.3269
vn 0.2183 0.6178 -0.7554
vn -0.7977 -0.1368 0.5873
vn -0.2536 -0.0201 0.9671
vn 0.5119 0.1427 0.8471
vn -0.6977 0.1199 0.7063
vn -0.7136 0.1579 0.6825
vn -0.6915 0.2372 0.6823
vn -0.6835 -0.1569 0.7129
vn -0.6790 -0.1615 0.7162
vn -0.6824 -0.1582 0.7137
vn -0.1042 -0.0158 0.9944
vn -0.1380 -0.0017 0.9904
vn -0.1448 0.0089 0.9894
vn 0.9391 0.3067 0.1550
vn 0.3366 -0.0354 0.9410
vn 0.3167 -0.0283 0.9481
vn 0.3131 -0.0283 0.9493
vn 0.2037 -0.1788 0.9626
vn -0.9572 -0.0291 -0.2879
vn 0.0010 -0.0639 0.9980
vn 0.0177 -0.0704 0.9974
vn 0.0244 -0.0756 0.9968
vn -0.1718 -0.1360 -0.9757
vn -0.2480 -0.0519 -0.9674
vn -0.9272 0.2877 -0.2400
vn 0.3207 0.1226 0.9392
vn 0.3104 0.1206 0.9429
vn 0.3058 0.1263 0.9437
vn 0.4100 0.1204 -0.9041
vn 0.5459 0.2777 -0.7905
vn 0.5460 0.2769 -0.7907
vn 0.5463 0.2748 -0.7913
vn 0.0054 -0.1167 0.9932
vn -0.6479 0.6232 0.4381
vn -0.5714 0.6929 0.4398
vn -0.5415 0.7547 0.3705
vn 0.2706 -0.2169 0.9379
vn 0.2714 -0.2190 0.9372
vn 0.2703 -0.2230 0.9366
vn -0.1615 0.0507 0.9856
vn -0.1646 0.0421 0.9855
vn -0.1637 0.0434 0.9855
vn 0.5855 -0.3989 0.7057
vn -0.3619 0.1522 0.9197
vn -0.3658 0.1541 0.9178
vn -0.3626 0.1630 0.9176
vn 0.8551 0.1391 0.4995
vn 0.8517 0.1420 0.5044
vn 0.8527 0.1438 0.5023
vn 0.3580 -0.2467 0.9005
vn 0.5073 -0.3587 0.7835
vn -0.3367 -0.1524 -0.9292
vn 0.8674 -0.1459 0.4757
vn 0.8623 -0.1489 0.4841
vn 0.8592 -0.1466 0.4902
vn 0.8942 0.1894 0.4057
vn 0.8944 0.1954 0.4024
vn 0.8953 0.2007 0.3976
vn -0.0432 -0.4583 -0.8878
vn -0.9307 0.2170 -0.2946
vn 0.3557 -0.2210 0.9081
vn 0.4365 0.2846 -0.8535
vn -0.4049 0.9075 -0.1120
vn -0.4048 0.9075 -0.1118
vn -0.4048 0.9075 -0.1119
vn 0.8815 -0.0152 -0.4720
vn -0.9886 -0.1225 -0.0870
vn -0.9881 -0.1224 -0.0929
vn -0.9887 -0.1157 -0.0955
vn -0.9034 0.0991 0.4171
vn -0.8966 0.1109 0.4287
vn -0.8988 0.0919 0.4287
vn -0.1068 -0.2593 -0.9599
vn -0.4669 -0.2886 0.8359
vn -0.4679 -0.2879 0.8356
vn -0.4673 -0.2886 0.8357
vn -0.9750 -0.1980 -0.1011
vn -0.9764 -0.1950 -0.0928
vn -0.9770 -0.1937 -0.0886
vn 0.6441 0.2328 -0.7286
vn 0.8101 0.0738 0.5816
vn 0.8122 0.0431 0.5817
vn 0.8112 0.0322 0.5839
vn -0.0152 -0.0857 0.9962
vn -0.0151 -0.0834 0.9964
vn -0.0151 -0.0824 0.9965
vn -0.7714 0.5631 -0.2964
vn -0.1529 0.2581 0.9539
vn -0.1209 0.2795 0.9525
vn -0.1216 0.2886 0.9497
vn -0.8255 0.2784 0.4910
vn -0.8307 0.2676 0.4882
vn -0.8296 0.2700 0.4888
vn 0.6905 -0.5709 0.4442
vn 0.7750 0.2349 -0.5867
vn -0.9627 0.0437 -0.2670
vn -0.9608 0.0525 -0.2722
vn -0.9662 0.0260 -0.2564
vn -0.7375 0.2003 0.6450
vn 0.1613 -0.1095 0.9808
vn -0.3465 0.2073 -0.9149
vn -0.1523 -0.5262 -0.8366
vn -0.3788 -0.0432 -0.9245
vn 0.2303 -0.1708 0.9580
vn -0.0812 0.0805 0.9934
vn -0.0763 0.0669 0.9948
vn -0.0741 0.0441 0.9963
vn 0.3083 -0.0040 0.9513
vn 0.3052 0.0068 0.9523
vn 0.3044 0.0256 0.9522
vn -0.2487 0.3838 -0.8893
vn -0.2658 -0.1336 0.9547
vn -0.2661 -0.1417 0.9535
vn -0.2674 -0.1648 0.9494
vn 0.3413 -0.1885 0.9209
vn 0.3371 -0.1880 0.9225
vn 0.3346 -0.1867 0.9237
vn 0.6732 0.0489 0.7378
vn 0.6760 0.0582 0.7346
vn 0.6833 0.0518 0.7283
vn -0.1247 0.3675 -0.9216
vn 0.5895 -0.0742 0.8043
vn 0.5871 -0.0800 0.8055
vn 0.5868 -0.0778 0.8060
vn -0.8530 -0.2026 -0.4809
vn -0.8530 -0.2017 -0.4813
vn -0.8528 -0.2081 -0.4790
vn -0.9994 0.0264 -0.0235
vn -0.9995 0.0209 -0.0250
vn -0.9992 0.0233 -0.0312
vn -0.7756 -0.6295 0.0465
vn -0.7778 -0.6267 0.0477
vn -0.7746 -0.6304 0.0502
vn -0.9921 -0.0148 0.1244
vn -0.9931 -0.0378 0.1112
vn -0.9941 0.0004 0.1089
vn -0.8102 -0.4128 0.4161
vn -0.0954 0.1758 -0.9798
vn -0.2128 0.0540 -0.9756
vn 0.8594 -0.2025 0.4695
vn 0.8711 -0.1855 0.4547
vn 0.1737 -0.1112 0.9785
vn -0.0155 0.2282 -0.9735
vn 0.9113 -0.0007 -0.4117
vn 0.3522 0.2779 0.8937
vn 0.3523 0.2719 0.8955
vn 0.3482 0.2568 0.9016
vn -0.3187 -0.6530 -0.6870
vn -0.8879 -0.4592 0.0278
vn -0.8873 -0.4603 0.0280
vn -0.8895 -0.4563 0.0263
vn 0.0517 -0.0257 0.9983
vn 0.0379 -0.0181 0.9991
vn 0.0377 -0.0114 0.9992
vn -0.8729 0.4495 0.1898
vn -0.8783 0.4424 0.1814
vn -0.8767 0.4458 0.1806
vn 0.1237 -0.1066 0.9866
vn 0.7427 0.4672 -0.4798
vn 0.0080 0.2359 -0.9718
vn -0.0050 0.0047 1.0000
vn 0.0115 0.0213 0.9997
vn 0.0268 0.0514 0.9983
vn 0.2150 -0.1503 0.9650
vn 0.2129 -0.1480 0.9658
vn 0.2130 -0.1497 0.9655
vn 0.8286 0.5598 0.0090
vn 0.8286 0.5598 0.0089
vn 0.2677 -0.1426 0.9529
vn 0.3392 0.6218 -0.7059
vn 0.0474 -0.2028 -0.9781
vn 0.2264 -0.3575 -0.9060
vn 0.0245 0.1624 -0.9864
vn 0.2731 0.0756 0.9590
vn 0.2651 0.0669 0.9619
vn 0.2779 0.0753 0.9576
vn 0.0063 -0.1423 0.9898
vn -0.5013 -0.1980 -0.8423
vn 0.9757 -0.1595 -0.1504
vn 0.9757 -0.1594 -0.1504
vn 0.4202 -0.2370 0.8759
vn 0.1221 -0.1222 0.9850
vn 0.1222 -0.1215 0.9851
vn 0.1253 -0.1248 0.9842
vn -0.8454 0.5166 -0.1356
vn -0.8451 0.5171 -0.1358
vn -0.8456 0.5164 -0.1355
vn 0.0088 -0.1204 0.9927
vn 0.0125 -0.1199 0.9927
vn 0.0130 -0.1272 0.9918
vn 0.9259 0.0834 0.3684
vn 0.9228 0.0979 0.3726
vn 0.9201 0.1162 0.3741
vn -0.1965 0.3256 0.9249
vn -0.2092 0.3201 0.9240
vn -0.2131 0.3065 0.9277
vn -0.2291 -0.2769 -0.9332
vn 0.1602 -0.5148 -0.8422
vn 0.2340 0.4952 -0.8366
vn 0.9977 -0.0641 -0.0238
vn 0.6484 0.0820 -0.7568
vn -0.5089 -0.0577 0.8589
vn -0.5240 -0.0596 0.8496
vn -0.5303 -0.0579 0.8458
vn 0.3314 -0.0912 0.9391
vn 0.3297 -0.0927 0.9395
vn 0.3298 -0.0925 0.9395
vn -0.1370 -0.3778 -0.9157
vn -0.0032 0.0516 -0.9987
vn 0.1432 0.0114 -0.9896
vn 0.1910 -0.1056 -0.9759
vn -0.1879 0.1918 -0.9633
vn -0.2930 0.6669 0.6851
vn 0.3006 0.1473 -0.9423
vn 0.0931 -0.0455 0.9946
vn 0.0928 -0.0396 0.9949
vn 0.0970 -0.0444 0.9943
vn -1.0000 0.0014 0.0086
vn -0.1163 -0.1496 0.9819
vn -0.1860 0.1644 0.9687
vn -0.1572 0.1742 0.9721
vn -0.1354 0.1859 0.9732
vn 0.2644 -0.0667 -0.9621
vn -0.1206 0.6838 -0.7196
vn 0.9558 -0.2887 -0.0549
vn 0.9343 -0.3552 0.0311
vn 0.3668 0.3432 -0.8647
vn -0.1454 -0.1332 0.9804
vn -0.1454 -0.1334 0.9803
vn -0.1455 -0.1332 0.9803
vn 0.2044 -0.1426 0.9684
vn 0.1958 -0.1396 0.9706
vn 0.1927 -0.1367 0.9717
vn -0.2773 0.2923 -0.9152
vn -0.3234 -0.5935 -0.7370
vn -0.0928 0.0373 -0.9950
vn 0.0168 -0.0875 0.9960
vn 0.0237 -0.0872 0.9959
vn 0.0264 -0.0892 0.9957
vn -0.4370 0.8948 0.0916
vn -0.7938 -0.0834 -0.6024
vn 0.3256 -0.2000 0.9241
vn 0.3232 -0.1999 0.9250
vn 0.3218 -0.1992 0.9256
vn 0.9658 0.0735 0.2488
vn 0.9653 0.0678 0.2521
vn 0.9644 0.0625 0.2570
vn 0.3579 0.1006 0.9283
vn 0.3509 0.0893 0.9321
vn 0.3504 0.1001 0.9312
vn 0.1053 -0.0968 0.9897
vn 0.9320 0.0827 0.3528
vn 0.9325 0.0888 0.3501
vn 0.9333 0.0827 0.3495
vn 0.9434 0.2823 0.1740
vn -0.4616 -0.1362 0.8766
vn -0.4794 -0.1415 0.8661
vn -0.4781 -0.1639 0.8629
vn -0.5566 0.1016 0.8246
vn -0.5653 0.0996 0.8188
vn -0.5738 0.0979 0.8131
vn 0.6994 -0.5673 0.4348
vn 0.1154 -0.1418 0.9831
vn -0.3078 -0.2114 0.9277
vn -0.3082 -0.2113 0.9276
vn -0.3081 -0.2113 0.9276
vn 0.6269 -0.2937 -0.7216
vn -0.1101 0.2515 -0.9616
vn -0.9590 -0.2821 0.0275
vn -0.9575 -0.2873 0.0250
vn -0.9611 -0.2755 0.0206
vn 0.8565 0.0124 0.5161
vn 0.8548 0.0312 0.5180
vn 0.8543 0.0366 0.5186
vn -0.0840 0.6179 -0.7817
vn -0.2621 0.0128 -0.9649
vn 0.0060 0.4176 -0.9086
vn 0.0059 0.4176 -0.9086
vn 0.0060 0.4175 -0.9086
vn 0.0331 -0.0718 -0.9969
vn -0.3641 -0.0890 0.9271
vn -0.3520 -0.0920 0.9315
vn -0.3457 -0.0886 0.9342
vn 0.0416 0.1523 -0.9875
vn -0.4509 0.1832 0.8736
vn -0.4679 0.1876 0.8636
vn -0.4744 0.1709 0.8635
vn 0.2591 -0.5095 -0.8205
vn 0.2562 0.3110 0.9152
vn 0.3207 0.1665 0.9324
vn 0.3479 0.0067 0.9375
vn -0.2503 -0.1241 0.9602
vn -0.2527 -0.1253 0.9594
vn -0.2545 -0.1260 0.9588
vn -0.9132 -0.1617 0.3740
vn -0.1850 -0.0224 -0.9825
vn -0.1034 -0.1109 0.9884
vn -0.1126 0.3543 -0.9283
vn -0.4500 -0.2200 0.8655
vn -0.4564 -0.2129 0.8639
vn -0.4497 -0.2196 0.8658
vn -0.0853 0.1034 0.9910
vn -0.4819 0.0975 0.8708
vn -0.5029 0.0417 0.8633
vn -0.4929 0.0583 0.8681
vn 0.2390 -0.1943 0.9514
vn 0.2382 -0.2003 0.9503
vn 0.2407 -0.1893 0.9520
vn 0.9325 0.3252 0.1573
vn 0.5007 0.3751 -0.7802
vn 0.9909 -0.1254 -0.0493
vn -0.1171 0.3609 -0.9252
vn -0.2233 0.1771 0.9585
vn -0.2124 0.1842 0.9597
vn -0.2168 0.1652 0.9621
vn 0.0194 0.9015 -0.4323
vn -0.7963 -0.0008 -0.6049
vn 0.5518 -0.1063 0.8272
vn 0.5547 -0.0972 0.8263
vn 0.5643 -0.0934 0.8203
vn -0.0488 -0.1448 0.9883
vn -0.9270 0.2174 -0.3055
vn 0.8139 -0.5785 0.0534
vn 0.4919 0.7613 -0.4224
vn -0.2318 -0.2489 -0.9404
vn -0.7327 -0.5393 -0.4150
vn 0.4273 0.0140 0.9040
vn 0.4264 0.0447 0.9034
vn 0.4237 0.0607 0.9038
vn 0.9975 -0.0289 -0.0649
vn -0.9745 -0.2089 -0.0821
vn -0.1560 0.3227 -0.9335
vn 0.7366 0.4896 0.4665
vn 0.7370 0.4888 0.4668
vn 0.5255 0.7619 0.3787
vn -0.8794 -0.1559 -0.4499
vn -0.0255 0.0103 0.9996
vn -0.0199 0.0211 0.9996
vn -0.0194 0.0036 0.9998
vn -0.1341 0.3598 -0.9234
vn 0.7799 0.2097 0.5897
vn 0.7827 0.2182 0.5828
vn 0.7835 0.2271 0.5784
vn 0.2227 -0.0421 0.9740
vn 0.2054 -0.0629 0.9766
vn 0.1960 -0.0710 0.9780
vn -0.8182 -0.0328 0.5740
vn -0.8178 -0.0289 0.5748
vn 0.6621 -0.2450 -0.7082
vn -0.0685 0.2845 0.9562
vn -0.0680 0.2766 0.9586
vn -0.0699 0.2679 0.9609
vn 0.1675 -0.0580 -0.9842
vn 0.0057 0.9999 0.0123
vn -0.6236 -0.7180 -0.3092
vn 0.9900 0.0374 0.1361
vn -0.9968 0.0439 -0.0673
vn -0.9968 0.0370 -0.0702
vn -0.9966 0.0315 -0.0758
vn -0.4136 -0.3156 -0.8540
vn 0.4041 0.2377 0.8833
vn 0.4055 0.2366 0.8829
vn 0.4045 0.2399 0.8825
vn 0.9419 0.1778 0.2850
vn 0.9391 0.1840 0.2901
vn 0.9345 0.2089 0.2882
vn 0.1559 0.9875 0.0223
vn 0.4341 0.0740 0.8978
vn -0.9906 -0.1367 -0.0070
vn -0.9930 -0.1181 0.0037
vn -0.9899 -0.1417 -0.0055
vn 0.4949 0.6619 -0.5630
vn 0.4967 0.3543 0.7923
vn 0.4970 0.3544 0.7921
vn 0.4969 0.3543 0.7922
vn 0.7396 -0.6649 0.1045
vn -0.9037 0.0605 0.4239
vn -0.9029 0.0967 0.4189
vn -0.8990 0.1605 0.4074
vn 0.9734 -0.2253 -0.0420
vn 0.9734 -0.2252 -0.0420
vn 0.9730 -0.2268 -0.0419
vn -0.0158 0.1037 -0.9945
vn -0.1583 0.2456 0.9563
vn -0.1656 0.2303 0.9589
vn -0.1813 0.2348 0.9550
vn 0.9088 -0.1161 -0.4008
vn 0.8841 -0.2105 0.4172
vn 0.8838 -0.2062 0.4201
vn 0.8852 -0.2107 0.4148
vn -0.9201 -0.1239 -0.3717
vn -0.9197 -0.1276 -0.3712
vn -0.9223 -0.0938 -0.3750
vn -0.0933 -0.0844 -0.9921
vn -0.1416 0.5600 -0.8163
vn 0.9357 0.1234 0.3305
vn 0.9318 0.1377 0.3358
vn 0.9269 0.1627 0.3381
vn 0.9628 -0.2516 0.0983
vn 0.9629 -0.2513 0.0985
vn 0.9631 -0.2501 0.0990
vn 0.2004 -0.5076 -0.8380
vn -0.3838 -0.4210 -0.8219
vn 0.4068 -0.0218 0.9132
vn 0.4027 -0.0274 0.9149
vn 0.4008 -0.0291 0.9157
vn 0.7050 -0.1264 -0.6979
vn -0.1249 -0.0078 -0.9921
vn 0.4090 0.8982 0.1613
vn 0.4088 0.8984 0.1608
vn 0.4090 0.8982 0.1610
vn -0.9899 0.0472 -0.1340
vn -0.9904 0.0504 -0.1284
vn -0.9909 0.0567 -0.1221
vn 0.9346 -0.3499 -0.0637
vn 0.9349 -0.3492 -0.0634
vn 0.9358 -0.3469 -0.0622
vn 0.1558 0.8655 -0.4761
vn -0.9270 -0.1490 -0.3443
vn -0.9272 -0.1471 -0.3446
vn -0.9221 -0.1879 -0.3381
vn 0.9423 -0.3242 0.0835
vn 0.9423 -0.3243 0.0834
vn 0.9421 -0.3249 0.0831
vn 0.8253 0.1537 0.5434
vn 0.8258 0.1548 0.5423
vn 0.8264 0.1522 0.5422
vn 0.0622 0.1878 0.9802
vn -0.2370 0.5590 -0.7946
vn 0.9992 -0.0117 -0.0378
vn 0.6541 0.6015 0.4586
vn 0.6539 0.6029 0.4571
vn 0.6538 0.6034 0.4565
vn 0.0749 0.2651 0.9613
vn 0.0810 0.2663 0.9605
vn 0.0887 0.2550 0.9629
vn 0.6983 -0.7035 0.1319
vn -0.9417 -0.0355 0.3346
vn -0.9430 -0.0372 0.3306
vn -0.9434 -0.0350 0.3299
vn -0.1168 0.8476 -0.5177
vn 0.7896 -0.0204 -0.6133
vn 0.7896 -0.0203 -0.6133
vn 0.8790 -0.4765 0.0189
vn -0.6781 -0.2167 0.7023
vn -0.6687 -0.2264 0.7083
vn -0.6774 -0.2188 0.7023
vn -0.8386 -0.2976 0.4562
vn -0.8371 -0.3026 0.4558
vn -0.8414 -0.2981 0.4507
vn -0.8586 -0.1736 0.4824
vn -0.8582 -0.1798 0.4808
vn -0.8641 -0.1701 0.4738
vn -0.6060 -0.3868 0.6951
vn -0.6156 -0.3778 0.6915
vn -0.6050 -0.3867 0.6960
vn -0.9307 0.0728 0.3586
vn -0.9275 0.0751 0.3662
vn -0.9265 0.0583 0.3718
vn -0.9355 0.0371 0.3515
vn -0.9320 0.0747 0.3547
vn -0.9303 0.0579 0.3623
vn 0.7340 0.5069 -0.4521
vn 0.8754 -0.0991 0.4732
vn 0.8896 -0.0980 0.4462
vn 0.8868 -0.1110 0.4487
vn 0.4508 0.8591 -0.2422
vn 0.9151 0.1298 0.3818
vn 0.9155 0.1303 0.3805
vn 0.9165 0.1314 0.3778
vn -0.2556 -0.2431 -0.9357
vn 0.6528 0.6852 -0.3229
vn -0.7601 0.5312 -0.3742
vn -0.7601 0.5313 -0.3741
vn 0.1696 -0.2923 -0.9412
vn -0.9495 0.2896 0.1210
vn -0.9495 0.2896 0.1209
vn 0.3604 0.4020 -0.8417
vn -0.9771 0.1749 -0.1215
vn -0.9736 0.1952 -0.1181
vn -0.9735 0.1927 -0.1234
vn 0.3909 0.4593 -0.7977
vn -0.4276 0.7977 0.4252
vn -0.4349 0.7945 0.4238
vn -0.4460 0.7895 0.4217
vn -0.5126 0.0613 0.8565
vn -0.4596 0.0645 0.8858
vn -0.4280 0.0653 0.9014
vn -0.0586 0.0945 0.9938
vn -0.0505 0.1049 0.9932
vn -0.0399 0.1032 0.9939
vn 0.0074 0.1921 0.9813
vn 0.0183 0.1923 0.9812
vn 0.0218 0.1883 0.9819
vn 0.2537 0.7502 0.6106
vn 0.2357 0.7715 0.5909
vn 0.2742 0.7696 0.5766
vn -0.3646 0.5516 0.7502
vn -0.3647 0.5481 0.7527
vn -0.3651 0.5369 0.7605
vn 0.8778 0.3240 -0.3527
vn -0.2102 -0.0146 -0.9775
vn 0.8847 0.1017 0.4549
vn 0.8841 0.1007 0.4563
vn 0.8838 0.1014 0.4567
vn 0.3459 0.2233 0.9113
vn 0.3442 0.2259 0.9113
vn 0.3444 0.2312 0.9099
vn 0.8201 -0.1279 -0.5577
vn 0.2733 0.6293 0.7276
vn 0.2733 0.6292 0.7276
vn -0.0722 -0.2325 -0.9699
vn 0.5237 0.0665 -0.8493
vn -0.3390 0.2354 -0.9109
vn 0.1673 0.2155 0.9621
vn -0.9533 -0.1614 -0.2553
vn -0.6636 0.5835 -0.4681
vn -0.8584 -0.1997 0.4724
vn -0.8612 -0.1882 0.4722
vn -0.8632 -0.1793 0.4719
vn 0.1662 -0.1002 -0.9810
vn 0.0145 0.2628 0.9648
vn 0.0119 0.2608 0.9653
vn 0.0104 0.2624 0.9649
vn 0.1715 0.2004 0.9646
vn 0.1715 0.2003 0.9646
vn 0.0408 -0.0635 -0.9971
vn -0.9305 -0.0812 0.3573
vn -0.9318 -0.0692 0.3563
vn -0.9318 -0.0573 0.3584
vn -0.9095 -0.0938 -0.4049
vn 0.8600 -0.1015 0.5001
vn -0.7737 0.5826 -0.2490
vn 0.5630 0.0998 0.8204
vn 0.5728 0.1155 0.8115
vn 0.6092 0.0867 0.7883
vn -0.7316 0.2447 0.6363
vn 0.3670 0.6519 -0.6636
vn -0.1669 0.1027 -0.9806
vn 0.9809 0.1930 -0.0233
vn -0.9786 0.1974 -0.0585
vn -0.2539 -0.0878 -0.9632
vn -0.2516 0.9623 -0.1029
vn -0.2513 0.9625 -0.1025
vn -0.9528 0.0619 0.2972
vn -0.1881 0.1543 -0.9700
vn -0.0974 0.0877 0.9914
vn -0.0975 0.0877 0.9914
vn -0.0310 0.7421 -0.6695
vn -0.8143 0.3226 0.4826
vn -0.8168 0.3210 0.4793
vn -0.8186 0.3212 0.4762
vn -0.9057 0.3947 -0.1547
vn -0.2363 0.0115 -0.9716
vn 0.3825 0.6315 0.6745
vn 0.7886 0.3175 0.5266
vn 0.7904 0.3277 0.5175
vn 0.7968 0.2853 0.5326
vn 0.5744 0.2693 -0.7730
vn -0.8265 0.1955 0.5279
vn -0.8281 0.2178 0.5166
vn -0.8220 0.2298 0.5211
vn -0.8828 -0.1617 -0.4411
vn 0.4510 -0.1064 0.8861
vn -0.9094 0.0381 0.4142
vn -0.9046 0.0772 0.4192
vn -0.8883 0.1771 0.4237
vn -0.9754 -0.1345 -0.1746
vn -0.9541 -0.2449 -0.1722
vn -0.2897 0.1626 -0.9432
vn 0.2676 0.2214 -0.9378
vn 0.9160 -0.1557 -0.3697
vn -0.0430 0.2648 -0.9634
vn 0.3944 0.3697 0.8413
vn 0.3926 0.4114 0.8226
vn 0.3880 0.4094 0.8258
vn -0.9260 0.1818 -0.3308
vn -0.9059 0.0409 -0.4216
vn 0.7895 -0.0088 -0.6137
vn 0.8851 0.3193 0.3384
vn 0.8849 0.3241 0.3344
vn 0.8847 0.3280 0.3312
vn 0.0834 -0.0626 0.9945
vn -0.7619 -0.1773 0.6230
vn 0.6274 0.3556 -0.6928
vn -0.1325 0.2187 0.9668
vn -0.1199 0.2357 0.9644
vn -0.0931 0.2106 0.9731
vn 0.0029 0.3246 0.9458
vn -0.0000 0.3184 0.9479
vn -0.0022 0.3210 0.9471
vn -0.9998 -0.0103 0.0146
vn -0.9999 0.0006 0.0166
vn 0.6595 -0.2366 -0.7135
vn -0.6424 0.1319 0.7550
vn -0.6395 0.1355 0.7567
vn -0.6377 0.1350 0.7583
vn 0.9961 -0.0676 -0.0563
vn 0.9819 -0.1865 -0.0321
vn -0.1533 -0.3739 -0.9147
vn -0.3531 -0.0847 0.9318
vn -0.3564 -0.0874 0.9302
vn -0.3561 -0.0818 0.9308
vn 0.1835 0.0081 -0.9830
vn -0.1469 0.2049 0.9677
vn -0.1808 0.2377 0.9544
vn -0.1519 0.3591 0.9208
vn 0.9173 -0.1219 0.3790
vn 0.9175 -0.1244 0.3779
vn 0.9169 -0.1288 0.3777
vn -0.9527 0.2877 -0.0975
vn -0.7743 0.2775 0.5687
vn -0.7729 0.2805 0.5692
vn -0.7729 0.2793 0.5698
vn -0.9676 0.1806 -0.1764
vn -0.9674 0.1816 -0.1767
vn 0.8616 -0.3040 -0.4064
vn 0.4356 0.1581 0.8862
vn 0.4345 0.1573 0.8868
vn 0.4341 0.1833 0.8820
vn 0.1527 0.9788 -0.1365
vn 0.9954 -0.0827 0.0485
vn 0.4704 0.8819 -0.0313
vn 0.4703 0.8819 -0.0315
vn 0.4703 0.8819 -0.0316
vn 0.9967 0.0470 0.0659
vn 0.9964 0.0531 0.0663
vn 0.9910 0.1141 0.0700
vn -0.9115 -0.1687 0.3750
vn -0.9179 -0.1141 0.3800
vn -0.9197 -0.1214 0.3734
vn 0.8932 0.4491 0.0218
vn 0.8945 0.4465 0.0214
vn 0.8986 0.4383 0.0198
vn -0.9378 0.1251 0.3238
vn 0.6988 0.7152 -0.0122
vn -0.7879 -0.2597 0.5583
vn -0.7821 -0.2636 0.5646
vn -0.7870 -0.2595 0.5598
vn 0.9640 0.2474 0.0977
vn 0.9639 0.2476 0.0977
vn 0.9598 0.2629 0.0988
vn -0.7969 -0.1078 0.5945
vn -0.8001 -0.1167 0.5884
vn -0.8078 -0.1017 0.5807
vn -0.2997 -0.0177 -0.9539
vn -0.3418 0.1619 -0.9257
vn -0.9663 0.1321 0.2210
vn -0.8311 0.5462 0.1050
vn -0.9317 -0.1024 0.3485
vn -0.9320 -0.1017 0.3478
vn -0.2282 0.9720 -0.0559
vn 0.9384 0.3135 0.1452
vn 0.9381 0.3162 0.1415
vn 0.9373 0.3193 0.1397
vn 0.4925 0.0670 0.8677
vn 0.4801 0.0499 0.8758
vn 0.4820 0.0732 0.8731
vn 0.0240 -0.1481 0.9887
vn 0.0176 -0.1560 0.9876
vn 0.0159 -0.1527 0.9881
vn 0.9742 0.0213 0.2247
vn 0.9738 0.0191 0.2268
vn 0.9725 0.0311 0.2308
vn 0.8613 0.1209 -0.4935
vn -0.9367 0.0581 -0.3453
vn -0.9381 0.0647 -0.3404
vn -0.9399 0.0740 -0.3333
vn -0.3305 0.2954 -0.8964
vn -0.7073 0.1317 0.6945
vn -0.7153 0.1129 0.6896
vn -0.7178 0.1331 0.6834
vn -0.0079 0.3220 0.9467
vn -0.2848 0.5038 -0.8155
vn -0.1291 -0.0160 -0.9915
vn -0.6526 0.1699 0.7384
vn -0.9702 -0.2022 0.1333
vn 0.7152 -0.1877 -0.6733
vn 0.6624 0.1922 0.7241
vn 0.9984 -0.0407 -0.0381
vn 0.9983 -0.0423 -0.0392
vn 0.9987 -0.0360 -0.0351
vn -0.0970 0.3157 0.9439
vn -0.0986 0.3172 0.9432
vn -0.0979 0.3214 0.9419
vn 0.0471 -0.0004 -0.9989
vn 0.8852 -0.1498 -0.4405
vn -0.7533 0.2982 0.5862
vn 0.9305 -0.1384 0.3390
vn 0.4114 0.0337 0.9108
vn 0.4097 0.0304 0.9117
vn 0.4105 0.0317 0.9113
vn -0.9434 0.2898 -0.1615
vn 0.2039 0.3199 -0.9253
vn -0.9518 0.1201 0.2822
vn -0.9429 0.1365 0.3039
vn -0.9426 0.1301 0.3074
vn 0.9179 0.3245 0.2284
vn 0.9178 0.3252 0.2280
vn 0.9193 0.3209 0.2278
vn -0.9356 0.1502 -0.3196
vn 0.9607 -0.1807 -0.2107
vn -0.9551 0.0727 0.2871
vn -0.9537 0.1002 0.2837
vn -0.9525 0.1153 0.2817
vn 0.9598 0.2752 0.0553
vn 0.9598 0.2750 0.0553
vn 0.9566 0.2859 0.0571
vn 0.8349 0.0601 0.5472
vn 0.8360 0.0490 0.5466
vn 0.8362 0.0422 0.5467
vn -0.9916 -0.1170 -0.0558
vn -0.9930 -0.1031 -0.0570
vn -0.9938 -0.0941 -0.0584
vn -0.2892 -0.0506 -0.9559
vn -0.9612 -0.0236 -0.2747
vn -0.9604 -0.0200 -0.2780
vn -0.9641 -0.0367 -0.2630
vn -0.0461 0.0960 0.9943
vn -0.0442 0.0961 0.9944
vn -0.0439 0.0932 0.9947
vn -0.9968 0.0595 -0.0531
vn -0.9965 0.0539 -0.0635
vn -0.9944 0.0830 -0.0654
vn 0.2687 0.9303 0.2495
vn 0.2722 0.9185 0.2867
vn 0.2379 0.9371 0.2553
vn -0.5311 0.7322 0.4263
vn -0.5354 0.7482 0.3918
vn -0.5303 0.7324 0.4272
vn -0.1829 0.1087 -0.9771
vn -0.2635 0.2930 0.9191
vn -0.2668 0.2984 0.9164
vn -0.2647 0.3098 0.9132
vn -0.2694 -0.0928 -0.9585
vn -0.2452 -0.0008 0.9695
vn -0.2590 0.0774 0.9628
vn -0.2623 0.1060 0.9592
vn -0.0491 -0.5099 -0.8589
vn -0.4232 -0.1736 0.8892
vn 0.0938 0.7206 -0.6869
vn -0.2190 0.9620 0.1628
vn -0.4727 0.1437 0.8694
vn -0.4679 0.1454 0.8717
vn -0.4677 0.1455 0.8718
vn -0.2096 -0.0362 -0.9771
vn -0.1876 -0.2112 0.9593
vn -0.1902 -0.2209 0.9566
vn -0.1893 -0.2143 0.9582
vn 0.0420 -0.0478 -0.9980
vn 0.0659 0.5201 -0.8516
vn -0.4677 0.0321 0.8833
vn -0.4652 0.0381 0.8844
vn -0.4682 0.0331 0.8830
vn -0.4945 0.3503 0.7955
vn -0.1518 -0.3303 0.9316
vn -0.2767 0.3735 -0.8854
vn -0.2727 0.2097 0.9390
vn 0.0352 0.4483 -0.8932
vn -0.3896 -0.0547 0.9194
vn -0.3927 -0.1012 0.9141
vn -0.3879 -0.0973 0.9165
vn -0.0536 -0.4612 -0.8857
vn -0.0394 0.9874 -0.1531
vn -0.0854 -0.3563 -0.9305
vn -0.9570 0.1639 0.2395
vn -0.9574 0.1673 0.2354
vn -0.9575 0.1647 0.2369
vn -0.9316 0.0390 -0.3614
vn 0.1131 0.9778 -0.1764
vn 0.3325 0.0695 0.9405
vn 0.3211 -0.0028 0.9470
vn 0.3308 -0.0147 0.9436
vn 0.8638 -0.2594 -0.4320
vn 0.9647 0.0234 0.2622
vn 0.9628 -0.0416 0.2669
vn 0.9636 -0.0617 0.2603
vn -0.2321 0.7921 -0.5646
vn 0.3050 -0.0924 -0.9479
vn 0.9109 0.2678 0.3140
vn 0.9737 0.0775 -0.2141
vn 0.1565 0.8969 -0.4135
vn -0.2306 0.2040 0.9514
vn -0.2338 0.1994 0.9516
vn -0.2389 0.2016 0.9499
vn -0.9968 -0.0025 -0.0795
vn -0.9968 -0.0015 -0.0794
vn -0.9969 0.0071 -0.0783
vn -0.8221 0.0058 0.5693
vn -0.8294 -0.0014 0.5587
vn -0.8325 0.0016 0.5540
vn 0.5615 0.0078 0.8275
vn 0.5615 0.0008 0.8275
vn 0.5562 -0.0014 0.8311
vn 0.1733 -0.3070 -0.9358
vn 0.9273 -0.2975 0.2271
vn 0.8340 -0.2971 -0.4649
vn -0.2462 0.0337 0.9686
vn -0.2382 0.0717 0.9686
vn -0.2079 0.1918 0.9592
vn -0.9760 0.1495 -0.1581
vn -0.8386 -0.0170 0.5445
vn -0.8469 0.0201 0.5314
vn -0.8357 -0.0287 0.5484
vn 0.3303 -0.2134 0.9194
vn 0.3264 -0.2195 0.9194
vn 0.3257 -0.2138 0.9210
vn 0.5062 0.8035 -0.3134
vn -0.8813 -0.1419 -0.4507
vn -0.8813 -0.1423 -0.4506
vn -0.8807 -0.1510 -0.4489
vn -0.1990 0.0044 -0.9800
vn -0.2418 0.3068 -0.9205
vn -0.0822 0.2478 -0.9653
vn -0.0821 0.2478 -0.9653
vn -0.3135 0.0632 -0.9475
vn -0.3514 0.0455 -0.9351
vn -0.2633 -0.2231 -0.9386
vn -0.9673 0.0121 0.2534
vn -0.9690 0.0068 0.2471
vn -0.9693 0.0235 0.2448
vn -0.9725 -0.0260 0.2314
vn -0.9724 -0.0175 0.2327
vn -0.9716 -0.0158 0.2362
vn -0.9792 0.1148 0.1671
vn -0.9775 0.1236 0.1710
vn -0.9762 0.1263 0.1761
vn -0.9267 0.2607 0.2706
vn -0.9290 0.2612 0.2620
vn -0.9274 0.2648 0.2642
vn -0.9429 -0.1991 -0.2671
vn -0.8950 0.0089 0.4461
vn -0.8879 -0.0467 0.4577
vn -0.8827 -0.0875 0.4617
vn -0.2213 0.0102 0.9751
vn -0.2105 -0.0808 0.9743
vn -0.2042 -0.1330 0.9699
vn 0.3708 0.9006 -0.2269
vn 0.7327 0.4562 0.5050
vn 0.0779 0.4896 0.8685
vn 0.0673 0.5094 0.8579
vn 0.0871 0.5141 0.8533
vn -0.8239 0.1517 0.5461
vn -0.8237 0.1566 0.5449
vn -0.8215 0.1584 0.5478
vn 0.5659 -0.0716 -0.8214
vn 0.8406 -0.2771 0.4654
vn 0.8440 -0.2721 0.4621
vn 0.8412 -0.2781 0.4636
vn 0.9641 -0.0629 -0.2580
vn -0.0295 0.9467 -0.3208
vn -0.3913 0.0203 -0.9200
vn 0.0961 0.9675 -0.2338
vn -0.9301 0.1517 -0.3345
vn -0.9302 0.1511 -0.3346
vn -0.9303 0.1492 -0.3352
vn -0.9753 0.2203 0.0153
vn -0.9713 0.2329 0.0480
vn -0.9738 0.2217 0.0505
vn 0.0171 0.6461 0.7631
vn -0.0152 0.6805 0.7326
vn -0.0468 0.6863 0.7258
vn 0.9554 0.2683 0.1230
vn 0.9554 0.2684 0.1230
vn 0.9548 0.2714 0.1213
vn 0.6479 0.2073 -0.7329
vn -0.3728 0.9241 -0.0844
vn -0.3678 0.9265 -0.0800
vn -0.3627 0.9289 -0.0754
vn -0.7298 0.6266 0.2735
vn -0.7157 0.6371 0.2862
vn -0.7216 0.6320 0.2825
vn 0.1269 0.7636 -0.6331
vn -0.0044 0.7006 -0.7135
vn 0.3951 0.4675 -0.7908
vn -0.8496 0.4008 -0.3428
vn 0.3589 0.5558 -0.7498
vn 0.4806 0.7077 -0.5178
vn -0.0409 0.2047 -0.9780
vn -0.0778 0.4635 0.8826
vn -0.1206 0.4467 0.8865
vn -0.1134 0.4493 0.8862
vn -0.4322 0.0818 0.8981
vn -0.4255 0.0783 0.9016
vn -0.4638 0.0783 0.8825
vn -0.0031 0.2265 0.9740
vn 0.0513 0.2374 0.9701
vn 0.0546 0.2378 0.9698
vn -0.0162 0.3148 0.9490
vn 0.4045 0.2832 0.8696
vn 0.4286 0.2800 0.8590
vn 0.4308 0.2795 0.8581
vn 0.0519 0.3218 0.9454
vn 0.0545 0.3147 0.9476
vn 0.0484 0.3093 0.9497
vn -0.4102 0.2935 0.8635
vn -0.4000 0.2984 0.8666
vn -0.4242 0.2672 0.8652
vn 0.6802 0.3601 -0.6384
vn 0.7478 0.4680 -0.4708
vn 0.0709 -0.1529 -0.9857
vn -0.1887 -0.0237 0.9817
vn -0.1879 -0.0240 0.9819
vn -0.0120 -0.0227 0.9997
vn 0.1355 -0.0367 0.9901
vn 0.2750 -0.1081 0.9553
vn 0.2749 -0.1080 0.9554
vn 0.2745 -0.1082 0.9555
vn 0.4140 -0.2579 0.8730
vn 0.5573 -0.4718 0.6833
vn 0.7635 -0.5577 0.3258
vn 0.7352 -0.6714 0.0931
vn 0.5555 -0.7459 -0.3675
vn 0.1226 -0.5864 -0.8007
vn -0.0734 -0.3520 -0.9331
vn -0.0467 -0.1526 -0.9872
vn 0.0262 -0.0291 -0.9992
vn 0.0403 -0.0071 -0.9992
vn -0.3028 -0.4374 -0.8467
vn -0.4469 -0.6516 -0.6129
vn -0.4468 -0.6516 -0.6130
vn -0.6821 -0.6410 -0.3518
vn -0.8073 -0.5901 0.0032
vn -0.8089 -0.5879 0.0034
vn -0.8062 -0.5916 0.0065
vn -0.7634 -0.5173 0.3868
vn -0.7641 -0.5159 0.3873
vn -0.7624 -0.5176 0.3885
vn -0.6611 -0.3786 0.6478
vn -0.6615 -0.3775 0.6480
vn -0.6606 -0.3774 0.6490
vn -0.5285 -0.2377 0.8150
vn -0.5289 -0.2375 0.8148
vn -0.5288 -0.2371 0.8150
vn -0.3681 -0.1471 0.9181
vn -0.3687 -0.1468 0.9179
vn -0.3686 -0.1468 0.9179
vn 0.3166 -0.0501 0.9472
vn -0.1275 0.4158 -0.9005
vn -0.3090 0.9048 -0.2931
vn -0.0146 0.6384 0.7695
vn -0.0146 0.6384 0.7696
vn 0.8255 0.1611 0.5409
vn 0.7709 0.5785 -0.2666
vn 0.0878 0.7774 -0.6229
vn -0.7237 0.3218 0.6105
vn -0.4113 -0.1859 0.8923
vn 0.0528 0.8029 -0.5938
vn 0.0528 0.8029 -0.5937
vn -0.8080 0.4315 0.4012
vn -0.8079 0.4315 0.4014
vn -0.8077 0.4317 0.4015
vn 0.2440 0.8277 -0.5053
vn -0.5431 0.8180 -0.1896
vn 0.0897 -0.1830 0.9790
vn 0.9154 0.3977 -0.0626
vn 0.7430 0.1607 0.6497
vn -0.2690 0.6924 -0.6695
vn 0.1778 0.9049 -0.3866
vn -0.1114 0.6487 0.7528
vn -0.1226 0.8437 -0.5227
vn -0.6418 0.5408 0.5437
vn -0.5227 0.8445 -0.1167
vn 0.9634 0.2230 0.1487
vn 0.5469 -0.0824 0.8331
vn 0.3332 -0.1876 0.9240
vn -0.3937 0.5904 0.7046
vn -0.1835 0.6427 -0.7438
vn -0.1834 0.6422 -0.7442
vn -0.1836 0.6433 -0.7432
vn 0.3094 0.8771 -0.3673
vn -0.8110 0.4942 0.3131
vn -0.8110 0.4942 0.3132
vn 0.9582 -0.0301 0.2845
vn 0.0695 0.8480 -0.5254
vn -0.8201 0.5065 -0.2662
vn -0.1072 0.8243 -0.5560
vn -0.1072 0.8243 -0.5559
vn -0.1351 0.9114 -0.3888
vn -0.1703 0.8862 -0.4309
vn -0.8216 -0.5211 -0.2313
vn 0.2414 -0.8319 0.4997
vn -0.5816 -0.6555 0.4818
vn -0.5859 -0.6544 0.4780
vn 0.0451 -0.7964 0.6030
vn -0.2930 -0.7429 0.6019
vn 0.1612 -0.8289 0.5357
vn -0.1624 -0.7893 0.5921
vn -0.1583 -0.7927 0.5887
vn -0.3764 -0.8433 0.3836
vn 0.5027 -0.7779 0.3771
vn 0.4100 -0.8375 0.3613
vn 0.5071 -0.7793 0.3682
vn -0.7107 -0.5877 0.3867
vn -0.7172 -0.6570 0.2323
vn -0.6455 -0.6191 0.4472
vn -0.3801 -0.8439 0.3787
vn -0.4087 -0.8146 0.4116
vn -0.3801 -0.8438 0.3789
vn -0.1004 -0.7909 0.6036
vn -0.0955 -0.7973 0.5960
vn -0.0953 -0.7988 0.5940
vn 0.0939 -0.8124 0.5755
vn 0.0415 -0.8006 0.5977
vn 0.1630 -0.8278 0.5368
vn -0.2798 -0.7633 0.5823
vn -0.0241 -0.7855 0.6184
vn -0.5490 -0.6659 0.5050
vn -0.7160 -0.6669 0.2063
vn 0.2388 -0.8334 0.4983
vn 0.2388 -0.8335 0.4983
vn -0.8030 -0.5956 -0.0234
vn -0.7873 -0.6138 0.0592
vn 0.3135 -0.2937 0.9030
vn 0.2670 -0.2099 0.9406
vn 0.3343 -0.1775 0.9256
vn 0.5469 -0.0823 0.8331
vn -0.8078 0.4316 0.4015
vn -0.8080 0.4315 0.4013
vn -0.3690 -0.1462 0.9178
vn -0.3687 -0.1459 0.9180
vn -0.3696 -0.1460 0.9176
vn -0.5292 -0.2363 0.8149
vn -0.5290 -0.2352 0.8154
vn -0.5298 -0.2367 0.8144
vn -0.6617 -0.3755 0.6490
vn -0.6611 -0.3743 0.6502
vn -0.6641 -0.3747 0.6470
vn -0.7632 -0.5167 0.3881
vn -0.7609 -0.5195 0.3889
vn -0.7671 -0.5127 0.3857
vn -0.8068 -0.5907 0.0049
vn -0.8015 -0.5979 0.0084
vn -0.8133 -0.5819 -0.0021
vn 0.2748 -0.1080 0.9554
vn -0.1875 -0.0241 0.9820
vn -0.1859 -0.0246 0.9823
vn -0.1888 -0.0237 0.9817
vn -0.4201 0.2733 0.8653
vn -0.4622 0.2383 0.8542
vn -0.3933 0.3171 0.8630
vn 0.0513 0.3071 0.9503
vn 0.0484 0.3041 0.9514
vn 0.0629 0.3133 0.9476
vn 0.4471 0.2812 0.8491
vn 0.4489 0.2807 0.8483
vn 0.4447 0.2842 0.8494
vn -0.0109 0.3052 0.9522
vn 0.0294 0.3095 0.9504
vn -0.0075 0.3187 0.9478
vn 0.0877 0.2538 0.9633
vn 0.0955 0.2592 0.9611
vn 0.0792 0.2581 0.9629
vn -0.4601 0.0798 0.8843
vn -0.5132 0.0930 0.8532
vn -0.4125 0.0849 0.9070
vn -0.1437 0.4393 0.8868
vn -0.1420 0.4396 0.8869
vn -0.1456 0.4406 0.8858
vn -0.7131 0.6384 0.2897
vn -0.7197 0.6313 0.2889
vn -0.7104 0.6393 0.2944
vn 0.0127 0.6130 0.7900
vn 0.0181 0.5804 0.8141
vn 0.0201 0.6405 0.7677
vn -0.9646 0.2541 0.0712
vn -0.9672 0.2392 0.0854
vn -0.9558 0.2880 0.0585
vn 0.8431 -0.2755 0.4619
vn 0.8423 -0.2792 0.4610
vn 0.8493 -0.2641 0.4572
vn -0.8196 0.1622 0.5495
vn -0.8151 0.1643 0.5556
vn -0.8228 0.1643 0.5440
vn 0.7373 0.4464 0.5071
vn 0.7336 0.4858 0.4752
vn 0.7303 0.4705 0.4953
vn -0.1923 -0.2017 0.9604
vn -0.8797 -0.1020 0.4644
vn -0.8757 -0.1075 0.4708
vn -0.8807 -0.0776 0.4674
vn -0.9256 0.2803 0.2544
vn -0.9196 0.2964 0.2580
vn -0.9287 0.2742 0.2496
vn -0.9702 0.1642 0.1779
vn -0.9635 0.1849 0.1935
vn -0.9728 0.1644 0.1630
vn -0.9726 0.0197 0.2316
vn -0.9690 0.0318 0.2450
vn -0.9754 0.0244 0.2192
vn -0.9700 0.0209 0.2421
vn -0.9723 0.0285 0.2321
vn -0.9712 -0.0043 0.2383
vn 0.3234 -0.2182 0.9208
vn 0.3236 -0.2154 0.9214
vn 0.3245 -0.2204 0.9198
vn -0.2159 0.1878 0.9582
vn -0.2175 0.1866 0.9581
vn -0.2253 0.1177 0.9672
vn 0.5543 -0.0328 0.8317
vn 0.5445 -0.0473 0.8374
vn 0.5689 -0.0340 0.8217
vn -0.8350 -0.0345 0.5491
vn -0.8404 -0.0256 0.5414
vn -0.8271 -0.0582 0.5590
vn -0.2420 0.1817 0.9531
vn -0.2488 0.1795 0.9518
vn -0.2310 0.1707 0.9579
vn 0.9023 0.2887 0.3202
vn 0.9113 0.1820 0.3694
vn 0.9096 0.2604 0.3238
vn 0.9612 -0.0942 0.2593
vn 0.9645 -0.0969 0.2455
vn 0.9582 -0.0931 0.2706
vn 0.3354 0.0674 0.9397
vn -0.9576 0.1679 0.2340
vn -0.9575 0.1656 0.2362
vn -0.9577 0.1758 0.2278
vn -0.3919 -0.1177 0.9125
vn -0.3961 -0.1068 0.9120
vn -0.4026 -0.1564 0.9019
vn -0.2792 0.1763 0.9439
vn -0.3413 0.2223 0.9133
vn -0.2657 0.1782 0.9474
vn -0.1598 -0.2992 0.9407
vn -0.1716 -0.3216 0.9312
vn -0.1846 -0.3654 0.9123
vn -0.4671 0.0358 0.8835
vn -0.4691 0.0334 0.8825
vn -0.4610 0.0474 0.8861
vn -0.1920 -0.2190 0.9567
vn -0.1938 -0.2157 0.9570
vn -0.1958 -0.2396 0.9509
vn -0.4644 0.1467 0.8734
vn -0.4644 0.1466 0.8734
vn -0.2656 0.1331 0.9549
vn -0.2603 0.1315 0.9565
vn -0.2672 0.1397 0.9535
vn -0.2665 0.3107 0.9124
vn -0.2655 0.3133 0.9118
vn -0.2728 0.2982 0.9147
vn -0.5422 0.7668 0.3436
vn -0.5305 0.7309 0.4294
vn -0.5503 0.7961 0.2517
vn 0.1926 0.9386 0.2864
vn 0.0721 0.9729 0.2199
vn 0.2166 0.9246 0.3135
vn -0.9933 0.0931 -0.0682
vn -0.9849 0.1600 -0.0662
vn -0.9969 0.0443 -0.0650
vn -0.0421 0.0939 0.9947
vn -0.0401 0.0920 0.9949
vn -0.0409 0.0988 0.9943
vn -0.9970 -0.0445 -0.0637
vn -0.9959 -0.0502 -0.0755
vn -0.9971 -0.0436 -0.0627
vn 0.8365 0.0395 0.5465
vn 0.8367 0.0389 0.5463
vn 0.8369 0.0420 0.5458
vn -0.9516 0.1256 0.2805
vn -0.9515 0.1255 0.2809
vn -0.9516 0.1261 0.2803
vn 0.9214 0.3137 0.2293
vn 0.9250 0.3024 0.2302
vn 0.9159 0.3298 0.2289
vn -0.9366 0.1523 0.3154
vn -0.9347 0.1430 0.3253
vn -0.9384 0.1707 0.3005
vn -0.9466 0.2767 -0.1657
vn -0.9457 0.2749 -0.1733
vn -0.9458 0.2818 -0.1615
vn 0.4092 0.0302 0.9119
vn 0.4090 0.0315 0.9120
vn 0.4064 0.0251 0.9133
vn 0.9336 -0.1155 0.3392
vn -0.7495 0.3118 0.5840
vn -0.7483 0.3190 0.5816
vn -0.1000 0.3214 0.9416
vn -0.1010 0.3230 0.9410
vn -0.1028 0.3157 0.9433
vn 0.6625 0.1568 0.7325
vn 0.6525 0.1104 0.7497
vn 0.6730 0.2685 0.6892
vn -0.6434 0.1691 0.7466
vn -0.6508 0.1432 0.7456
vn -0.6346 0.2014 0.7462
vn -0.0106 0.3148 0.9491
vn 0.0300 0.2527 0.9671
vn -0.0067 0.3134 0.9496
vn -0.7165 0.1059 0.6895
vn -0.7220 0.1524 0.6749
vn -0.7038 0.0498 0.7087
vn 0.9724 0.0500 0.2278
vn 0.9712 0.0706 0.2275
vn 0.9747 -0.0011 0.2236
vn 0.0158 -0.1663 0.9860
vn 0.0092 -0.1612 0.9869
vn 0.0234 -0.1758 0.9841
vn 0.4629 0.0594 0.8844
vn 0.4528 0.0711 0.8888
vn 0.4480 0.0008 0.8940
vn 0.9334 0.3316 0.1373
vn 0.9296 0.3445 0.1312
vn 0.9341 0.3276 0.1422
vn -0.9323 -0.1012 0.3473
vn -0.9331 -0.0995 0.3457
vn -0.9647 0.1363 0.2251
vn -0.9655 0.1569 0.2080
vn -0.8139 -0.1091 0.5707
vn -0.8262 -0.1050 0.5536
vn -0.8052 -0.1413 0.5759
vn -0.7795 -0.2657 0.5672
vn -0.7860 -0.2608 0.5606
vn -0.7660 -0.2771 0.5800
vn -0.9361 0.1255 0.3286
vn -0.9492 0.0717 0.3065
vn -0.9331 0.1422 0.3303
vn -0.9200 -0.0925 0.3807
vn -0.9171 -0.1062 0.3843
vn -0.9167 -0.0487 0.3966
vn 0.4333 0.2349 0.8701
vn 0.4288 0.3198 0.8449
vn 0.4352 0.1535 0.8871
vn -0.7776 0.2602 0.5724
vn -0.7786 0.2566 0.5727
vn -0.7763 0.2671 0.5709
vn -0.9545 0.2823 -0.0956
vn -0.9463 0.3107 -0.0887
vn -0.9545 0.2824 -0.0956
vn 0.9171 -0.1294 0.3770
vn 0.9175 -0.1306 0.3757
vn 0.9181 -0.1249 0.3760
vn -0.1635 0.3576 0.9194
vn -0.1829 0.3897 0.9026
vn -0.2278 0.2186 0.9488
vn -0.3577 -0.0832 0.9301
vn -0.3608 -0.0785 0.9293
vn -0.3614 -0.0919 0.9279
vn -0.6370 0.1419 0.7577
vn -0.6345 0.1427 0.7596
vn -0.6410 0.1454 0.7536
vn -0.0068 0.3177 0.9482
vn -0.0133 0.3206 0.9471
vn -0.0066 0.3075 0.9515
vn -0.0908 0.2652 0.9599
vn -0.0721 0.2458 0.9666
vn -0.1325 0.3454 0.9291
vn -0.7539 -0.1890 0.6292
vn -0.7313 -0.2405 0.6383
vn -0.7637 -0.1595 0.6255
vn 0.0817 -0.0735 0.9939
vn 0.0690 -0.0810 0.9943
vn 0.0798 -0.0534 0.9954
vn 0.8788 0.3454 0.3292
vn 0.8753 0.3601 0.3228
vn 0.8781 0.3388 0.3378
vn 0.3889 0.4274 0.8162
vn 0.3920 0.4195 0.8188
vn 0.3960 0.4551 0.7975
vn -0.8861 0.1976 0.4192
vn -0.8815 0.1907 0.4319
vn -0.8977 0.1398 0.4179
vn 0.9496 0.0991 0.2974
vn 0.9579 0.0523 0.2823
vn 0.9342 0.1803 0.3078
vn 0.4453 -0.1399 0.8844
vn 0.4241 -0.1779 0.8880
vn 0.4583 -0.1194 0.8807
vn -0.8200 0.2395 0.5199
vn -0.8081 0.2452 0.5355
vn -0.8284 0.2387 0.5068
vn 0.7512 0.3953 0.5285
vn -0.8235 0.3087 0.4760
vn -0.8264 0.3046 0.4736
vn -0.8206 0.3078 0.4815
vn -0.2516 0.9624 -0.1027
vn -0.7761 0.1578 0.6106
vn -0.7918 0.1527 0.5914
vn -0.7482 0.1266 0.6513
vn 0.6071 0.1623 0.7779
vn 0.6231 0.1649 0.7646
vn 0.5455 0.2358 0.8042
vn -0.9324 -0.0535 0.3575
vn -0.9323 -0.0518 0.3580
vn -0.9336 -0.0607 0.3531
vn 0.0100 0.2594 0.9657
vn 0.0081 0.2627 0.9649
vn 0.0132 0.2541 0.9671
vn -0.8642 -0.1757 0.4714
vn -0.8650 -0.1751 0.4702
vn -0.8637 -0.1784 0.4714
vn 0.3440 0.2315 0.9100
vn 0.3427 0.2335 0.9100
vn 0.3421 0.2258 0.9121
vn 0.8835 0.1010 0.4574
vn 0.8832 0.1026 0.4577
vn 0.8840 0.0994 0.4567
vn 0.2632 0.7771 0.5717
vn 0.3296 0.7608 0.5591
vn 0.2142 0.7767 0.5923
vn 0.0282 0.1927 0.9808
vn 0.0297 0.1861 0.9821
vn 0.0256 0.2051 0.9784
vn -0.0348 0.1450 0.9888
vn -0.0176 0.1540 0.9879
vn -0.0566 0.1609 0.9853
vn -0.3973 0.0878 0.9135
vn -0.3893 0.0994 0.9157
vn -0.4120 0.0905 0.9067
vn -0.9713 0.2081 -0.1154
vn -0.9703 0.2059 -0.1268
vn -0.9720 0.2119 -0.1015
vn 0.8940 -0.1059 0.4354
vn 0.8901 -0.1239 0.4386
vn 0.8955 -0.0814 0.4375
vn -0.9171 0.0681 0.3929
vn -0.9229 0.0632 0.3798
vn -0.9185 0.0570 0.3914
vn -0.9209 0.0929 0.3787
vn -0.6179 -0.3755 0.6907
vn -0.6043 -0.3874 0.6963
vn -0.6451 -0.3517 0.6784
vn -0.8629 -0.1706 0.4757
vn -0.8696 -0.1526 0.4696
vn -0.8494 -0.1963 0.4899
vn -0.8384 -0.3031 0.4530
vn -0.8432 -0.2966 0.4484
vn -0.8271 -0.3169 0.4641
vn -0.6666 -0.2317 0.7085
vn -0.6760 -0.2256 0.7016
vn -0.6398 -0.2554 0.7249
vn -0.9439 -0.0363 0.3281
vn -0.9444 -0.0304 0.3274
vn -0.9432 -0.0425 0.3295
vn 0.0998 0.2625 0.9598
vn 0.1118 0.2620 0.9586
vn 0.0915 0.2827 0.9548
vn 0.0758 0.1988 0.9771
vn 0.0592 0.1304 0.9897
vn 0.0922 0.2684 0.9589
vn 0.8267 0.1509 0.5420
vn 0.8285 0.1418 0.5418
vn 0.8249 0.1583 0.5426
vn -0.9895 0.0794 -0.1205
vn -0.9882 0.0999 -0.1160
vn -0.9893 0.0658 -0.1301
vn 0.4090 0.8982 0.1611
vn 0.4089 0.8982 0.1613
vn 0.4010 -0.0440 0.9150
vn 0.3957 -0.0531 0.9168
vn 0.4074 -0.0442 0.9122
vn 0.9239 0.1650 0.3452
vn 0.9214 0.1680 0.3505
vn 0.9265 0.1443 0.3475
vn 0.8875 -0.2060 0.4122
vn 0.8868 -0.2084 0.4125
vn 0.8871 -0.2004 0.4159
vn -0.1879 0.1736 0.9667
vn -0.2081 0.1619 0.9646
vn -0.1500 0.1430 0.9783
vn -0.9013 0.1686 0.3990
vn -0.9098 0.1737 0.3770
vn -0.9039 0.1228 0.4097
vn 0.4970 0.3545 0.7920
vn 0.4968 0.3543 0.7923
vn 0.4967 0.3544 0.7923
vn -0.9917 -0.1287 0.0013
vn -0.9897 -0.1430 -0.0045
vn -0.9967 -0.0779 0.0239
vn 0.4343 0.0530 0.8992
vn 0.4265 0.0276 0.9041
vn 0.4342 0.0765 0.8976
vn 0.9324 0.2139 0.2913
vn 0.9323 0.2150 0.2910
vn 0.9346 0.1904 0.3003
vn 0.4064 0.2406 0.8814
vn 0.4036 0.2499 0.8802
vn 0.4102 0.2307 0.8823
vn -0.9973 0.0106 -0.0732
vn -0.9968 -0.0085 -0.0800
vn -0.9981 0.0161 -0.0598
vn -0.0689 0.2654 0.9617
vn -0.0688 0.2642 0.9620
vn -0.0655 0.2710 0.9604
vn -0.8174 -0.0261 0.5754
vn -0.8164 -0.0174 0.5772
vn 0.1959 -0.1448 0.9699
vn 0.1754 -0.1840 0.9672
vn 0.2257 -0.1386 0.9643
vn 0.7802 0.2446 0.5756
vn 0.7792 0.2723 0.5646
vn 0.7755 0.2366 0.5854
vn -0.0122 0.0103 0.9999
vn -0.0067 0.0051 1.0000
vn -0.0062 0.0499 0.9987
vn 0.7375 0.4877 0.4672
vn 0.7384 0.4856 0.4679
vn 0.4231 0.0713 0.9033
vn 0.4217 0.0705 0.9040
vn 0.4259 0.0750 0.9016
vn -0.9279 0.1878 -0.3222
vn -0.9228 0.1821 -0.3396
vn -0.9452 0.0884 -0.3142
vn 0.5686 -0.0552 0.8208
vn 0.5820 -0.0327 0.8125
vn 0.5476 -0.0566 0.8348
vn -0.2081 0.1707 0.9631
vn -0.2035 0.1603 0.9659
vn -0.1901 0.2054 0.9600
vn 0.2397 -0.1936 0.9513
vn 0.2384 -0.1977 0.9508
vn -0.5124 0.0254 0.8584
vn -0.5148 0.0500 0.8558
vn -0.5434 -0.0308 0.8389
vn -0.0269 0.1763 0.9840
vn 0.0158 0.1951 0.9806
vn -0.0659 0.1496 0.9865
vn -0.4581 -0.2103 0.8637
vn -0.4496 -0.2185 0.8661
vn -0.4761 -0.1915 0.8583
vn -0.1015 -0.1205 0.9875
vn -0.1055 -0.1269 0.9863
vn -0.0954 -0.1195 0.9882
vn -0.2556 -0.1287 0.9582
vn -0.2571 -0.1313 0.9574
vn -0.2529 -0.1286 0.9589
vn 0.3705 -0.0302 0.9283
vn 0.3945 -0.0487 0.9176
vn 0.3775 0.0925 0.9214
vn -0.4938 0.1550 0.8556
vn -0.5050 0.1038 0.8568
vn -0.4842 0.2027 0.8512
vn -0.3369 -0.0827 0.9379
vn -0.3381 -0.0692 0.9386
vn -0.3343 -0.1005 0.9371
vn 0.8535 0.0437 0.5193
vn -0.9618 -0.2727 0.0217
vn -0.9704 -0.2413 0.0137
vn -0.9528 -0.3018 0.0331
vn -0.3084 -0.2111 0.9275
vn -0.3083 -0.2111 0.9276
vn -0.3087 -0.2109 0.9275
vn 0.1194 -0.1456 0.9821
vn 0.1203 -0.1462 0.9819
vn -0.5807 0.0831 0.8099
vn -0.5892 0.0712 0.8048
vn -0.5696 0.0833 0.8177
vn -0.4888 -0.1606 0.8575
vn -0.4858 -0.1573 0.8598
vn -0.4972 -0.1425 0.8559
vn 0.9427 0.2882 0.1681
vn 0.9564 0.2544 0.1436
vn 0.9399 0.2942 0.1733
vn 0.9343 0.0863 0.3459
vn 0.9359 0.0840 0.3422
vn 0.9333 0.1018 0.3444
vn 0.1093 -0.0981 0.9892
vn 0.1113 -0.1029 0.9884
vn 0.1106 -0.1006 0.9888
vn 0.2975 0.1154 0.9477
vn 0.9660 0.0334 0.2563
vn 0.9644 0.0123 0.2643
vn 0.9689 0.0405 0.2443
vn 0.3203 -0.2004 0.9259
vn 0.3197 -0.2002 0.9261
vn 0.3214 -0.2021 0.9251
vn 0.0298 -0.0887 0.9956
vn 0.0304 -0.0917 0.9953
vn 0.0281 -0.0839 0.9961
vn 0.1883 -0.1320 0.9732
vn 0.1898 -0.1277 0.9735
vn 0.1867 -0.1361 0.9729
vn -0.1454 -0.1335 0.9803
vn -0.1456 -0.1332 0.9803
vn -0.1450 -0.1340 0.9803
vn -0.1163 0.2559 0.9597
vn -0.0901 0.3056 0.9479
vn -0.1503 0.2391 0.9593
vn -0.1107 -0.1535 0.9819
vn -0.1138 -0.1482 0.9824
vn -0.1098 -0.1547 0.9818
vn 0.0951 -0.0331 0.9949
vn 0.1002 -0.0379 0.9942
vn 0.0848 -0.0159 0.9963
vn 0.3291 -0.0959 0.9394
vn 0.3280 -0.0965 0.9397
vn 0.3300 -0.0965 0.9390
vn -0.5377 -0.0596 0.8410
vn -0.5389 -0.0575 0.8404
vn -0.5344 -0.0645 0.8428
vn -0.2225 0.2864 0.9319
vn -0.2349 0.2453 0.9406
vn -0.2130 0.3065 0.9277
vn 0.9246 -0.1047 0.3662
vn 0.0134 -0.1328 0.9911
vn 0.0110 -0.1487 0.9888
vn 0.0145 -0.1171 0.9930
vn 0.1220 -0.1165 0.9857
vn 0.0115 -0.1466 0.9891
vn 0.0121 -0.1485 0.9888
vn 0.0124 -0.1477 0.9890
vn 0.2767 0.0690 0.9585
vn 0.2901 0.0740 0.9541
vn 0.2442 0.0445 0.9687
vn 0.2112 -0.1466 0.9664
vn 0.2122 -0.1493 0.9658
vn 0.2088 -0.1400 0.9679
vn 0.0373 0.0441 0.9983
vn 0.0357 0.0511 0.9981
vn 0.0238 0.0231 0.9994
vn -0.8788 0.4460 0.1698
vn -0.8741 0.4571 0.1642
vn -0.8814 0.4400 0.1716
vn 0.0317 0.0116 0.9994
vn 0.0412 0.0297 0.9987
vn 0.0191 0.0029 0.9998
vn -0.8906 -0.4539 0.0269
vn -0.8952 -0.4450 0.0247
vn -0.8854 -0.4638 0.0310
vn 0.3536 0.2208 0.9090
vn 0.3478 0.1720 0.9217
vn 0.3652 0.2489 0.8970
vn 0.1794 -0.0925 0.9794
vn 0.1854 -0.1015 0.9774
vn 0.1724 -0.0985 0.9801
vn 0.8778 -0.1651 0.4496
vn 0.8824 -0.1525 0.4451
vn -0.8009 -0.4320 0.4147
vn -0.7959 -0.3541 0.4911
vn -0.8020 -0.4241 0.4207
vn -0.9962 -0.0169 0.0853
vn -0.9976 -0.0096 0.0692
vn -0.9910 -0.1095 0.0768
vn -0.7761 -0.6287 0.0490
vn -0.7695 -0.6365 0.0529
vn -0.7826 -0.6211 0.0429
vn -0.9992 0.0213 -0.0335
vn -0.9987 0.0243 -0.0443
vn -0.9995 0.0143 -0.0276
vn 0.5872 -0.0906 0.8044
vn 0.5828 -0.0887 0.8078
vn 0.5907 -0.0962 0.8011
vn 0.6806 0.0723 0.7291
vn 0.6882 0.0665 0.7225
vn 0.6640 0.0970 0.7415
vn 0.3321 -0.1881 0.9243
vn 0.3313 -0.1874 0.9247
vn 0.3334 -0.1910 0.9232
vn -0.2675 -0.1646 0.9494
vn -0.2671 -0.1668 0.9491
vn -0.2674 -0.1476 0.9522
vn 0.2993 0.0281 0.9537
vn 0.2938 0.0311 0.9554
vn 0.2977 0.0120 0.9546
vn -0.0704 0.0410 0.9967
vn -0.0674 0.0388 0.9970
vn -0.0685 0.0585 0.9959
vn 0.2249 -0.1711 0.9592
vn 0.2155 -0.1776 0.9602
vn 0.2251 -0.1713 0.9592
vn 0.1649 -0.1050 0.9807
vn 0.1629 -0.1087 0.9806
vn -0.8322 0.2658 0.4866
vn -0.8324 0.2692 0.4844
vn -0.8383 0.2534 0.4828
vn -0.1160 0.2404 0.9637
vn -0.1389 0.1841 0.9730
vn -0.0773 0.2686 0.9602
vn -0.0150 -0.0812 0.9966
vn 0.8169 0.0008 0.5768
vn -0.9785 -0.1880 -0.0851
vn -0.9795 -0.1838 -0.0826
vn -0.9780 -0.1880 -0.0900
vn -0.4682 -0.2875 0.8356
vn -0.4669 -0.2876 0.8362
vn -0.4698 -0.2856 0.8353
vn -0.8963 0.0982 0.4325
vn -0.8984 0.0500 0.4364
vn -0.8954 0.1293 0.4260
vn -0.9894 -0.1065 -0.0985
vn -0.9910 -0.0908 -0.0982
vn -0.9875 -0.1230 -0.0985
vn 0.8909 0.2195 0.3976
vn 0.8894 0.2379 0.3904
vn 0.8874 0.2129 0.4088
vn 0.8548 -0.1619 0.4930
vn 0.8523 -0.1615 0.4975
vn 0.8580 -0.1721 0.4839
vn 0.5073 -0.3587 0.7836
vn 0.8462 0.1588 0.5086
vn 0.8473 0.1683 0.5037
vn 0.8417 0.1582 0.5163
vn -0.3651 0.1755 0.9143
vn -0.3572 0.2024 0.9118
vn -0.3722 0.1623 0.9139
vn -0.1649 0.0404 0.9855
vn -0.1656 0.0425 0.9853
vn -0.1684 0.0345 0.9851
vn 0.2716 -0.2237 0.9361
vn 0.2727 -0.2255 0.9353
vn 0.2744 -0.2190 0.9364
vn -0.5447 0.7289 0.4148
vn -0.4831 0.8160 0.3175
vn -0.5423 0.7140 0.4429
vn 0.0096 -0.1207 0.9926
vn 0.0085 -0.1178 0.9930
vn 0.0105 -0.1215 0.9925
vn 0.3001 0.1160 0.9468
vn 0.2967 0.1241 0.9469
vn 0.3055 0.0972 0.9472
vn 0.0332 -0.0861 0.9957
vn 0.0304 -0.0934 0.9952
vn 0.0366 -0.0798 0.9961
vn 0.2086 -0.1706 0.9630
vn 0.2091 -0.1803 0.9611
vn 0.2074 -0.1650 0.9642
vn 0.3004 -0.0215 0.9536
vn 0.3016 -0.0229 0.9532
vn 0.2987 -0.0173 0.9542
vn -0.1644 0.0523 0.9850
vn -0.1517 0.0811 0.9851
vn -0.1833 0.0376 0.9823
vn -0.6772 -0.1654 0.7170
vn -0.6813 -0.1630 0.7137
vn -0.6650 -0.1770 0.7256
vn -0.7003 0.2422 0.6715
vn -0.7012 0.2687 0.6604
vn -0.7448 0.1527 0.6496
vn -0.2620 -0.0292 0.9646
vn -0.2537 -0.0569 0.9656
vn -0.2600 -0.0209 0.9654
vn 0.9407 -0.0789 0.3298
vn 0.9233 -0.1280 0.3622
vn 0.9411 -0.0773 0.3292
vn 0.8272 -0.3156 0.4648
vn 0.8270 -0.3155 0.4654
vn 0.8276 -0.3169 0.4634
vn 0.1152 -0.1615 0.9801
vn 0.1198 -0.1711 0.9780
vn 0.1072 -0.1441 0.9837
vn -0.9188 -0.0033 0.3946
vn -0.9188 0.0024 0.3946
vn -0.9220 -0.0262 0.3863
vn 0.2047 -0.1464 0.9678
vn 0.2051 -0.1469 0.9676
vn 0.2038 -0.1445 0.9683
vn -0.9271 0.1320 0.3508
vn -0.9244 0.1434 0.3535
vn -0.9290 0.1272 0.3474
vn 0.3716 -0.0025 0.9284
vn 0.3615 0.0072 0.9324
vn 0.3822 -0.0175 0.9239
vn 0.7989 -0.3792 0.4668
vn 0.7999 -0.3772 0.4668
vn 0.7979 -0.3807 0.4673
vn 0.1703 -0.1344 0.9762
vn 0.1747 -0.1263 0.9765
vn 0.1653 -0.1395 0.9763
vn -0.7499 -0.4874 0.4473
vn -0.7423 -0.4957 0.4507
vn -0.7610 -0.4767 0.4401
vn 0.4020 -0.0973 0.9104
vn 0.4022 -0.0999 0.9101
vn 0.4062 -0.0814 0.9101
vn -0.0802 0.2041 0.9757
vn -0.0678 0.2659 0.9616
vn -0.0969 0.1632 0.9818
vn -0.7360 0.3098 0.6019
vn -0.7367 0.3112 0.6003
vn -0.7384 0.3044 0.6017
vn -0.0380 0.2637 0.9639
vn -0.0207 0.2398 0.9706
vn -0.0728 0.3255 0.9427
vn -0.2822 0.1964 0.9390
vn -0.2629 0.1813 0.9476
vn -0.2780 0.2356 0.9312
vn 0.7980 -0.2956 0.5252
vn 0.7978 -0.2940 0.5263
vn 0.7983 -0.2994 0.5226
vn -0.7194 -0.0552 0.6924
vn -0.7207 -0.0632 0.6903
vn -0.7148 -0.0520 0.6974
vn -0.2882 0.0640 0.9554
vn -0.3004 0.0563 0.9521
vn -0.2741 0.0561 0.9601
vn -0.2802 0.0250 0.9596
vn -0.2925 -0.0281 0.9559
vn -0.2580 0.0634 0.9641
vn 0.5213 0.3496 0.7785
vn 0.5194 0.3519 0.7787
vn 0.5239 0.3458 0.7784
vn 0.2262 -0.1848 0.9564
vn 0.2254 -0.1871 0.9561
vn 0.4166 0.2236 0.8812
vn 0.4171 0.2206 0.8817
vn 0.4199 0.2330 0.8772
vn -0.0532 0.1745 0.9832
vn -0.0527 0.1601 0.9857
vn -0.0564 0.1946 0.9793
vn -0.7752 0.1786 0.6060
vn -0.7767 0.1746 0.6051
vn -0.7735 0.1806 0.6076
vn 0.4369 0.4026 0.8044
vn 0.4444 0.4001 0.8015
vn 0.4314 0.4021 0.8076
vn 0.9140 -0.0192 0.4052
vn 0.9105 -0.0114 0.4133
vn 0.9077 -0.0651 0.4145
vn 0.2435 0.1669 0.9554
vn 0.2432 0.1690 0.9551
vn 0.2443 0.1630 0.9559
vn 0.5868 0.2481 0.7708
vn 0.5815 0.2522 0.7735
vn 0.5883 0.2433 0.7712
vn 0.3599 0.1015 0.9275
vn 0.3591 0.1070 0.9272
vn 0.3587 0.1016 0.9279
vn -0.7089 0.0739 0.7014
vn -0.7067 0.0351 0.7066
vn -0.7017 0.0838 0.7075
vn -0.7835 -0.0228 0.6209
vn -0.7818 -0.0243 0.6230
vn -0.7830 -0.0078 0.6220
vn -0.0857 -0.0747 0.9935
vn -0.0908 -0.0847 0.9923
vn -0.0780 -0.0716 0.9944
vn -0.2811 -0.1755 0.9435
vn -0.2809 -0.1749 0.9437
vn -0.2816 -0.1756 0.9433
vn 0.8089 -0.3395 0.4800
vn 0.8097 -0.3480 0.4725
vn 0.8094 -0.3420 0.4774
vn -0.2170 0.1226 0.9684
vn -0.2289 0.0984 0.9685
vn -0.2045 0.1384 0.9690
vn -0.7618 0.1873 0.6201
vn -0.7424 0.2204 0.6327
vn -0.7791 0.1842 0.5993
vn 0.9386 -0.0711 0.3375
vn 0.9379 -0.0662 0.3405
vn 0.9341 -0.0934 0.3446
vn -0.8737 0.2386 0.4239
vn -0.8735 0.2388 0.4242
vn -0.8735 0.2387 0.4243
vn 0.8762 0.1641 0.4532
vn 0.8748 0.1669 0.4548
vn 0.8759 0.1557 0.4568
vn 0.4170 0.1268 0.9000
vn 0.4188 0.1253 0.8994
vn 0.4174 0.1300 0.8994
vn 0.1978 -0.1513 0.9685
vn 0.1889 -0.1304 0.9733
vn -0.6490 0.2119 0.7307
vn -0.6503 0.2192 0.7274
vn -0.6590 0.1946 0.7266
vn 0.3990 -0.0176 0.9168
vn 0.4001 -0.0200 0.9162
vn 0.4036 -0.0082 0.9149
vn 0.8567 -0.1996 0.4757
vn 0.8565 -0.1989 0.4763
vn 0.0260 0.0689 0.9973
vn 0.0269 0.0684 0.9973
vn 0.0261 0.0706 0.9972
vn -0.3945 0.2916 0.8714
vn -0.3697 0.2886 0.8832
vn -0.4063 0.3163 0.8573
vn -0.4340 0.2842 0.8549
vn -0.4547 0.2532 0.8539
vn -0.4145 0.2911 0.8622
vn -0.0644 0.1070 0.9922
vn -0.0719 0.0763 0.9945
vn -0.0484 0.1730 0.9837
vn -0.0170 0.1860 0.9824
vn -0.0364 0.1847 0.9821
vn 0.0109 0.2150 0.9766
vn -0.0159 0.2670 0.9636
vn -0.0153 0.2659 0.9639
vn -0.0169 0.2682 0.9632
vn 0.6908 -0.6073 0.3923
vn 0.6828 -0.6167 0.3919
vn -0.1705 0.1982 0.9652
vn -0.1519 0.2434 0.9579
vn -0.1970 0.1741 0.9648
vn 0.0719 0.2662 0.9612
vn 0.0850 0.2716 0.9587
vn 0.0624 0.2566 0.9645
vn -0.6181 0.1371 0.7740
vn -0.6197 0.1436 0.7715
vn -0.6136 0.1266 0.7794
vn -0.0363 -0.0662 0.9971
vn -0.0281 -0.0742 0.9969
vn -0.0291 -0.0397 0.9988
vn -0.1756 -0.0020 0.9845
vn -0.1761 -0.0011 0.9844
vn -0.1770 -0.0051 0.9842
vn -0.9218 -0.0044 0.3877
vn -0.9182 0.0096 0.3961
vn -0.9323 -0.0516 0.3580
vn 0.4063 0.2945 0.8650
vn 0.4017 0.2962 0.8666
vn 0.4078 0.2922 0.8650
vn -0.9548 0.1350 -0.2648
vn -0.9544 0.1362 -0.2655
vn -0.9549 0.1312 -0.2664
vn 0.3195 -0.0734 0.9447
vn 0.3224 -0.0737 0.9437
vn 0.3154 -0.0671 0.9466
vn -0.3114 0.1313 0.9412
vn -0.3170 0.1200 0.9408
vn -0.3065 0.1364 0.9421
vn -0.9310 0.3607 0.0556
vn -0.9326 0.3555 0.0630
vn -0.9263 0.3725 0.0561
vn -0.7086 0.0461 0.7041
vn -0.7047 0.0367 0.7085
vn -0.6963 0.0947 0.7115
vn -0.9992 -0.0411 0.0003
vn -1.0000 -0.0068 0.0026
vn -0.9993 -0.0353 0.0087
vn 0.9577 0.0881 0.2739
vn 0.9581 0.0819 0.2745
vn 0.9578 0.0900 0.2729
vn -0.9748 0.0954 -0.2018
vn -0.9765 0.0392 -0.2120
vn -0.9745 0.1260 -0.1857
vn -0.9234 0.0877 0.3738
vn -0.9244 0.0877 0.3713
vn -0.9632 -0.0186 0.2682
vn -0.9619 -0.0337 0.2714
vn -0.9553 0.0298 0.2943
vn -0.7688 -0.1949 0.6091
vn -0.7664 -0.2019 0.6098
vn -0.7632 -0.1682 0.6239
vn 0.3530 0.0575 0.9338
vn 0.3599 0.0445 0.9319
vn 0.9012 0.1054 0.4204
vn 0.8915 0.1048 0.4406
vn 0.9061 0.1114 0.4080
vn 0.1890 0.0945 0.9774
vn 0.1727 0.0984 0.9800
vn 0.1977 0.0488 0.9790
vn -0.9960 -0.0884 0.0144
vn -0.9956 -0.0931 0.0116
vn -0.9975 -0.0672 0.0222
vn 0.0128 0.0529 0.9985
vn 0.0134 0.0508 0.9986
vn 0.0167 0.0637 0.9978
vn -0.8536 0.1116 0.5088
vn -0.8513 0.1069 0.5137
vn -0.8581 0.1214 0.4990
vn 0.9270 -0.1097 0.3588
vn 0.9199 -0.1157 0.3746
vn 0.9334 -0.1234 0.3369
vn 0.1932 -0.0986 0.9762
vn 0.1899 -0.1017 0.9765
vn 0.1971 -0.1001 0.9753
vn 0.0142 0.9616 0.2741
vn 0.0179 -0.0752 0.9970
vn 0.0235 -0.0809 0.9964
vn 0.0210 -0.0538 0.9983
vn -0.7830 0.1093 0.6123
vn -0.7868 0.0940 0.6100
vn -0.7847 0.0970 0.6122
vn 0.7837 0.2126 0.5836
vn 0.7819 0.2092 0.5872
vn 0.7853 0.2288 0.5752
vn -0.9912 0.1148 -0.0661
vn -0.9903 0.1242 -0.0627
vn 0.3315 -0.2395 0.9126
vn 0.3337 -0.2326 0.9135
vn 0.3308 -0.2416 0.9123
vn -0.8685 0.2779 0.4104
vn -0.8555 0.3091 0.4153
vn 0.2183 -0.1697 0.9610
vn 0.9515 0.1175 0.2845
vn 0.3185 -0.0383 0.9471
vn 0.3118 -0.0444 0.9491
vn 0.3268 -0.0409 0.9442
vn 0.5953 0.0332 0.8028
vn 0.5897 0.0162 0.8075
vn 0.5994 0.0467 0.7991
vn 0.0786 0.3765 0.9231
vn 0.0781 0.3800 0.9217
vn 0.0712 0.3549 0.9322
vn -0.1187 -0.1470 0.9820
vn -0.1246 -0.1444 0.9816
vn -0.3376 -0.0178 0.9411
vn -0.3330 -0.0220 0.9427
vn -0.3332 -0.0010 0.9428
vn 0.0304 0.0478 0.9984
vn 0.0365 0.0130 0.9993
vn 0.0257 0.0782 0.9966
vn 0.7884 -0.2253 0.5725
vn 0.5617 -0.1511 0.8134
vn 0.1308 0.0091 0.9914
vn 0.3310 -0.0715 0.9409
vn -0.4176 0.1598 0.8945
vn -0.4160 0.1589 0.8954
vn -0.8069 0.1673 0.5666
vn -0.3983 0.1554 0.9040
vn -0.4037 0.1644 0.9000
vn 0.0967 -0.0076 0.9953
vn 0.1016 -0.0063 0.9948
vn 0.1010 -0.0102 0.9948
vn -0.5951 0.1667 0.7862
vn -0.9370 0.1596 0.3107
vn -0.9371 0.1600 0.3103
vn -0.9802 0.1827 -0.0767
vn -0.9805 0.1812 -0.0767
vn -0.9799 0.1840 -0.0764
vn 0.7728 -0.2291 0.5919
vn 0.7789 -0.2237 0.5859
vn 0.7757 -0.2337 0.5863
vn -0.2369 0.0473 0.9704
vn -0.2417 0.0430 0.9694
vn -0.9958 0.0341 -0.0844
vn -0.9955 0.0416 -0.0855
vn -0.9964 0.0248 -0.0811
vn -0.6132 0.0738 0.7865
vn -0.6131 0.0741 0.7865
vn 0.3155 -0.0530 0.9474
vn 0.3174 -0.0523 0.9468
vn -0.9523 0.0606 0.2989
vn -0.9480 0.0530 0.3139
vn -0.9505 0.0477 0.3072
vn -0.8076 0.0734 0.5852
vn -0.8077 0.0802 0.5841
vn -0.8054 0.0637 0.5892
vn 0.3753 -0.8565 0.3544
vn -0.5131 -0.6752 0.5299
vn -0.5941 -0.6386 0.4890
vn -0.7668 -0.6288 0.1290
vn -0.8105 0.5433 -0.2191
vn -0.8110 0.5421 -0.2200
vn -0.8096 0.5448 -0.2184
vn -0.5999 0.7939 -0.0994
vn 0.1663 -0.0442 0.9851
vn -0.6986 0.6708 0.2488
vn -0.4415 -0.0341 0.8966
vn -0.4416 -0.0338 0.8966
vn -0.4417 -0.0343 0.8965
vn -0.6187 -0.1291 0.7750
vn -0.6170 -0.1317 0.7759
vn -0.6190 -0.1282 0.7748
vn -0.7891 -0.2371 0.5667
vn -0.7873 -0.2394 0.5681
vn -0.7897 -0.2363 0.5662
vn -0.8685 -0.4081 0.2814
vn -0.8689 -0.4077 0.2808
vn -0.8683 -0.4082 0.2818
vn -0.8240 -0.5654 -0.0361
vn -0.8231 -0.5667 -0.0363
vn -0.8243 -0.5651 -0.0348
vn 0.3099 -0.0823 0.9472
vn -0.2498 -0.0733 0.9655
vn -0.2497 -0.0748 0.9654
vn -0.3646 0.8279 0.4261
vn -0.3579 0.8372 0.4134
vn -0.3668 0.8263 0.4274
vn 0.3324 0.4231 0.8429
vn 0.3292 0.4250 0.8432
vn 0.3334 0.4154 0.8463
vn 0.4961 -0.0360 0.8675
vn 0.4888 -0.0738 0.8692
vn 0.5044 -0.0326 0.8629
vn 0.0342 0.3173 0.9477
vn 0.0207 0.3117 0.9500
vn 0.2296 -0.0980 0.9683
vn 0.2125 -0.1324 0.9681
vn 0.2565 -0.0971 0.9617
vn -0.3894 0.2386 0.8896
vn -0.3536 0.2397 0.9042
vn -0.4254 0.2039 0.8817
vn -0.0066 0.2997 0.9540
vn 0.0069 0.3370 0.9415
vn -0.0384 0.2923 0.9556
vn -0.7460 0.6653 -0.0282
vn -0.7507 0.6606 -0.0067
vn -0.7397 0.6719 -0.0376
vn -0.0387 0.6301 0.7756
vn -0.0257 0.6334 0.7734
vn -0.0736 0.6399 0.7650
vn -0.9941 -0.0094 0.1081
vn -0.9864 -0.1259 0.1053
vn -0.9930 0.0007 0.1185
vn 0.8296 -0.2988 0.4717
vn 0.8203 -0.3124 0.4791
vn 0.8362 -0.2884 0.4664
vn -0.8279 0.0342 0.5599
vn -0.8237 -0.0472 0.5650
vn -0.8303 0.0772 0.5519
vn 0.1172 0.4172 0.9012
vn 0.1069 0.4626 0.8801
vn 0.7328 0.4691 0.4930
vn -0.2336 -0.1449 0.9615
vn -0.2431 -0.0768 0.9670
vn -0.2205 -0.2318 0.9474
vn -0.8883 -0.0757 0.4530
vn -0.8921 -0.0205 0.4513
vn -0.8787 -0.1467 0.4542
vn -0.9216 0.0426 0.3858
vn -0.9140 0.0060 0.4058
vn -0.9246 0.0492 0.3777
vn -0.9747 0.0639 0.2140
vn -0.9725 -0.0341 0.2303
vn -0.9711 0.0819 0.2240
vn -0.9717 0.0546 0.2299
vn -0.9707 0.0216 0.2392
vn -0.9706 0.0608 0.2329
vn -0.9698 0.0478 0.2391
vn -0.9663 0.0694 0.2477
vn -0.9718 0.0314 0.2337
vn -0.2042 0.1851 0.9613
vn -0.1915 0.1982 0.9613
vn -0.2176 0.1876 0.9578
vn 0.5525 -0.0844 0.8292
vn 0.5521 -0.0864 0.8293
vn 0.5535 -0.0841 0.8286
vn -0.8514 0.3049 0.4268
vn -0.8367 0.3309 0.4364
vn -0.8641 0.3007 0.4036
vn -0.2463 0.1693 0.9543
vn -0.2493 0.1818 0.9512
vn -0.2458 0.1665 0.9549
vn 0.9068 0.1481 0.3948
vn 0.9030 0.1392 0.4065
vn 0.4609 0.1629 0.8724
vn 0.4757 0.2332 0.8481
vn 0.4574 0.0881 0.8849
vn -0.9354 0.0056 0.3536
vn -0.9347 -0.0080 0.3553
vn -0.9328 0.0105 0.3602
vn -0.4495 -0.1613 0.8786
vn -0.4376 -0.0946 0.8942
vn -0.4551 -0.2453 0.8560
vn -0.4193 0.3668 0.8304
vn -0.4218 0.3912 0.8180
vn -0.1804 -0.3588 0.9158
vn -0.1664 -0.3656 0.9158
vn -0.4386 0.0979 0.8933
vn -0.4280 0.1203 0.8957
vn -0.4439 0.0853 0.8920
vn -0.1924 -0.2149 0.9575
vn -0.1935 -0.2148 0.9573
vn -0.4229 0.0804 0.9026
vn -0.2280 0.0725 0.9710
vn -0.2088 -0.0336 0.9774
vn -0.2423 0.1704 0.9551
vn -0.2804 0.2681 0.9217
vn -0.2790 0.2572 0.9252
vn -0.2820 0.2822 0.9169
vn -0.3901 0.4365 0.8107
vn -0.3923 0.4432 0.8061
vn -0.3912 0.4320 0.8126
vn 0.6515 0.7581 0.0284
vn 0.7015 0.7126 -0.0090
vn 0.6389 0.7682 0.0412
vn -0.9902 0.1328 -0.0423
vn -0.9924 0.1195 -0.0307
vn -0.9896 0.1364 -0.0458
vn -0.0393 0.0914 0.9950
vn -0.0466 0.0801 0.9957
vn -0.0358 0.0976 0.9946
vn -0.9686 0.0479 -0.2441
vn -0.9710 0.0572 -0.2323
vn -0.9669 0.0482 -0.2506
vn -0.9997 0.0232 -0.0110
vn -0.9997 -0.0191 -0.0129
vn -0.9983 0.0575 -0.0135
vn 0.8165 -0.0247 0.5768
vn 0.8160 -0.0364 0.5768
vn -0.9151 0.2063 0.3463
vn -0.9353 0.1238 0.3315
vn -0.9020 0.2595 0.3451
vn 0.9349 0.2788 0.2196
vn 0.9282 0.2973 0.2238
vn 0.9355 0.2758 0.2208
vn -0.9393 0.2929 -0.1786
vn -0.9341 0.3077 -0.1809
vn 0.4051 0.0269 0.9139
vn 0.4074 0.0300 0.9128
vn 0.4039 0.0250 0.9145
vn 0.9343 -0.1285 0.3326
vn 0.9355 -0.1250 0.3305
vn -0.7350 0.3001 0.6080
vn -0.1315 0.2838 0.9498
vn -0.1285 0.2849 0.9499
vn -0.1337 0.2855 0.9490
vn 0.9965 -0.0825 -0.0118
vn 0.9959 -0.0906 -0.0063
vn 0.9972 -0.0735 -0.0164
vn 0.6213 0.2003 0.7576
vn 0.6053 0.2437 0.7578
vn 0.6133 0.1834 0.7682
vn -0.6738 0.0763 0.7350
vn -0.7036 -0.0358 0.7097
vn 0.1039 0.1543 0.9826
vn 0.0925 0.1856 0.9783
vn -0.7095 0.2049 0.6743
vn -0.7097 0.3055 0.6348
vn -0.7285 0.1779 0.6616
vn -0.9621 -0.1229 -0.2435
vn -0.9612 -0.0993 -0.2574
vn -0.9619 -0.1278 -0.2417
vn 0.9391 0.2164 0.2670
vn 0.9363 0.2243 0.2703
vn 0.9400 0.2141 0.2658
vn -0.0180 -0.0856 0.9962
vn -0.0297 -0.0493 0.9983
vn -0.0301 -0.1009 0.9944
vn 0.4022 -0.0244 0.9152
vn 0.4191 -0.0078 0.9079
vn 0.3935 -0.0289 0.9189
vn 0.9117 0.3813 0.1531
vn 0.9206 0.3597 0.1519
vn 0.9108 0.3856 0.1474
vn -0.9642 0.2147 0.1556
vn -0.8314 -0.1300 0.5403
vn -0.8307 -0.1151 0.5448
vn -0.8311 -0.1409 0.5380
vn -0.9169 -0.1067 0.3847
vn -0.9191 -0.1062 0.3793
vn -0.9149 -0.1042 0.3901
vn -0.9565 0.0580 0.2858
vn -0.9552 0.0705 0.2874
vn -0.9149 -0.1256 0.3836
vn -0.9129 -0.1408 0.3831
vn -0.9174 -0.1089 0.3828
vn 0.4566 0.2493 0.8540
vn 0.4528 0.2462 0.8570
vn 0.4633 0.2517 0.8497
vn -0.8534 0.1329 0.5041
vn -0.8546 0.1305 0.5026
vn -0.8528 0.1339 0.5048
vn -0.9387 0.3363 -0.0756
vn 0.9539 0.0027 0.3002
vn 0.9535 0.0052 0.3013
vn 0.9540 -0.0012 0.2998
vn 0.0393 0.6001 0.7990
vn 0.0615 0.6036 0.7949
vn 0.0209 0.6168 0.7868
vn -0.1620 0.1004 0.9817
vn -0.1586 0.1018 0.9821
vn -0.1643 0.1014 0.9812
vn 0.9961 0.0869 -0.0123
vn 0.9978 0.0639 -0.0197
vn 0.9957 0.0917 -0.0144
vn -0.6799 0.2470 0.6905
vn -0.6840 0.2599 0.6817
vn -0.6796 0.2431 0.6921
vn 0.0767 0.4219 0.9034
vn 0.0677 0.4043 0.9121
vn 0.0815 0.4365 0.8960
vn 0.0470 -0.0795 0.9957
vn 0.0604 -0.1420 0.9880
vn 0.0510 -0.0695 0.9963
vn -0.7082 -0.2753 0.6501
vn -0.7226 -0.2507 0.6442
vn 0.0307 -0.0159 0.9994
vn 0.0345 -0.0241 0.9991
vn 0.9679 0.1372 0.2105
vn 0.9666 0.1427 0.2129
vn 0.9681 0.1359 0.2106
vn 0.3891 0.3673 0.8448
vn 0.3877 0.3300 0.8607
vn 0.3836 0.4011 0.8319
vn -0.8891 0.1939 0.4146
vn -0.8922 0.1727 0.4173
vn -0.8825 0.2014 0.4249
vn 0.9640 0.0129 0.2655
vn 0.9639 0.0100 0.2660
vn 0.4070 -0.1842 0.8947
vn 0.4081 -0.1607 0.8987
vn -0.8066 0.2312 0.5440
vn -0.8040 0.2596 0.5350
vn 0.7896 0.1848 0.5852
vn 0.7880 0.1877 0.5864
vn 0.7908 0.1815 0.5846
vn -0.8198 0.1283 0.5581
vn -0.8127 0.1420 0.5651
vn -0.8313 0.1241 0.5417
vn -0.9134 0.1424 0.3813
vn -0.7804 0.1932 0.5947
vn -0.7739 0.2601 0.5775
vn 0.6567 0.0593 0.7518
vn 0.6687 -0.0183 0.7433
vn 0.6633 0.0700 0.7451
vn -0.9233 -0.0241 0.3834
vn -0.9176 -0.0123 0.3972
vn -0.9258 -0.0228 0.3773
vn 0.0205 0.2492 0.9682
vn 0.0206 0.2525 0.9674
vn 0.0178 0.2473 0.9688
vn -0.8634 -0.2360 0.4459
vn -0.8602 -0.2570 0.4405
vn -0.8668 -0.2156 0.4496
vn 0.3717 0.2814 0.8847
vn 0.3748 0.2831 0.8828
vn 0.3703 0.2824 0.8849
vn 0.8209 0.1949 0.5368
vn 0.0376 0.4841 0.8742
vn 0.0351 0.4687 0.8827
vn 0.0252 0.5107 0.8594
vn -0.0555 0.5199 0.8524
vn -0.0629 0.5075 0.8594
vn -0.0435 0.5206 0.8527
vn -0.1314 0.4775 0.8687
vn -0.1269 0.4632 0.8771
vn -0.1325 0.4814 0.8664
vn -0.5354 0.2723 0.7995
vn -0.5450 0.2094 0.8118
vn -0.4925 0.2976 0.8178
vn -0.9068 0.3297 0.2626
vn -0.9060 0.3373 0.2558
vn -0.9179 0.2963 0.2638
vn 0.9314 -0.0730 0.3566
vn 0.9347 -0.1020 0.3405
vn 0.9226 -0.0550 0.3817
vn 0.3950 0.8212 0.4118
vn 0.3999 0.8142 0.4209
vn 0.3979 0.8212 0.4091
vn -0.8020 0.3842 0.4574
vn -0.8133 0.3596 0.4574
vn -0.7970 0.3971 0.4551
vn -0.9098 0.0938 0.4042
vn -0.9054 0.1097 0.4102
vn -0.6772 -0.3240 0.6606
vn -0.6747 -0.3271 0.6616
vn -0.6777 -0.3228 0.6607
vn -0.8959 -0.1040 0.4320
vn -0.9034 -0.0845 0.4205
vn -0.8962 -0.1107 0.4296
vn -0.8062 -0.3385 0.4852
vn -0.8124 -0.3313 0.4798
vn -0.8046 -0.3408 0.4862
vn -0.6547 -0.2477 0.7141
vn -0.6694 -0.2325 0.7056
vn -0.6500 -0.2524 0.7168
vn -0.9154 -0.1400 0.3773
vn -0.9156 -0.1389 0.3772
vn -0.9155 -0.1402 0.3770
vn 0.0186 -0.0275 0.9994
vn 0.0035 -0.0155 0.9999
vn 0.0310 -0.0497 0.9983
vn 0.0288 0.0447 0.9986
vn 0.0010 -0.0689 0.9976
vn 0.8440 0.1018 0.5266
vn 0.8440 0.0984 0.5272
vn 0.8451 0.1025 0.5247
vn -0.9417 0.2484 -0.2271
vn -0.9506 0.2195 -0.2195
vn -0.9412 0.2575 -0.2187
vn 0.3907 -0.0137 0.9204
vn 0.3804 0.0180 0.9246
vn 0.3813 -0.0285 0.9240
vn 0.9225 0.2245 0.3139
vn 0.9190 0.2347 0.3167
vn 0.8663 -0.3963 0.3040
vn 0.8646 -0.4014 0.3021
vn 0.8671 -0.3953 0.3032
vn -0.2159 0.2113 0.9533
vn -0.2188 0.2451 0.9445
vn -0.2217 0.2051 0.9533
vn -0.8975 0.1687 0.4075
vn -0.8997 0.1228 0.4189
vn -0.8892 0.2334 0.3935
vn -0.9925 -0.1218 0.0029
vn -0.9923 -0.1236 0.0001
vn -0.9924 -0.1228 0.0048
vn 0.4110 0.0653 0.9093
vn 0.4075 0.0736 0.9103
vn 0.9420 0.1902 0.2763
vn 0.9428 0.1932 0.2718
vn 0.9404 0.1911 0.2814
vn 0.3567 0.3081 0.8819
vn 0.3504 0.3096 0.8840
vn 0.3623 0.3074 0.8799
vn -0.1972 0.1050 0.9747
vn -0.2086 0.0933 0.9736
vn -0.1913 0.1087 0.9755
vn -0.8576 0.1205 0.4999
vn -0.8562 0.1118 0.5044
vn -0.8576 0.1234 0.4993
vn 0.1858 -0.1993 0.9622
vn 0.1748 -0.1774 0.9685
vn 0.1872 -0.2046 0.9608
vn 0.8648 0.1174 0.4881
vn 0.8779 0.0700 0.4738
vn 0.8693 0.1358 0.4752
vn -0.0456 -0.0839 0.9954
vn -0.0526 -0.0832 0.9951
vn -0.0418 -0.0900 0.9951
vn 0.7730 0.4413 0.4558
vn 0.7752 0.4376 0.4556
vn 0.7730 0.4422 0.4549
vn 0.4318 0.0569 0.9002
vn 0.4233 0.0124 0.9059
vn 0.4339 0.0956 0.8959
vn 0.5370 0.0735 0.8404
vn 0.5538 0.0005 0.8326
vn 0.5393 0.0852 0.8378
vn -0.2390 0.0989 0.9660
vn -0.2782 0.0272 0.9601
vn -0.2160 0.1449 0.9656
vn 0.9533 0.0984 0.2855
vn 0.2606 -0.2374 0.9358
vn -0.3719 0.2219 0.9013
vn -0.3517 0.2622 0.8986
vn -0.3850 0.1838 0.9044
vn -0.0011 0.1294 0.9916
vn -0.0127 0.0434 0.9990
vn -0.4770 -0.1894 0.8582
vn -0.4748 -0.1920 0.8589
vn -0.4777 -0.1885 0.8581
vn -0.1089 -0.1284 0.9857
vn -0.1085 -0.1358 0.9848
vn 0.3143 -0.0838 0.9456
vn 0.2712 -0.0449 0.9615
vn 0.3463 -0.1769 0.9213
vn -0.5113 0.2124 0.8327
vn -0.5048 0.2354 0.8305
vn -0.5251 0.2071 0.8254
vn -0.4520 0.1738 0.8749
vn -0.4731 0.2091 0.8558
vn -0.4371 0.1676 0.8837
vn 0.8559 0.0506 0.5147
vn 0.8561 0.0507 0.5144
vn 0.8557 0.0508 0.5150
vn -0.9867 -0.1528 -0.0550
vn -0.9888 -0.1339 -0.0659
vn -0.9855 -0.1598 -0.0571
vn -0.3681 -0.1388 0.9194
vn -0.3672 -0.1394 0.9196
vn -0.3687 -0.1386 0.9192
vn 0.1143 -0.1281 0.9852
vn -0.5962 0.1445 0.7897
vn -0.5879 0.1547 0.7940
vn -0.6088 0.1433 0.7803
vn -0.4667 -0.1690 0.8681
vn -0.4524 -0.1753 0.8744
vn -0.4776 -0.1670 0.8626
vn 0.9782 0.1784 0.1060
vn 0.9813 0.1604 0.1065
vn 0.9386 0.1641 0.3036
vn 0.9406 0.1247 0.3159
vn 0.9361 0.1856 0.2988
vn 0.1146 -0.1167 0.9865
vn 0.1225 -0.1411 0.9824
vn 0.3829 -0.0368 0.9231
vn 0.3862 -0.0287 0.9220
vn 0.3778 -0.0370 0.9251
vn 0.9290 0.1639 0.3317
vn 0.9073 0.2309 0.3514
vn 0.9293 0.1518 0.3366
vn 0.0195 -0.0770 0.9968
vn 0.0173 -0.0793 0.9967
vn 0.0228 -0.0769 0.9968
vn 0.2062 -0.1663 0.9643
vn 0.2107 -0.1649 0.9635
vn 0.2013 -0.1654 0.9655
vn -0.1931 -0.0662 0.9789
vn -0.1950 -0.0630 0.9788
vn -0.1928 -0.0672 0.9789
vn 0.1122 -0.0743 0.9909
vn 0.1069 -0.0703 0.9918
vn 0.1165 -0.0760 0.9903
vn 0.3142 -0.0635 0.9472
vn -0.2411 0.2540 0.9367
vn -0.2433 0.2565 0.9354
vn -0.2392 0.2533 0.9374
vn 0.9035 0.0288 0.4276
vn 0.9098 0.0396 0.4131
vn 0.9003 0.0315 0.4342
vn 0.0106 -0.1505 0.9886
vn 0.0099 -0.1517 0.9884
vn 0.0119 -0.1504 0.9886
vn -0.9088 0.3468 -0.2319
vn -0.9097 0.3448 -0.2313
vn -0.9077 0.3495 -0.2321
vn 0.1148 -0.1267 0.9853
vn 0.0102 -0.1427 0.9897
vn 0.0043 -0.1364 0.9906
vn 0.3285 0.1166 0.9373
vn 0.3235 0.1100 0.9398
vn -0.0227 0.1838 0.9827
vn -0.0242 0.1551 0.9876
vn -0.0106 0.1891 0.9819
vn 0.1236 -0.1066 0.9866
vn -0.7795 0.1285 0.6130
vn -0.7850 0.1430 0.6028
vn -0.7797 0.1209 0.6144
vn 0.0775 -0.0611 0.9951
vn 0.0850 -0.0766 0.9934
vn 0.0743 -0.0570 0.9956
vn -0.8851 -0.4627 0.0494
vn -0.8902 -0.4536 0.0431
vn -0.8833 -0.4664 0.0481
vn 0.2346 0.3698 0.8990
vn 0.2092 0.4224 0.8819
vn 0.2198 0.3469 0.9118
vn 0.1961 -0.1251 0.9726
vn 0.2065 -0.1477 0.9672
vn 0.8770 -0.1268 0.4634
vn 0.8732 -0.1441 0.4655
vn 0.8810 -0.1255 0.4562
vn -0.7990 -0.2850 0.5296
vn -0.8082 -0.2824 0.5168
vn -0.7986 -0.6018 -0.0011
vn -0.7933 -0.6088 0.0048
vn -0.8005 -0.5993 -0.0005
vn -0.9970 0.0778 0.0013
vn -0.9979 0.0641 0.0016
vn -0.9956 0.0940 0.0001
vn 0.5231 0.0692 0.8495
vn 0.5200 0.0783 0.8505
vn 0.5226 0.0668 0.8500
vn 0.5816 0.2460 0.7754
vn 0.5892 0.2313 0.7742
vn 0.5817 0.2501 0.7740
vn 0.3318 -0.1771 0.9266
vn 0.3337 -0.1723 0.9268
vn 0.3288 -0.1774 0.9276
vn -0.2794 -0.1502 0.9483
vn -0.2787 -0.1504 0.9485
vn -0.2801 -0.1501 0.9482
vn 0.4196 0.2514 0.8722
vn 0.4391 0.2773 0.8546
vn 0.4124 0.2478 0.8767
vn -0.0900 0.0066 0.9959
vn -0.0876 -0.0193 0.9960
vn 0.2185 -0.1826 0.9586
vn -0.9570 0.0807 -0.2785
vn -0.9582 0.1098 -0.2642
vn -0.9559 0.0560 -0.2885
vn -0.8147 0.2943 0.4996
vn -0.8140 0.2952 0.5003
vn -0.8152 0.2939 0.4991
vn -0.1672 0.2599 0.9510
vn -0.1679 0.2625 0.9502
vn -0.1673 0.2592 0.9512
vn 0.0027 -0.0666 0.9978
vn 0.0026 -0.0666 0.9978
vn 0.8089 0.0437 0.5864
vn 0.8063 0.0870 0.5851
vn 0.8111 0.0063 0.5848
vn -0.9502 -0.3110 0.0199
vn -0.9466 -0.3216 0.0225
vn -0.9521 -0.3048 0.0260
vn -0.5304 -0.2234 0.8178
vn -0.5293 -0.2247 0.8181
vn -0.5307 -0.2229 0.8177
vn -0.8368 -0.1492 0.5268
vn -0.8231 -0.2027 0.5304
vn -0.8259 -0.1293 0.5487
vn -0.9901 -0.1195 -0.0729
vn -0.9910 -0.1123 -0.0735
vn -0.9896 -0.1219 -0.0767
vn 0.9191 0.1714 0.3548
vn 0.9230 0.1590 0.3504
vn 0.9193 0.1755 0.3522
vn 0.8595 -0.2141 0.4641
vn 0.8636 -0.1984 0.4635
vn 0.8545 -0.2169 0.4720
vn 0.8875 0.0867 0.4526
vn 0.8962 0.0668 0.4385
vn 0.8845 0.0916 0.4575
vn -0.2923 0.0950 0.9516
vn -0.2898 0.0935 0.9525
vn -0.2950 0.0953 0.9507
vn -0.0781 0.1419 0.9868
vn -0.0837 0.1345 0.9874
vn -0.0752 0.1463 0.9864
vn 0.2613 -0.2331 0.9367
vn 0.2565 -0.2359 0.9373
vn 0.2644 -0.2322 0.9360
vn 0.0026 -0.1071 0.9942
vn -0.0038 -0.1015 0.9948
vn 0.3394 -0.0448 0.9396
vn 0.3471 -0.0303 0.9374
vn 0.3271 -0.0454 0.9439
vn 0.2716 0.1419 0.9519
vn 0.2785 0.1569 0.9475
vn 0.2605 0.1419 0.9550
vn -0.1148 -0.0250 0.9931
vn -0.1386 0.0181 0.9902
vn -0.1035 -0.0363 0.9940
vn -0.7092 -0.1216 0.6944
vn -0.7188 -0.1035 0.6874
vn -0.7092 -0.1282 0.6933
vn -0.6906 0.2246 0.6874
vn -0.6807 0.2057 0.7031
vn -0.6904 0.2834 0.6656
vn -0.2394 -0.0737 0.9681
vn -0.2419 -0.0668 0.9680
vn 0.9154 -0.1441 0.3759
vn 0.9162 -0.1394 0.3756
vn 0.8270 -0.2898 0.4817
vn 0.8282 -0.2872 0.4813
vn 0.8256 -0.2905 0.4837
vn 0.1176 -0.1662 0.9791
vn 0.1124 -0.1614 0.9805
vn -0.9290 -0.0688 0.3636
vn -0.9177 -0.0036 0.3973
vn -0.9319 -0.0862 0.3524
vn 0.1856 -0.0983 0.9777
vn 0.1803 -0.1070 0.9778
vn 0.1927 -0.0985 0.9763
vn -0.9215 0.0815 0.3797
vn -0.9224 0.0693 0.3800
vn -0.9187 0.0850 0.3858
vn 0.3759 -0.0111 0.9266
vn 0.3737 0.0030 0.9275
vn 0.3721 -0.0141 0.9281
vn 0.7969 -0.3051 0.5214
vn 0.1656 -0.0956 0.9816
vn 0.1641 -0.0941 0.9819
vn 0.1668 -0.0962 0.9813
vn -0.8032 -0.4477 0.3930
vn -0.7930 -0.4621 0.3971
vn -0.8039 -0.4417 0.3982
vn 0.4074 -0.0812 0.9096
vn 0.3998 -0.0985 0.9113
vn 0.4111 -0.0747 0.9085
vn -0.1644 0.3568 0.9196
vn -0.1675 0.3006 0.9389
vn -0.1295 0.3737 0.9184
vn -0.1555 0.9861 0.0586
vn 0.8496 -0.2647 0.4561
vn 0.8442 -0.2724 0.4617
vn 0.8522 -0.2614 0.4532
vn -0.7188 0.3381 0.6075
vn -0.7197 0.3318 0.6098
vn -0.3659 0.0593 0.9288
vn -0.3666 0.1278 0.9216
vn -0.3573 -0.0408 0.9331
vn 0.7991 -0.4005 0.4483
vn 0.8014 -0.3959 0.4484
vn 0.7971 -0.4015 0.4510
vn -0.3171 0.0992 0.9432
vn -0.3211 0.1161 0.9399
vn -0.3223 0.0930 0.9420
vn 0.5450 0.3135 0.7776
vn 0.5437 0.3168 0.7772
vn 0.5443 0.3115 0.7789
vn -0.9464 0.0210 -0.3223
vn -0.9383 0.0081 -0.3456
vn -0.9507 0.0137 -0.3098
vn 0.4629 0.2976 0.8350
vn 0.4501 0.2654 0.8526
vn 0.4671 0.3148 0.8263
vn -0.0404 -0.0061 0.9992
vn -0.0649 -0.0578 0.9962
vn 0.0109 0.0011 0.9999
vn 0.4062 0.4970 0.7668
vn 0.3685 0.5022 0.7823
vn 0.4533 0.4282 0.7817
vn 0.9327 0.0442 0.3579
vn 0.9401 0.0300 0.3396
vn 0.9276 0.0741 0.3662
vn 0.2607 0.1251 0.9573
vn 0.2560 0.1259 0.9584
vn 0.6657 0.3606 0.6533
vn 0.6665 0.3628 0.6513
vn 0.3577 0.1031 0.9281
vn 0.3620 0.0934 0.9275
vn -0.6817 0.0044 0.7316
vn -0.6915 0.0505 0.7206
vn -0.8033 -0.1133 0.5847
vn -0.8064 -0.0877 0.5849
vn -0.7997 -0.1357 0.5849
vn -0.0934 -0.0837 0.9921
vn -0.1014 -0.0729 0.9922
vn -0.0895 -0.0870 0.9922
vn -0.3055 -0.1445 0.9412
vn -0.3050 -0.1447 0.9413
vn -0.3059 -0.1444 0.9410
vn 0.8118 -0.3538 0.4645
vn 0.8112 -0.3479 0.4700
vn -0.2255 0.1008 0.9690
vn -0.2226 0.1037 0.9694
vn 0.9334 -0.0909 0.3471
vn 0.9332 -0.0823 0.3498
vn 0.7859 -0.0468 0.6165
vn 0.7899 -0.0406 0.6119
vn 0.7830 -0.0504 0.6199
vn 0.3573 0.0614 0.9320
vn 0.3539 0.0596 0.9334
vn 0.3591 0.0610 0.9313
vn -0.8593 -0.1395 0.4921
vn -0.8415 -0.1339 0.5234
vn -0.8690 -0.1178 0.4806
vn 0.4293 0.0196 0.9029
vn 0.4178 0.0068 0.9085
vn 0.4346 0.0241 0.9003
vn 0.8474 -0.0704 0.5262
vn 0.8490 -0.0626 0.5246
vn 0.8446 -0.0716 0.5306
vn -0.0258 -0.0046 0.9997
vn -0.0263 -0.0077 0.9996
vn -0.0258 -0.0011 0.9997
vn -0.3107 0.3921 0.8658
vn -0.3109 0.3972 0.8635
vn -0.3111 0.3858 0.8685
vn -0.4513 0.2585 0.8541
vn -0.4317 0.1923 0.8813
vn -0.4589 0.2705 0.8463
vn -0.0632 0.0416 0.9971
vn -0.0735 0.0453 0.9963
vn -0.0533 0.0391 0.9978
vn 0.1270 0.4708 0.8731
vn 0.1277 0.4879 0.8635
vn 0.1292 0.4464 0.8855
vn -0.2780 0.4019 0.8725
vn -0.1456 0.1389 0.9796
vn -0.1613 0.0830 0.9834
vn -0.1090 0.1459 0.9833
vn 0.3528 0.8672 0.3513
vn 0.3525 0.8689 0.3474
vn 0.3533 0.8664 0.3529
vn -0.5178 -0.0151 0.8554
vn -0.5054 -0.0146 0.8628
vn -0.5309 -0.0140 0.8473
vn 0.0058 -0.0033 1.0000
vn -0.0011 0.0068 1.0000
vn 0.0083 -0.0175 0.9998
vn -0.1180 0.0738 0.9903
vn -0.1153 0.0756 0.9904
vn -0.1190 0.0741 0.9901
vn -0.7015 0.4112 0.5821
vn -0.6509 0.4652 0.5999
vn -0.7292 0.3824 0.5675
vn 0.9106 -0.2054 0.3586
vn 0.9097 -0.2045 0.3615
vn -0.9466 0.2980 -0.1230
vn -0.9454 0.3036 -0.1183
vn -0.9475 0.2938 -0.1258
vn 0.2784 -0.1775 0.9439
vn 0.2831 -0.1810 0.9419
vn 0.2765 -0.1689 0.9460
vn 0.3106 -0.0402 0.9497
vn 0.3103 -0.0492 0.9494
vn 0.3135 -0.0385 0.9488
vn -0.9834 0.1785 -0.0338
vn -0.9829 0.1800 -0.0396
vn -0.9848 0.1713 -0.0302
vn -0.7594 -0.1630 0.6299
vn -0.7630 -0.1631 0.6254
vn -0.7568 -0.1676 0.6317
vn -0.9999 0.0046 0.0128
vn -0.9995 -0.0321 -0.0040
vn -0.9743 0.0823 -0.2099
vn -0.9637 0.1431 -0.2255
vn -0.9719 0.0640 -0.2265
vn -0.9174 0.0304 0.3968
vn -0.9174 0.0307 0.3968
vn -0.9174 0.0304 0.3967
vn -0.9110 0.1287 0.3918
vn -0.9186 0.1002 0.3823
vn -0.9029 0.1609 0.3986
vn -0.8053 -0.2846 0.5200
vn -0.8219 -0.3049 0.4811
vn -0.7959 -0.2934 0.5296
vn 0.8758 0.1590 0.4557
vn 0.8616 0.1904 0.4705
vn 0.1856 0.1054 0.9770
vn 0.1710 0.0891 0.9812
vn -0.9944 -0.1058 0.0031
vn -0.9922 -0.1240 -0.0085
vn -0.9946 -0.1036 0.0085
vn -0.0536 -0.0762 0.9957
vn -0.0538 -0.0795 0.9954
vn -0.0540 -0.0738 0.9958
vn -0.6777 -0.1584 0.7181
vn -0.6753 -0.1684 0.7181
vn -0.6719 -0.1493 0.7254
vn 0.8963 -0.0175 0.4431
vn 0.8882 0.0084 0.4593
vn 0.8977 -0.0245 0.4399
vn 0.1448 -0.0219 0.9892
vn 0.1446 -0.0203 0.9893
vn 0.1443 -0.0223 0.9893
vn -0.9776 -0.2063 -0.0427
vn -0.9751 -0.2182 -0.0387
vn -0.9783 -0.2033 -0.0406
vn -0.0077 -0.0866 0.9962
vn -0.0265 -0.0674 0.9974
vn 0.0057 -0.1203 0.9927
vn -0.8827 0.3046 0.3578
vn -0.8891 0.3097 0.3369
vn -0.8735 0.3081 0.3769
vn 0.7827 0.1925 0.5918
vn 0.7836 0.1871 0.5924
vn 0.7818 0.1971 0.5916
vn -0.9896 0.1302 -0.0605
vn -0.9897 0.1301 -0.0600
vn 0.3473 -0.2778 0.8956
vn -0.8179 -0.0246 0.5748
vn -0.8135 -0.0579 0.5787
vn -0.8099 -0.0112 0.5865
vn 0.9064 0.3849 0.1744
vn 0.9059 0.3879 0.1698
vn 0.9054 0.3858 0.1772
vn 0.3025 0.0689 0.9507
vn 0.3079 0.0842 0.9477
vn 0.2958 0.0693 0.9527
vn 0.5706 0.1159 0.8130
vn 0.5690 0.1238 0.8129
vn 0.5707 0.1138 0.8132
vn 0.0683 0.2321 0.9703
vn 0.0746 0.1152 0.9905
vn 0.0621 0.3412 0.9379
vn -0.1428 -0.1186 0.9826
vn -0.1424 -0.1194 0.9826
vn -0.3659 -0.0454 0.9295
vn -0.3650 -0.0258 0.9307
vn -0.3660 -0.0703 0.9280
vn 0.0354 -0.0080 0.9993
vn 0.0313 -0.0227 0.9993
vn 0.4867 0.6885 0.5377
vn 0.4869 0.6881 0.5380
vn -0.4166 0.1613 0.8947
vn -0.4086 0.1730 0.8962
vn 0.3338 -0.0577 0.9409
vn 0.3337 -0.0577 0.9409
vn 0.1314 0.0182 0.9912
vn 0.1318 0.0179 0.9911
vn 0.5636 -0.1389 0.8143
vn -0.9877 0.1515 -0.0395
vn 0.7911 -0.2062 0.5759
vn -0.2498 0.0374 0.9676
vn -0.9980 0.0199 -0.0604
vn -0.9980 0.0202 -0.0596
vn -0.9979 0.0197 -0.0615
vn -0.6024 0.0606 0.7959
vn -0.6040 0.0645 0.7944
vn -0.6026 0.0591 0.7959
vn 0.3168 -0.0519 0.9471
vn -0.9436 0.0506 0.3272
vn -0.9453 0.0522 0.3219
vn -0.7943 0.0585 0.6048
vn -0.7959 0.0637 0.6021
vn -0.7946 0.0565 0.6045
vn -0.9559 -0.1046 -0.2746
vn -0.9578 0.0503 -0.2829
vn -0.9386 0.2428 -0.2453
vn 0.9504 0.3040 -0.0649
vn -0.9376 -0.0907 -0.3357
vn 0.9656 -0.2140 0.1478
vn 0.8923 -0.2745 -0.3584
vn -0.8800 -0.0337 -0.4738
vn 0.7116 0.2230 -0.6662
vn 0.9972 -0.0743 0.0007
vn -0.9723 -0.1027 -0.2099
vn 0.4266 0.8858 -0.1826
vn 0.9607 0.1760 -0.2148
vn -0.8760 -0.1658 -0.4528
vn -0.9721 0.1539 -0.1768
vn 0.9185 0.0961 -0.3835
vn 0.8199 0.1635 -0.5487
vn -0.9404 0.3400 0.0005
vn -0.9186 -0.0766 -0.3877
vn -0.8712 -0.2145 -0.4415
vn 0.9203 -0.2780 -0.2751
vn -0.4365 0.4957 -0.7508
vn -0.9513 0.3031 -0.0556
vn -0.9565 0.0977 -0.2749
vn 0.8921 -0.0789 -0.4448
vn 0.7901 0.2744 -0.5482
vn -0.9962 0.0245 0.0832
vn 0.9703 0.0001 0.2420
vn 0.9798 -0.1790 -0.0890
vn 0.9511 -0.2970 0.0849
vn -0.8364 0.0233 -0.5476
vn -0.8687 -0.2087 -0.4492
vn -0.9128 0.2171 -0.3459
vn -0.7207 -0.5900 -0.3640
vn 0.9802 0.1491 -0.1300
vn -0.8766 -0.1130 -0.4677
vn -0.6197 -0.7179 -0.3172
vn 0.8728 0.0793 -0.4815
vn 0.9959 -0.0893 -0.0166
vn 0.6260 0.6631 0.4104
vn 0.7199 0.1619 -0.6749
vn 0.8044 0.5743 -0.1519
vn -0.9851 0.1310 0.1110
vn -0.4669 0.7284 0.5014
vn 0.8783 0.3378 -0.3384
vn 0.9243 0.1156 -0.3638
vn -0.9371 -0.0009 -0.3491
vn -0.9672 0.2375 -0.0901
vn -0.9579 -0.2005 -0.2054
vn 0.9004 -0.0198 -0.4347
vn 0.7148 0.1497 -0.6831
vn 0.8621 -0.2137 -0.4595
vn 0.9180 0.3737 0.1328
vn -0.3586 0.1455 -0.9221
vn -0.9993 -0.0360 0.0126
vn 0.8867 -0.1783 -0.4266
vn 0.9254 0.0916 -0.3678
vn -0.9239 0.0062 -0.3825
vn 0.9628 -0.1020 0.2502
vn 0.9058 0.2530 -0.3400
vn 0.9515 -0.2461 0.1848
vn -0.7652 0.4819 0.4270
vn -0.9420 0.0612 -0.3301
vn 0.9115 -0.3973 -0.1064
vn -0.3526 0.0644 -0.9335
vn 0.9644 0.1847 0.1893
vn -0.6824 -0.6252 -0.3787
vn -0.9152 -0.0130 -0.4027
vn 0.9931 0.0524 0.1053
vn -0.9871 -0.1405 -0.0761
vn 0.9431 0.1336 0.3044
vn -0.3725 -0.0823 -0.9244
vn 0.7492 0.2897 -0.5956
vn -0.9383 0.1615 -0.3059
vn 0.9891 0.0602 -0.1343
vn 0.8745 -0.0290 -0.4841
vn 0.9582 -0.0393 0.2835
vn -0.9426 0.3054 -0.1350
vn -0.3388 0.4183 -0.8428
vn -0.9732 0.0348 -0.2274
vn -0.9625 -0.0279 -0.2698
vn 0.9810 0.1435 -0.1303
vn -0.8656 -0.2061 -0.4564
vn -0.9730 0.0661 -0.2213
vn -0.8871 -0.1160 -0.4468
vn -0.8243 -0.3176 -0.4687
vn -0.9591 -0.0067 -0.2830
vn 0.5456 0.2801 -0.7898
vn -0.9572 0.0682 -0.2813
vn -0.8532 -0.1966 -0.4831
vn -0.8449 0.5174 -0.1359
vn 0.9737 -0.2237 -0.0422
vn -0.9167 -0.1567 -0.3676
vn 0.9626 -0.2529 0.0977
vn 0.9335 -0.3525 -0.0651
vn -0.9303 -0.1111 -0.3497
vn 0.9425 -0.3235 0.0838
vn 0.6542 0.6009 0.4592
vn 0.9141 0.1287 0.3846
vn -0.4186 0.8016 0.4269
vn -0.3641 0.5632 0.7417
vn -0.9558 -0.1427 -0.2572
vn -0.8942 0.4184 -0.1594
vn 0.9957 -0.0404 -0.0832
vn 0.9945 -0.0932 0.0475
vn 0.4703 0.8819 -0.0317
vn 0.9980 -0.0137 0.0620
vn 0.8886 0.4581 0.0235
vn 0.9681 0.2312 0.0965
vn -0.9348 0.0494 -0.3518
vn 0.9980 -0.0469 -0.0421
vn 0.9629 0.2643 0.0535
vn -0.9572 -0.0071 -0.2894
vn -0.9966 -0.0129 -0.0808
vn -0.8491 0.0315 0.5272
vn -0.8818 -0.1330 -0.4525
vn -0.9300 0.1534 -0.3340
vn 0.9560 0.2655 0.1247
vn -0.3762 0.9224 -0.0875
vn -0.1833 0.6414 -0.7450
vt 0.123215 0.404970
vt 0.131444 0.380072
vt 0.139380 0.399339
vt 0.263991 0.071260
vt 0.267420 0.081818
vt 0.261252 0.080502
vt 0.286301 0.074812
vt 0.291283 0.084720
vt 0.284820 0.084306
vt 0.027456 0.404461
vt 0.041370 0.424163
vt 0.024022 0.422180
vt 0.087394 0.394130
vt 0.107339 0.409715
vt 0.091581 0.414296
vt 0.253224 0.068059
vt 0.255868 0.078901
vt 0.249584 0.076540
vt 0.352695 0.096359
vt 0.358310 0.086129
vt 0.360323 0.095848
vt 0.337890 0.096285
vt 0.343890 0.086706
vt 0.345293 0.096322
vt 0.274969 0.073436
vt 0.279155 0.083618
vt 0.272909 0.082906
vt 0.041898 0.404105
vt 0.058787 0.422596
vt 0.323558 0.095734
vt 0.329871 0.086527
vt 0.330724 0.096010
vt 0.242768 0.063802
vt 0.244356 0.074411
vt 0.238201 0.070551
vt 0.296265 0.094628
vt 0.303253 0.085541
vt 0.302970 0.094917
vt 0.367952 0.095337
vt 0.372879 0.084158
vt 0.375549 0.093540
vt 0.309674 0.095207
vt 0.316318 0.086102
vt 0.316616 0.095471
vt 0.057133 0.401903
vt 0.075508 0.418975
vt 0.072374 0.398338
vt 0.102235 0.389798
vt 0.145095 0.374013
vt 0.154815 0.392424
vt 0.373023 0.053981
vt 0.368474 0.064940
vt 0.366545 0.055146
vt 0.040646 0.383896
vt 0.054553 0.381118
vt 0.068690 0.377598
vt 0.082803 0.373675
vt 0.116940 0.385232
vt 0.096735 0.369586
vt 0.110450 0.365290
vt 0.123880 0.360502
vt 0.136803 0.355155
vt 0.027348 0.385789
vt 0.250835 0.058461
vt 0.255848 0.059745
vt 0.390836 0.068491
vt 0.385542 0.050576
vt 0.360067 0.056311
vt 0.354978 0.066719
vt 0.353593 0.056902
vt 0.261232 0.061345
vt 0.266243 0.062317
vt 0.282440 0.064794
vt 0.287595 0.065296
vt 0.334537 0.057804
vt 0.328749 0.067400
vt 0.328473 0.057708
vt 0.310755 0.057147
vt 0.304392 0.066454
vt 0.305170 0.056846
vt 0.347119 0.057494
vt 0.341651 0.067408
vt 0.340828 0.057649
vt 0.322409 0.057612
vt 0.316325 0.067033
vt 0.316582 0.057379
vt 0.402824 0.063201
vt 0.397445 0.046569
vt 0.298029 0.075761
vt 0.293459 0.065770
vt 0.298807 0.066152
vt 0.271732 0.063405
vt 0.276775 0.064106
vt 0.077828 0.353384
vt 0.090885 0.349368
vt 0.116315 0.340558
vt 0.103713 0.345082
vt 0.128493 0.335530
vt 0.144442 0.339783
vt 0.148786 0.349471
vt 0.278580 0.054776
vt 0.275159 0.045018
vt 0.279880 0.045506
vt 0.299585 0.056544
vt 0.295170 0.046723
vt 0.300133 0.046948
vt 0.380921 0.031632
vt 0.392896 0.028121
vt 0.321843 0.038063
vt 0.316299 0.047605
vt 0.316445 0.037919
vt 0.344707 0.037713
vt 0.339622 0.047758
vt 0.338888 0.037912
vt 0.051236 0.360564
vt 0.064539 0.357153
vt 0.311047 0.037775
vt 0.305316 0.047160
vt 0.305864 0.037564
vt 0.333069 0.038112
vt 0.327739 0.047862
vt 0.327456 0.038088
vt 0.288889 0.055779
vt 0.285034 0.046007
vt 0.289822 0.046340
vt 0.268495 0.053374
vt 0.265350 0.043626
vt 0.270117 0.044317
vt 0.356703 0.036604
vt 0.351911 0.047049
vt 0.350705 0.037158
vt 0.368857 0.034590
vt 0.258473 0.051431
vt 0.255436 0.041716
vt 0.260339 0.042654
vt 0.025067 0.365796
vt 0.038078 0.363460
vt 0.364462 0.045451
vt 0.362780 0.035597
vt 0.153040 0.358242
vt 0.157295 0.367013
vt 0.409895 0.078133
vt 0.396980 0.085723
vt 0.380476 0.082361
vt 0.377806 0.072979
vt 0.167912 0.382397
vt 0.299598 0.993737
vt 0.302754 0.978325
vt 0.307038 0.977898
vt 0.100483 0.457757
vt 0.112092 0.430015
vt 0.120105 0.452186
vt 0.290657 0.978496
vt 0.280562 0.978004
vt 0.288114 0.973867
vt 0.431004 0.520330
vt 0.413126 0.508319
vt 0.430952 0.506005
vt 0.176329 0.960226
vt 0.181172 0.965235
vt 0.176508 0.965607
vt 0.202514 0.969554
vt 0.194265 0.969899
vt 0.195967 0.965590
vt 0.328378 0.255809
vt 0.315457 0.242889
vt 0.327635 0.242241
vt 0.053852 0.921305
vt 0.060389 0.916245
vt 0.059869 0.921136
vt 0.307804 0.155457
vt 0.300671 0.144082
vt 0.308738 0.144846
vt 0.090069 0.540435
vt 0.063869 0.568844
vt 0.062753 0.541322
vt 0.346277 0.617179
vt 0.367842 0.608792
vt 0.367996 0.617024
vt 0.426340 0.641865
vt 0.406944 0.626808
vt 0.426463 0.626786
vt 0.276832 0.862900
vt 0.288886 0.852596
vt 0.288523 0.863130
vt 0.407863 0.362930
vt 0.393396 0.358657
vt 0.405546 0.354338
vt 0.090506 0.794359
vt 0.079956 0.787528
vt 0.090544 0.786844
vt 0.220611 0.910624
vt 0.208637 0.917562
vt 0.209404 0.908734
vt 0.345040 0.177971
vt 0.352640 0.166351
vt 0.354303 0.177176
vt 0.447944 0.956254
vt 0.450674 0.964745
vt 0.446138 0.960456
vt 0.158405 0.352479
vt 0.179855 0.343390
vt 0.179810 0.351925
vt 0.444639 0.543849
vt 0.460854 0.542404
vt 0.458984 0.548327
vt 0.410815 0.441572
vt 0.430045 0.425650
vt 0.430255 0.441833
vt 0.334504 0.427554
vt 0.316359 0.437063
vt 0.314542 0.425126
vt 0.444000 0.689158
vt 0.463862 0.683561
vt 0.462795 0.691371
vt 0.450176 0.458121
vt 0.430103 0.474416
vt 0.430194 0.457814
vt 0.410830 0.424842
vt 0.391072 0.407920
vt 0.410749 0.408490
vt 0.053004 0.910782
vt 0.044327 0.905041
vt 0.052768 0.904586
vt 0.416139 0.214124
vt 0.401709 0.205131
vt 0.413463 0.202565
vt 0.089064 0.726449
vt 0.112944 0.717689
vt 0.108491 0.738039
vt 0.447675 0.520106
vt 0.330727 0.543183
vt 0.340690 0.533454
vt 0.341103 0.542055
vt 0.385414 0.611997
vt 0.406430 0.611747
vt 0.430761 0.409815
vt 0.320850 0.739098
vt 0.330925 0.728392
vt 0.331025 0.738031
vt 0.035013 0.595792
vt 0.003903 0.570190
vt 0.034799 0.569096
vt 0.352733 0.433166
vt 0.334731 0.438355
vt 0.037502 0.322060
vt 0.045759 0.316197
vt 0.045255 0.322857
vt 0.017929 0.053637
vt 0.034612 0.046457
vt 0.033392 0.055107
vt 0.328246 0.652213
vt 0.307964 0.636142
vt 0.327491 0.634811
vt 0.311023 0.745027
vt 0.323587 0.745542
vt 0.319407 0.752112
vt 0.432668 0.184798
vt 0.418958 0.176659
vt 0.429217 0.173340
vt 0.061273 0.514281
vt 0.033901 0.541707
vt 0.033274 0.514718
vt 0.225842 0.870006
vt 0.200511 0.877926
vt 0.201279 0.867856
vt 0.036491 0.465408
vt 0.018064 0.441410
vt 0.039187 0.444085
vt 0.207428 0.188668
vt 0.208723 0.211772
vt 0.195761 0.204677
vt 0.139878 0.941883
vt 0.149797 0.946410
vt 0.142017 0.949123
vt 0.086417 0.265370
vt 0.101235 0.260525
vt 0.099004 0.268724
vt 0.465693 0.522493
vt 0.457168 0.514182
vt 0.466555 0.514975
vt 0.444332 0.964658
vt 0.440545 0.973340
vt 0.439860 0.965285
vt 0.442804 0.703662
vt 0.459257 0.713461
vt 0.457557 0.720473
vt 0.329882 0.781687
vt 0.342494 0.793056
vt 0.329270 0.791883
vt 0.230313 0.807091
vt 0.205930 0.795889
vt 0.206568 0.785557
vt 0.339351 0.511906
vt 0.353554 0.523722
vt 0.339947 0.523247
vt 0.431832 0.899298
vt 0.442095 0.907688
vt 0.432438 0.907879
vt 0.434112 0.932414
vt 0.442001 0.938911
vt 0.434442 0.938793
vt 0.317564 0.449484
vt 0.300845 0.456444
vt 0.300185 0.449772
vt 0.004975 0.487471
vt 0.034315 0.489131
vt 0.452792 0.880233
vt 0.464135 0.889914
vt 0.452778 0.889365
vt 0.279572 0.942325
vt 0.268224 0.934478
vt 0.279114 0.933586
vt 0.311888 0.687950
vt 0.290109 0.673451
vt 0.309821 0.670975
vt 0.281777 0.956573
vt 0.289926 0.949103
vt 0.289567 0.956284
vt 0.045649 0.199087
vt 0.062399 0.190499
vt 0.060086 0.201687
vt 0.125389 0.225686
vt 0.110677 0.228740
vt 0.113210 0.220201
vt 0.076650 0.155036
vt 0.062551 0.143724
vt 0.082247 0.144594
vt 0.322455 0.885679
vt 0.332992 0.897604
vt 0.321553 0.895979
vt 0.447755 0.303953
vt 0.434807 0.303688
vt 0.444169 0.297381
vt 0.333020 0.550130
vt 0.341550 0.549185
vt 0.347167 0.702976
vt 0.366383 0.696273
vt 0.365945 0.704858
vt 0.363566 0.176381
vt 0.370722 0.164341
vt 0.372995 0.174988
vt 0.323611 0.976199
vt 0.315324 0.977049
vt 0.316774 0.972652
vt 0.407132 0.674187
vt 0.385415 0.659538
vt 0.406439 0.658395
vt 0.085937 0.938134
vt 0.078832 0.937567
vt 0.080280 0.934442
vt 0.392709 0.503614
vt 0.391811 0.495448
vt 0.409054 0.704136
vt 0.426124 0.688641
vt 0.425913 0.702852
vt 0.254551 0.906229
vt 0.265756 0.895193
vt 0.265979 0.905550
vt 0.439912 0.559550
vt 0.432067 0.570867
vt 0.432196 0.560062
vt 0.390621 0.904515
vt 0.399850 0.893775
vt 0.401129 0.902717
vt 0.318013 0.729555
vt 0.330559 0.716618
vt 0.037834 0.913056
vt 0.045843 0.917181
vt 0.039389 0.918795
vt 0.353991 0.512011
vt 0.361430 0.519158
vt 0.353773 0.517866
vt 0.344513 0.406555
vt 0.352153 0.406917
vt 0.340017 0.416110
vt 0.137779 0.183694
vt 0.154202 0.187405
vt 0.145788 0.194023
vt 0.318881 0.462262
vt 0.335300 0.450197
vt 0.336077 0.462278
vt 0.133487 0.906202
vt 0.144206 0.895805
vt 0.144711 0.905254
vt 0.320191 0.475203
vt 0.304196 0.483193
vt 0.303002 0.476510
vt 0.448642 0.505871
vt 0.458850 0.498662
vt 0.458030 0.506664
vt 0.390594 0.424692
vt 0.084170 0.008874
vt 0.112363 0.024229
vt 0.082717 0.024450
vt 0.070578 0.809810
vt 0.060857 0.804010
vt 0.070440 0.802473
vt 0.306812 0.619301
vt 0.284561 0.604017
vt 0.305799 0.602671
vt 0.070301 0.795136
vt 0.080279 0.802252
vt 0.080384 0.913182
vt 0.073135 0.917075
vt 0.073655 0.912184
vt 0.365600 0.537858
vt 0.358393 0.540340
vt 0.359180 0.535977
vt 0.095000 0.917141
vt 0.086424 0.920191
vt 0.087692 0.915161
vt 0.446659 0.626852
vt 0.468820 0.619449
vt 0.468425 0.627210
vt 0.413215 0.340337
vt 0.419749 0.343887
vt 0.403228 0.345747
vt 0.003032 0.619325
vt 0.034077 0.620849
vt 0.251728 0.841891
vt 0.264023 0.831460
vt 0.264295 0.841689
vt 0.052019 0.839628
vt 0.061414 0.832099
vt 0.061148 0.839700
vt 0.125418 0.084367
vt 0.105500 0.061628
vt 0.130601 0.066183
vt 0.278657 0.924848
vt 0.288809 0.914862
vt 0.289025 0.924505
vt 0.031288 0.336491
vt 0.038816 0.326882
vt 0.040130 0.331705
vt 0.354016 0.486952
vt 0.361984 0.500217
vt 0.354105 0.499848
vt 0.247710 0.231779
vt 0.239006 0.215312
vt 0.251887 0.216922
vt 0.351186 0.542822
vt 0.328435 0.376547
vt 0.341478 0.372512
vt 0.337643 0.380422
vt 0.190958 0.716199
vt 0.214743 0.702737
vt 0.206310 0.716528
vt 0.441157 0.716352
vt 0.455482 0.726264
vt 0.453407 0.732055
vt 0.159715 0.950936
vt 0.168388 0.944162
vt 0.167962 0.950368
vt 0.301937 0.316687
vt 0.286651 0.302424
vt 0.301755 0.301803
vt 0.399198 0.115151
vt 0.403667 0.102853
vt 0.410725 0.120768
vt 0.080211 0.300581
vt 0.086437 0.314699
vt 0.077883 0.309108
vt 0.220200 0.376927
vt 0.233767 0.374818
vt 0.227938 0.383341
vt 0.301717 0.258049
vt 0.289109 0.244389
vt 0.302126 0.244009
vt 0.209094 0.290319
vt 0.223709 0.302903
vt 0.208492 0.302098
vt 0.406253 0.597331
vt 0.385080 0.604946
vt 0.384745 0.597896
vt 0.232537 0.340558
vt 0.217532 0.347477
vt 0.219083 0.338120
vt 0.450018 0.442368
vt 0.347413 0.686556
vt 0.330221 0.702457
vt 0.329554 0.686621
vt 0.106625 0.289938
vt 0.093418 0.295260
vt 0.094592 0.286147
vt 0.050618 0.702660
vt 0.057474 0.678659
vt 0.065234 0.704315
vt 0.022441 0.238668
vt 0.043551 0.247608
vt 0.042444 0.256474
vt 0.457737 0.283771
vt 0.445767 0.279659
vt 0.455360 0.276468
vt 0.353551 0.474418
vt 0.370448 0.468418
vt 0.370919 0.474589
vt 0.326487 0.524501
vt 0.314011 0.533418
vt 0.312499 0.527953
vt 0.092503 0.653804
vt 0.061479 0.649530
vt 0.068552 0.885081
vt 0.077508 0.878222
vt 0.076617 0.885776
vt 0.277407 0.904870
vt 0.267141 0.915751
vt 0.371636 0.223324
vt 0.359422 0.212416
vt 0.369473 0.211323
vt 0.089075 0.840707
vt 0.079370 0.847862
vt 0.079676 0.840239
vt 0.339462 0.929237
vt 0.328245 0.936128
vt 0.329295 0.927490
vt 0.123462 0.626687
vt 0.093017 0.625058
vt 0.186984 0.654183
vt 0.221583 0.670548
vt 0.194807 0.686335
vt 0.010784 0.462583
vt 0.460957 0.706448
vt 0.347491 0.555725
vt 0.352955 0.551817
vt 0.356426 0.553768
vt 0.044735 0.933713
vt 0.049293 0.927509
vt 0.050004 0.931771
vt 0.232074 0.595293
vt 0.208257 0.605064
vt 0.209994 0.583992
vt 0.121152 0.568554
vt 0.148659 0.537727
vt 0.151218 0.568415
vt 0.313705 0.703632
vt 0.294540 0.698908
vt 0.292969 0.690760
vt 0.105136 0.874169
vt 0.094909 0.880319
vt 0.095800 0.872766
vt 0.106978 0.137665
vt 0.092609 0.113922
vt 0.114875 0.120438
vt 0.072396 0.093639
vt 0.098211 0.096897
vt 0.431326 0.532832
vt 0.431562 0.543462
vt 0.140254 0.444250
vt 0.129641 0.477198
vt 0.052532 0.898391
vt 0.043939 0.891486
vt 0.052481 0.891383
vt 0.273483 0.259338
vt 0.260597 0.245559
vt 0.274992 0.245034
vt 0.443605 0.231157
vt 0.429872 0.222640
vt 0.441052 0.219759
vt 0.416373 0.535034
vt 0.398473 0.533653
vt 0.396685 0.526962
vt 0.471860 0.436333
vt 0.471326 0.443639
vt 0.408157 0.689569
vt 0.386426 0.675988
vt 0.289668 0.153907
vt 0.283588 0.142121
vt 0.291604 0.143307
vt 0.426163 0.673217
vt 0.426158 0.657672
vt 0.210308 0.626286
vt 0.183031 0.627326
vt 0.302535 0.229969
vt 0.291665 0.216472
vt 0.303273 0.216617
vt 0.022449 0.255903
vt 0.040716 0.264915
vt 0.038987 0.273355
vt 0.160746 0.688020
vt 0.156482 0.656451
vt 0.136155 0.924907
vt 0.146045 0.914607
vt 0.146568 0.923572
vt 0.092026 0.568638
vt 0.064042 0.596130
vt 0.154180 0.845923
vt 0.141769 0.836769
vt 0.154179 0.836212
vt 0.070810 0.824570
vt 0.079942 0.832639
vt 0.070543 0.832170
vt 0.326298 0.618192
vt 0.352950 0.462296
vt 0.337009 0.474591
vt 0.177748 0.866160
vt 0.190028 0.856542
vt 0.189514 0.867008
vt 0.421859 0.303423
vt 0.405958 0.299301
vt 0.416807 0.294414
vt 0.101844 0.890156
vt 0.092221 0.895374
vt 0.093263 0.888313
vt 0.327034 0.822573
vt 0.313987 0.832433
vt 0.314260 0.821908
vt 0.051977 0.854586
vt 0.042429 0.847037
vt 0.051998 0.847107
vt 0.446507 0.532861
vt 0.122407 0.597902
vt 0.092900 0.596855
vt 0.071726 0.937001
vt 0.067362 0.943560
vt 0.068242 0.937000
vt 0.319823 0.331513
vt 0.301356 0.331944
vt 0.002112 0.669835
vt 0.028596 0.663837
vt 0.023907 0.678649
vt 0.319414 0.548116
vt 0.324279 0.555602
vt 0.315935 0.791118
vt 0.315901 0.780640
vt 0.392565 0.219536
vt 0.379937 0.209430
vt 0.389922 0.207837
vt 0.315523 0.538882
vt 0.357737 0.678246
vt 0.357117 0.687122
vt 0.176992 0.904774
vt 0.186828 0.914636
vt 0.176819 0.913410
vt 0.285571 0.969237
vt 0.291463 0.962616
vt 0.291772 0.968821
vt 0.411933 0.492843
vt 0.390363 0.477883
vt 0.410734 0.475954
vt 0.182411 0.572789
vt 0.152220 0.599081
vt 0.269114 0.317473
vt 0.284944 0.332337
vt 0.266560 0.333925
vt 0.417860 0.742904
vt 0.404232 0.743584
vt 0.415065 0.736896
vt 0.059729 0.904788
vt 0.020645 0.307908
vt 0.035741 0.299111
vt 0.035195 0.307169
vt 0.223405 0.162727
vt 0.226853 0.180786
vt 0.215416 0.175698
vt 0.328589 0.669711
vt 0.308770 0.653713
vt 0.452983 0.269165
vt 0.440076 0.263507
vt 0.450646 0.260427
vt 0.225636 0.361006
vt 0.212756 0.365698
vt 0.214081 0.357701
vt 0.106914 0.482791
vt 0.087099 0.512794
vt 0.083926 0.486297
vt 0.301573 0.286919
vt 0.287528 0.273129
vt 0.301645 0.272484
vt 0.034419 0.869967
vt 0.043198 0.862276
vt 0.043310 0.869813
vt 0.109983 0.795363
vt 0.100120 0.802366
vt 0.100244 0.794861
vt 0.177330 0.987556
vt 0.172415 0.979115
vt 0.177009 0.979272
vt 0.080175 0.344219
vt 0.070542 0.340777
vt 0.074758 0.337434
vt 0.264007 0.350376
vt 0.251166 0.332932
vt 0.449035 0.789973
vt 0.437704 0.798475
vt 0.437168 0.789433
vt 0.246115 0.121580
vt 0.242936 0.110092
vt 0.250135 0.113296
vt 0.328493 0.534656
vt 0.245950 0.499389
vt 0.283354 0.496381
vt 0.260961 0.515216
vt 0.055274 0.929829
vt 0.060580 0.925398
vt 0.060203 0.929449
vt 0.345615 0.601025
vt 0.325503 0.601403
vt 0.390057 0.295179
vt 0.373827 0.286766
vt 0.386061 0.283567
vt 0.438499 0.208362
vt 0.424643 0.199684
vt 0.435584 0.196580
vt 0.298962 0.904876
vt 0.309045 0.915310
vt 0.299178 0.914518
vt 0.414277 0.918365
vt 0.402449 0.911440
vt 0.412956 0.909642
vt 0.021116 0.220581
vt 0.044921 0.229109
vt 0.044659 0.238742
vt 0.382066 0.271954
vt 0.396910 0.278680
vt 0.321645 0.488124
vt 0.337873 0.487305
vt 0.251391 0.821389
vt 0.263609 0.811210
vt 0.263855 0.821208
vt 0.299426 0.443496
vt 0.298668 0.437220
vt 0.193934 0.438835
vt 0.232628 0.437499
vt 0.210905 0.459405
vt 0.124706 0.656739
vt 0.091294 0.683240
vt 0.382423 0.173595
vt 0.390843 0.160507
vt 0.393836 0.171057
vt 0.347208 0.201508
vt 0.336483 0.190074
vt 0.346124 0.189739
vt 0.173909 0.454903
vt 0.152471 0.468362
vt 0.002400 0.639621
vt 0.031922 0.643712
vt 0.448309 0.251688
vt 0.434859 0.244330
vt 0.445957 0.241423
vt 0.430588 0.490716
vt 0.448967 0.497978
vt 0.023825 0.323242
vt 0.036348 0.314614
vt 0.053800 0.735976
vt 0.048745 0.714445
vt 0.067149 0.724513
vt 0.108924 0.842634
vt 0.098842 0.849558
vt 0.099000 0.841671
vt 0.181444 0.601344
vt 0.148430 0.932060
vt 0.149002 0.939857
vt 0.276501 0.230729
vt 0.266282 0.216397
vt 0.278648 0.216852
vt 0.177060 0.937387
vt 0.185347 0.944366
vt 0.176635 0.943593
vt 0.129357 0.827616
vt 0.141335 0.817537
vt 0.141767 0.827058
vt 0.235892 0.140609
vt 0.239693 0.155694
vt 0.229649 0.151668
vt 0.333760 0.312415
vt 0.317667 0.299667
vt 0.332181 0.298018
vt 0.213241 0.943937
vt 0.203438 0.947641
vt 0.204713 0.941593
vt 0.404920 0.320204
vt 0.384073 0.312397
vt 0.397489 0.307692
vt 0.367310 0.199323
vt 0.356175 0.188647
vt 0.365438 0.187852
vt 0.466690 0.659317
vt 0.445111 0.673546
vt 0.445850 0.657872
vt 0.330602 0.283620
vt 0.346914 0.294105
vt 0.020003 0.690330
vt 0.041693 0.691104
vt 0.034843 0.703266
vt 0.153743 0.627425
vt 0.442429 0.552814
vt 0.456476 0.553397
vt 0.453968 0.558466
vt 0.454586 0.315308
vt 0.443266 0.316408
vt 0.451171 0.309631
vt 0.226313 0.715389
vt 0.209900 0.731707
vt 0.109044 0.043225
vt 0.325711 0.156093
vt 0.317692 0.145164
vt 0.325728 0.145546
vt 0.355892 0.402431
vt 0.349009 0.396999
vt 0.090258 0.809368
vt 0.080534 0.816969
vt 0.080418 0.809589
vt 0.052200 0.869659
vt 0.060933 0.862338
vt 0.060664 0.869980
vt 0.373747 0.132316
vt 0.380709 0.120925
vt 0.383411 0.130082
vt 0.275442 0.780895
vt 0.288715 0.790722
vt 0.275634 0.790963
vt 0.473068 0.917752
vt 0.462916 0.908125
vt 0.474274 0.908674
vt 0.410787 0.191005
vt 0.396605 0.182300
vt 0.408018 0.179763
vt 0.377878 0.152301
vt 0.385477 0.140075
vt 0.388570 0.149860
vt 0.468701 0.308075
vt 0.458228 0.306014
vt 0.465850 0.302271
vt 0.346148 0.888426
vt 0.335118 0.876487
vt 0.347602 0.877632
vt 0.189514 0.479342
vt 0.166725 0.497092
vt 0.179252 0.359549
vt 0.178694 0.367172
vt 0.360240 0.154730
vt 0.366993 0.143523
vt 0.369059 0.153516
vt 0.118265 0.539291
vt 0.139873 0.505738
vt 0.045987 0.347996
vt 0.045153 0.333466
vt 0.050176 0.335226
vt 0.322925 0.500778
vt 0.308048 0.509604
vt 0.306690 0.503007
vt 0.054233 0.249293
vt 0.405710 0.845663
vt 0.393095 0.837371
vt 0.405128 0.836240
vt 0.060067 0.464521
vt 0.060646 0.488347
vt 0.277507 0.130335
vt 0.272810 0.119648
vt 0.279807 0.120905
vt 0.067654 0.242539
vt 0.056418 0.231008
vt 0.069387 0.233286
vt 0.002766 0.656508
vt 0.048854 0.056577
vt 0.032178 0.064189
vt 0.309673 0.134236
vt 0.317499 0.124666
vt 0.317708 0.134618
vt 0.190540 0.739432
vt 0.271366 0.288161
vt 0.257412 0.274535
vt 0.272425 0.273750
vt 0.032902 0.825354
vt 0.042250 0.818352
vt 0.042601 0.825338
vt 0.418283 0.140428
vt 0.405679 0.134138
vt 0.414504 0.130598
vt 0.289033 0.664432
vt 0.287956 0.655412
vt 0.347163 0.634081
vt 0.357579 0.625553
vt 0.357859 0.634015
vt 0.149510 0.969229
vt 0.154612 0.960083
vt 0.156523 0.965465
vt 0.367703 0.262135
vt 0.379275 0.259912
vt 0.160683 0.433292
vt 0.129981 0.423518
vt 0.149113 0.414877
vt 0.343243 0.155863
vt 0.350204 0.145113
vt 0.351741 0.155297
vt 0.156981 0.922237
vt 0.166986 0.913505
vt 0.166813 0.922141
vt 0.082599 0.900592
vt 0.074763 0.905889
vt 0.075168 0.899750
vt 0.113222 0.510296
vt 0.285403 0.177248
vt 0.278436 0.164282
vt 0.287535 0.165578
vt 0.433797 0.275547
vt 0.418975 0.270375
vt 0.430483 0.266697
vt 0.178619 0.825644
vt 0.190463 0.836284
vt 0.178243 0.835727
vt 0.177317 0.885950
vt 0.187757 0.896397
vt 0.177154 0.895362
vt 0.250558 0.457884
vt 0.229001 0.480638
vt 0.036286 0.291054
vt 0.047389 0.283585
vt 0.046490 0.292708
vt 0.230189 0.113399
vt 0.228177 0.101269
vt 0.234973 0.106001
vt 0.459677 0.482509
vt 0.449830 0.474161
vt 0.470062 0.474933
vt 0.380480 0.829080
vt 0.391389 0.818606
vt 0.392513 0.827948
vt 0.345983 0.717254
vt 0.440583 0.290810
vt 0.451791 0.293638
vt 0.376484 0.247870
vt 0.363201 0.237169
vt 0.374060 0.235597
vt 0.283701 0.587270
vt 0.305279 0.586448
vt 0.429412 0.862729
vt 0.441102 0.871481
vt 0.429963 0.871948
vt 0.179307 0.420305
vt 0.166173 0.404917
vt 0.214434 0.101309
vt 0.216100 0.115864
vt 0.206401 0.108325
vt 0.357597 0.278352
vt 0.342987 0.267080
vt 0.355469 0.265334
vt 0.275126 0.398658
vt 0.265837 0.392168
vt 0.274184 0.387875
vt 0.325744 0.135000
vt 0.332776 0.125219
vt 0.333660 0.135042
vt 0.400261 0.540344
vt 0.418816 0.545551
vt 0.404974 0.551578
vt 0.063405 0.622964
vt 0.352306 0.321851
vt 0.335734 0.329377
vt 0.398203 0.242885
vt 0.384919 0.233104
vt 0.395384 0.231211
vt 0.237041 0.563119
vt 0.234692 0.588425
vt 0.217205 0.559150
vt 0.341576 0.135084
vt 0.348020 0.125113
vt 0.349370 0.134723
vt 0.228413 0.525685
vt 0.183179 0.536007
vt 0.207927 0.505460
vt 0.299216 0.393877
vt 0.313825 0.385212
vt 0.311447 0.396513
vt 0.325758 0.178640
vt 0.316781 0.167048
vt 0.325734 0.167367
vt 0.425416 0.369694
vt 0.416606 0.356770
vt 0.425349 0.350609
vt 0.357164 0.134363
vt 0.363755 0.123978
vt 0.365456 0.133339
vt 0.333643 0.145589
vt 0.334477 0.155978
vt 0.361404 0.456991
vt 0.361463 0.462272
vt 0.326075 0.202852
vt 0.315974 0.190625
vt 0.325916 0.190746
vt 0.097852 0.904146
vt 0.089118 0.908664
vt 0.090226 0.902369
vt 0.301487 0.821243
vt 0.288657 0.811137
vt 0.301738 0.810896
vt 0.077858 0.439756
vt 0.095116 0.435230
vt 0.144885 0.764802
vt 0.130192 0.744539
vt 0.151167 0.745494
vt 0.102255 0.079655
vt 0.078188 0.058687
vt 0.256064 0.202065
vt 0.249779 0.186422
vt 0.260249 0.188554
vt 0.298074 0.941632
vt 0.305883 0.949497
vt 0.297715 0.948813
vt 0.080758 0.461848
vt 0.059538 0.443001
vt 0.001016 0.682121
vt 0.077865 0.330927
vt 0.086419 0.336518
vt 0.353341 0.252316
vt 0.340117 0.240494
vt 0.351629 0.239392
vt 0.045945 0.300766
vt 0.044605 0.308751
vt 0.305873 0.178397
vt 0.297771 0.166152
vt 0.306839 0.166927
vt 0.255098 0.303123
vt 0.270240 0.302817
vt 0.240003 0.699524
vt 0.421689 0.554069
vt 0.431931 0.552214
vt 0.476473 0.280646
vt 0.460368 0.290119
vt 0.463534 0.201866
vt 0.089940 0.708386
vt 0.303015 0.123713
vt 0.310237 0.124294
vt 0.404153 0.265204
vt 0.390319 0.256537
vt 0.401178 0.254045
vt 0.126242 0.727695
vt 0.326893 0.228673
vt 0.315453 0.215970
vt 0.326484 0.215762
vt 0.037012 0.721751
vt 0.344310 0.729691
vt 0.361533 0.727921
vt 0.359719 0.734946
vt 0.427169 0.257848
vt 0.412686 0.250367
vt 0.424289 0.247409
vt 0.452520 0.861782
vt 0.464302 0.871198
vt 0.452656 0.871008
vt 0.426169 0.288108
vt 0.437190 0.283179
vt 0.349918 0.226468
vt 0.337996 0.214660
vt 0.348563 0.213988
vt 0.473359 0.790274
vt 0.461949 0.798683
vt 0.461197 0.790124
vt 0.210176 0.899310
vt 0.222141 0.900815
vt 0.264435 0.175042
vt 0.258960 0.161122
vt 0.267952 0.163179
vt 0.243459 0.260909
vt 0.226738 0.247892
vt 0.245585 0.246344
vt 0.425766 0.161881
vt 0.412515 0.154650
vt 0.422024 0.151155
vt 0.335375 0.167032
vt 0.344141 0.166917
vt 0.293539 0.132707
vt 0.287823 0.122091
vt 0.294948 0.122949
vt 0.198369 0.115342
vt 0.200937 0.132675
vt 0.190661 0.124453
vt 0.462285 0.924911
vt 0.462713 0.916915
vt 0.250656 0.675822
vt 0.245702 0.660659
vt 0.347401 0.669236
vt 0.220213 0.327217
vt 0.235431 0.328022
vt 0.241081 0.288773
vt 0.225302 0.276589
vt 0.242270 0.274841
vt 0.448130 0.773178
vt 0.436716 0.781036
vt 0.435908 0.772249
vt 0.280795 0.202975
vt 0.272615 0.189009
vt 0.283099 0.190112
vt 0.398485 0.938889
vt 0.409147 0.942918
vt 0.400700 0.945974
vt 0.304012 0.203266
vt 0.294708 0.190257
vt 0.304942 0.190831
vt 0.271469 0.151315
vt 0.266599 0.139085
vt 0.274488 0.140825
vt 0.316159 0.270835
vt 0.329490 0.269715
vt 0.288307 0.770153
vt 0.288680 0.780244
vt 0.387279 0.196138
vt 0.375423 0.186260
vt 0.384851 0.184866
vt 0.216569 0.927888
vt 0.206378 0.933568
vt 0.206616 0.926193
vt 0.412505 0.728568
vt 0.425713 0.715930
vt 0.425733 0.726829
vt 0.392207 0.714732
vt 0.390669 0.707347
vt 0.060542 0.891736
vt 0.060135 0.898650
vt 0.424554 0.560247
vt 0.364646 0.712876
vt 0.363346 0.720895
vt 0.180166 0.785667
vt 0.192729 0.795945
vt 0.179671 0.795678
vt 0.163537 0.961702
vt 0.169874 0.955750
vt 0.169933 0.960964
vt 0.166068 0.327316
vt 0.155784 0.337410
vt 0.152236 0.319778
vt 0.448027 0.153384
vt 0.438569 0.130744
vt 0.411119 0.560560
vt 0.121290 0.102217
vt 0.204170 0.411332
vt 0.213530 0.418674
vt 0.451135 0.825156
vt 0.439677 0.834628
vt 0.439296 0.825280
vt 0.389540 0.699672
vt 0.388412 0.691996
vt 0.464208 0.529487
vt 0.462724 0.536481
vt 0.352680 0.451297
vt 0.044073 0.130273
vt 0.028949 0.122710
vt 0.043858 0.121310
vt 0.045459 0.145475
vt 0.031328 0.142008
vt 0.044766 0.137874
vt 0.258887 0.467755
vt 0.267215 0.477626
vt 0.155935 0.904307
vt 0.166626 0.895128
vt 0.166463 0.904541
vt 0.330057 0.917758
vt 0.341496 0.919383
vt 0.430514 0.881168
vt 0.441639 0.889832
vt 0.431173 0.890233
vt 0.270669 0.951281
vt 0.280675 0.949449
vt 0.002844 0.514817
vt 0.052431 0.884375
vt 0.060779 0.877338
vt 0.060492 0.884728
vt 0.286768 0.983585
vt 0.187295 0.398116
vt 0.194811 0.403990
vt 0.229011 0.827170
vt 0.204551 0.816221
vt 0.205292 0.806222
vt 0.182953 0.133564
vt 0.185410 0.152461
vt 0.175144 0.142664
vt 0.428219 0.844101
vt 0.440369 0.852942
vt 0.428815 0.853415
vt 0.328659 0.802078
vt 0.340856 0.813412
vt 0.327846 0.812325
vt 0.186016 0.970244
vt 0.181673 0.978900
vt 0.181351 0.970616
vt 0.300213 0.863360
vt 0.311334 0.874519
vt 0.299885 0.873924
vt 0.045182 0.219477
vt 0.059853 0.211881
vt 0.058151 0.221756
vt 0.066688 0.127833
vt 0.196663 0.924499
vt 0.186862 0.930943
vt 0.186655 0.923272
vt 0.428486 0.110831
vt 0.190610 0.360784
vt 0.189285 0.368781
vt 0.480410 0.292392
vt 0.485329 0.303056
vt 0.338704 0.499876
vt 0.324639 0.513035
vt 0.179177 0.805690
vt 0.165868 0.797413
vt 0.310952 0.522077
vt 0.309405 0.516201
vt 0.100241 0.817777
vt 0.089893 0.817164
vt 0.147958 0.301643
vt 0.165621 0.317593
vt 0.414437 0.522443
vt 0.098180 0.152677
vt 0.462953 0.815802
vt 0.463641 0.824458
vt 0.472489 0.246436
vt 0.468642 0.225220
vt 0.406577 0.642385
vt 0.299557 0.884488
vt 0.310104 0.895383
vt 0.299259 0.894682
vt 0.075974 0.076258
vt 0.244583 0.537722
vt 0.048609 0.154939
vt 0.038783 0.156000
vt 0.047034 0.150207
vt 0.359577 0.530790
vt 0.367234 0.532082
vt 0.474954 0.265072
vt 0.341812 0.562270
vt 0.335358 0.555110
vt 0.341686 0.555236
vt 0.144845 0.285478
vt 0.177016 0.294698
vt 0.013499 0.092046
vt 0.028571 0.102196
vt 0.013663 0.103597
vt 0.154924 0.885409
vt 0.166336 0.875785
vt 0.166120 0.885679
vt 0.170332 0.736904
vt 0.137118 0.269244
vt 0.158493 0.255789
vt 0.163491 0.257273
vt 0.090766 0.248469
vt 0.105901 0.244236
vt 0.103410 0.252074
vt 0.418732 0.093839
vt 0.394516 0.922181
vt 0.405758 0.928073
vt 0.396500 0.930535
vt 0.084816 0.163897
vt 0.395146 0.519372
vt 0.393606 0.511781
vt 0.456753 0.177455
vt 0.249800 0.134391
vt 0.241003 0.131095
vt 0.233040 0.127004
vt 0.223977 0.121909
vt 0.217765 0.130418
vt 0.220585 0.146573
vt 0.210635 0.140213
vt 0.261730 0.126854
vt 0.257942 0.115933
vt 0.264921 0.117907
vt 0.187868 0.171358
vt 0.205637 0.167042
vt 0.197648 0.180013
vt 0.170626 0.191116
vt 0.189027 0.189892
vt 0.177360 0.205902
vt 0.141583 0.723144
vt 0.338722 0.386773
vt 0.347930 0.390648
vt 0.414289 0.348178
vt 0.451724 0.399789
vt 0.430129 0.394761
vt 0.220638 0.740726
vt 0.214430 0.742360
vt 0.209805 0.748322
vt 0.205179 0.754285
vt 0.323652 0.568838
vt 0.324765 0.584947
vt 0.120486 0.761633
vt 0.259467 0.414658
vt 0.255882 0.405439
vt 0.267296 0.406658
vt 0.437061 0.356842
vt 0.429897 0.357081
vt 0.273242 0.377093
vt 0.286229 0.385485
vt 0.354520 0.368477
vt 0.370286 0.370133
vt 0.360456 0.378036
vt 0.423201 0.334927
vt 0.432669 0.330904
vt 0.429359 0.338605
vt 0.256547 0.385678
vt 0.246111 0.387717
vt 0.251940 0.379193
vt 0.430434 0.346447
vt 0.302144 0.728495
vt 0.299769 0.722059
vt 0.317028 0.943019
vt 0.323762 0.952971
vt 0.315360 0.950191
vt 0.319128 0.925744
vt 0.308601 0.933688
vt 0.309261 0.924953
vt 0.315620 0.717644
vt 0.297940 0.714558
vt 0.296110 0.707056
vt 0.065131 0.929069
vt 0.068429 0.933035
vt 0.064945 0.933034
vt 0.435157 0.955632
vt 0.439745 0.960145
vt 0.435272 0.960772
vt 0.447209 0.596077
vt 0.469215 0.611689
vt 0.446399 0.611945
vt 0.341830 0.739753
vt 0.356937 0.740995
vt 0.354155 0.747043
vt 0.378824 0.810623
vt 0.389701 0.800215
vt 0.390561 0.809377
vt 0.288365 0.933240
vt 0.433044 0.916460
vt 0.442273 0.924264
vt 0.433578 0.924437
vt 0.250643 0.801544
vt 0.263043 0.791219
vt 0.263235 0.801288
vt 0.367128 0.592459
vt 0.367689 0.600560
vt 0.451502 0.932069
vt 0.459431 0.940921
vt 0.450696 0.938738
vt 0.437042 0.735343
vt 0.450930 0.736504
vt 0.448453 0.740954
vt 0.191494 0.815956
vt 0.178898 0.815667
vt 0.153314 0.807458
vt 0.140703 0.799499
vt 0.152937 0.798298
vt 0.425926 0.735017
vt 0.451079 0.412400
vt 0.393745 0.722117
vt 0.410393 0.717537
vt 0.473276 0.421672
vt 0.472393 0.429027
vt 0.344121 0.585208
vt 0.062997 0.950118
vt 0.060157 0.943233
vt 0.063878 0.943559
vt 0.408050 0.964464
vt 0.413930 0.955706
vt 0.415282 0.960789
vt 0.352124 0.441266
vt 0.158126 0.937830
vt 0.167386 0.929938
vt 0.167593 0.937608
vt 0.338677 0.746730
vt 0.051597 0.811350
vt 0.041853 0.805718
vt 0.051367 0.804780
vt 0.369858 0.451687
vt 0.136466 0.047211
vt 0.297974 0.968404
vt 0.302506 0.973151
vt 0.298221 0.973577
vt 0.021357 0.035457
vt 0.037442 0.029573
vt 0.036326 0.037367
vt 0.080534 0.041167
vt 0.153796 0.204352
vt 0.168945 0.212519
vt 0.157969 0.215645
vt 0.018699 0.201415
vt 0.045415 0.209282
vt 0.450538 0.807092
vt 0.438997 0.816248
vt 0.438456 0.807034
vt 0.463916 0.833750
vt 0.451517 0.834172
vt 0.407166 0.864441
vt 0.394779 0.856198
vt 0.406438 0.855052
vt 0.468046 0.635143
vt 0.467667 0.643076
vt 0.426074 0.596470
vt 0.425905 0.611593
vt 0.385072 0.634861
vt 0.385270 0.626754
vt 0.315073 0.811661
vt 0.315324 0.801314
vt 0.368410 0.660760
vt 0.368061 0.669937
vt 0.287423 0.646572
vt 0.286890 0.637732
vt 0.349056 0.866839
vt 0.337286 0.855144
vt 0.350202 0.856130
vt 0.288195 0.873694
vt 0.276897 0.873528
vt 0.276961 0.884157
vt 0.264666 0.873734
vt 0.068418 0.111332
vt 0.087416 0.130013
vt 0.165966 0.816551
vt 0.153746 0.816979
vt 0.154572 0.865771
vt 0.166220 0.855790
vt 0.166160 0.865965
vt 0.410570 0.458606
vt 0.390390 0.441470
vt 0.142224 0.856220
vt 0.154376 0.855847
vt 0.203810 0.826221
vt 0.215696 0.837310
vt 0.203059 0.836572
vt 0.052300 0.825322
vt 0.061439 0.817566
vt 0.061555 0.824946
vt 0.276861 0.841487
vt 0.289174 0.831365
vt 0.288900 0.841890
vt 0.110224 0.826185
vt 0.099650 0.833446
vt 0.099876 0.825572
vt 0.046570 0.327680
vt 0.042591 0.832405
vt 0.370839 0.487823
vt 0.302253 0.469813
vt 0.301505 0.463116
vt 0.324088 0.864547
vt 0.312514 0.853420
vt 0.324802 0.853998
vt 0.065197 0.168015
vt 0.061534 0.155679
vt 0.047342 0.073772
vt 0.077287 0.254157
vt 0.079210 0.245504
vt 0.043644 0.112346
vt 0.082560 0.282356
vt 0.069628 0.288359
vt 0.070526 0.279236
vt 0.071120 0.224034
vt 0.080943 0.236252
vt 0.065915 0.040222
vt 0.101031 0.214715
vt 0.086075 0.219375
vt 0.087777 0.209500
vt 0.354048 0.505929
vt 0.054015 0.310333
vt 0.061678 0.320491
vt 0.053512 0.316994
vt 0.053009 0.323654
vt 0.056959 0.330494
vt 0.051592 0.329440
vt 0.056695 0.294362
vt 0.066125 0.305999
vt 0.055355 0.302348
vt 0.055542 0.336280
vt 0.060908 0.337334
vt 0.067031 0.032428
vt 0.081626 0.032808
vt 0.084682 0.886470
vt 0.076210 0.892689
vt 0.287961 0.894516
vt 0.277184 0.894513
vt 0.351348 0.845421
vt 0.339191 0.833997
vt 0.352201 0.835083
vt 0.286384 0.629230
vt 0.285878 0.620729
vt 0.368759 0.651582
vt 0.357961 0.642832
vt 0.368657 0.642766
vt 0.264280 0.852396
vt 0.276847 0.852193
vt 0.177867 0.845810
vt 0.166022 0.836155
vt 0.450188 0.427208
vt 0.131699 0.886505
vt 0.143135 0.876138
vt 0.143312 0.885957
vt 0.470424 0.466922
vt 0.389823 0.459522
vt 0.188745 0.877078
vt 0.177532 0.876055
vt 0.227582 0.848400
vt 0.214430 0.858128
vt 0.214945 0.847661
vt 0.061127 0.847178
vt 0.060821 0.854802
vt 0.306040 0.496441
vt 0.305390 0.489876
vt 0.043425 0.877171
vt 0.052315 0.877017
vt 0.107637 0.858641
vt 0.097051 0.865002
vt 0.098199 0.857562
vt 0.088760 0.856483
vt 0.078944 0.863392
vt 0.079213 0.855750
vt 0.361825 0.506528
vt 0.409078 0.883035
vt 0.396886 0.875004
vt 0.408122 0.873738
vt 0.451899 0.843188
vt 0.464116 0.852315
vt 0.452210 0.852485
vt 0.446571 0.642158
vt 0.467179 0.651196
vt 0.385145 0.651253
vt 0.384875 0.642967
vt 0.072454 0.270743
vt 0.075112 0.262607
vt 0.045455 0.092818
vt 0.030420 0.082909
vt 0.031421 0.072786
vt 0.151698 0.167765
vt 0.169783 0.169562
vt 0.161162 0.179440
vt 0.019747 0.290743
vt 0.029367 0.282049
vt 0.028017 0.290899
vt 0.111591 0.272078
vt 0.097075 0.277217
vt 0.050468 0.266295
vt 0.236727 0.408383
vt 0.244512 0.402302
vt 0.242303 0.407685
vt 0.366393 0.387596
vt 0.356622 0.385946
vt 0.126413 0.693370
vt 0.417692 0.854271
vt 0.416965 0.844882
vt 0.427456 0.825404
vt 0.416583 0.835533
vt 0.416001 0.826110
vt 0.417000 0.933965
vt 0.425886 0.939569
vt 0.418405 0.940456
vt 0.439153 0.727183
vt 0.425575 0.965766
vt 0.431167 0.973894
vt 0.421822 0.971184
vt 0.424195 0.925390
vt 0.415639 0.926165
vt 0.425302 0.788894
vt 0.413800 0.798513
vt 0.412941 0.789351
vt 0.423054 0.908831
vt 0.421734 0.900109
vt 0.430366 0.960699
vt 0.428836 0.956373
vt 0.426373 0.806976
vt 0.415460 0.816896
vt 0.414335 0.807554
vt 0.418840 0.872805
vt 0.421075 0.891044
vt 0.419796 0.882102
vt 0.434680 0.741667
vt 0.433592 0.752027
vt 0.426706 0.754245
vt 0.343418 0.569309
vt 0.246767 0.765689
vt 0.261104 0.773292
vt 0.247993 0.773973
vt 0.365161 0.577366
vt 0.366568 0.584359
vt 0.426198 0.742549
vt 0.301919 0.779594
vt 0.316509 0.770082
vt 0.283569 0.572100
vt 0.344298 0.773847
vt 0.357350 0.784306
vt 0.426024 0.582146
vt 0.405124 0.584306
vt 0.471005 0.777152
vt 0.460020 0.783563
vt 0.459567 0.775165
vt 0.384359 0.592250
vt 0.383974 0.586604
vt 0.330223 0.755871
vt 0.330897 0.746098
vt 0.165407 0.778152
vt 0.180132 0.776067
vt 0.474834 0.401655
vt 0.152560 0.789137
vt 0.139993 0.782730
vt 0.151604 0.779886
vt 0.193333 0.776012
vt 0.207897 0.774584
vt 0.409430 0.391494
vt 0.233011 0.768799
vt 0.209227 0.763611
vt 0.392217 0.392594
vt 0.060087 0.790429
vt 0.069853 0.787916
vt 0.370149 0.441269
vt 0.369420 0.433623
vt 0.032928 0.790855
vt 0.050504 0.791965
vt 0.051136 0.798210
vt 0.421408 0.236971
vt 0.406987 0.228254
vt 0.418774 0.225547
vt 0.015318 0.180939
vt 0.114785 0.004906
vt 0.142614 0.026813
vt 0.234975 0.607355
vt 0.231289 0.687504
vt 0.258165 0.687338
vt 0.214686 0.648472
vt 0.237915 0.623795
vt 0.241227 0.642598
vt 0.447802 0.581076
vt 0.179901 0.334854
vt 0.193895 0.324365
vt 0.192765 0.335267
vt 0.192453 0.304287
vt 0.178012 0.305053
vt 0.174253 0.274388
vt 0.191674 0.282353
vt 0.175635 0.284543
vt 0.191214 0.344625
vt 0.469898 0.588364
vt 0.469964 0.595923
vt 0.398008 0.771840
vt 0.387098 0.782096
vt 0.385355 0.773250
vt 0.423685 0.771321
vt 0.412132 0.780564
vt 0.410847 0.771580
vt 0.024449 0.019069
vt 0.039528 0.015203
vt 0.038989 0.021379
vt 0.114764 0.214114
vt 0.074524 0.204286
vt 0.090494 0.200249
vt 0.003271 0.542832
vt 0.110204 0.780518
vt 0.100355 0.787439
vt 0.100393 0.779923
vt 0.297571 0.431042
vt 0.296475 0.424863
vt 0.353157 0.528910
vt 0.352760 0.534097
vt 0.170513 0.260171
vt 0.141356 0.273110
vt 0.190017 0.262288
vt 0.172383 0.267280
vt 0.162816 0.242106
vt 0.173792 0.238980
vt 0.068122 0.024069
vt 0.053528 0.023689
vt 0.184094 0.220687
vt 0.177303 0.240429
vt 0.165993 0.716551
vt 0.239936 0.356633
vt 0.229087 0.350782
vt 0.300774 0.347202
vt 0.287008 0.362148
vt 0.282391 0.348789
vt 0.314605 0.361875
vt 0.300471 0.360619
vt 0.370852 0.331286
vt 0.362686 0.349882
vt 0.354281 0.338812
vt 0.387040 0.338517
vt 0.374891 0.342835
vt 0.422530 0.319175
vt 0.413390 0.311813
vt 0.247334 0.372709
vt 0.260288 0.374901
vt 0.303016 0.104199
vt 0.317180 0.105043
vt 0.331607 0.105691
vt 0.346252 0.105899
vt 0.361208 0.105240
vt 0.383146 0.091743
vt 0.376745 0.102668
vt 0.173845 0.387320
vt 0.179779 0.392243
vt 0.239756 0.098604
vt 0.236694 0.087951
vt 0.242850 0.091812
vt 0.254155 0.105012
vt 0.250050 0.095016
vt 0.256334 0.097378
vt 0.268112 0.108960
vt 0.263312 0.099352
vt 0.269480 0.100669
vt 0.282107 0.111475
vt 0.276478 0.101926
vt 0.282723 0.102637
vt 0.296357 0.113191
vt 0.289849 0.103496
vt 0.296311 0.103909
vt 0.297356 0.955995
vt 0.303647 0.962550
vt 0.297665 0.962200
vt 0.348626 0.751199
vt 0.343098 0.755355
vt 0.294316 0.973450
vt 0.294563 0.978624
vt 0.313693 0.957363
vt 0.318652 0.966781
vt 0.311815 0.963234
vt 0.307771 0.739978
vt 0.304519 0.734930
vt 0.276121 0.967042
vt 0.272784 0.959738
vt 0.434772 0.945172
vt 0.428644 0.951143
vt 0.427290 0.946059
vt 0.416812 0.965115
vt 0.413060 0.970533
vt 0.444466 0.745381
vt 0.440478 0.749809
vt 0.441358 0.950713
vt 0.434965 0.950402
vt 0.398346 0.734345
vt 0.449890 0.945408
vt 0.456100 0.953534
vt 0.448917 0.950831
vt 0.419790 0.567782
vt 0.167499 0.970674
vt 0.171914 0.965450
vt 0.172093 0.970831
vt 0.158505 0.969952
vt 0.154904 0.975364
vt 0.449637 0.563049
vt 0.445307 0.567632
vt 0.193634 0.951345
vt 0.198074 0.960450
vt 0.191527 0.956486
vt 0.176210 0.949799
vt 0.182815 0.955712
vt 0.176270 0.955013
vt 0.065887 0.920968
vt 0.070256 0.925858
vt 0.065509 0.925018
vt 0.057316 0.936349
vt 0.061223 0.932709
vt 0.061037 0.936674
vt 0.331727 0.561260
vt 0.051026 0.935031
vt 0.049096 0.937120
vt 0.077849 0.923240
vt 0.081893 0.930687
vt 0.076237 0.926995
vt 0.361392 0.547015
vt 0.355438 0.548441
vt 0.356289 0.544919
vt 0.346588 0.561687
vt 0.212075 0.069737
vt 0.209212 0.081787
vt 0.206178 0.079277
vt 0.215545 0.048490
vt 0.218971 0.059767
vt 0.215094 0.059141
vt 0.208379 0.030005
vt 0.216856 0.037097
vt 0.213188 0.038532
vt 0.177524 0.093765
vt 0.189321 0.095533
vt 0.177615 0.097714
vt 0.198572 0.020142
vt 0.201465 0.023721
vt 0.193469 0.019826
vt 0.165856 0.096075
vt 0.157155 0.088303
vt 0.158561 0.086884
vt 0.152923 0.078087
vt 0.149697 0.073150
vt 0.151648 0.072920
vt 0.189203 0.017283
vt 0.194041 0.017936
vt 0.176677 0.020088
vt 0.171731 0.020488
vt 0.176045 0.018218
vt 0.150453 0.057216
vt 0.149750 0.051573
vt 0.151608 0.052189
vt 0.162272 0.030182
vt 0.157823 0.033131
vt 0.160803 0.028880
vt 0.150374 0.067753
vt 0.148465 0.062256
vt 0.150413 0.062485
vt 0.156788 0.038002
vt 0.152917 0.041966
vt 0.155080 0.037041
vt 0.167223 0.092329
vt 0.169029 0.024113
vt 0.164182 0.025846
vt 0.167906 0.022501
vt 0.180807 0.017414
vt 0.180839 0.019385
vt 0.219464 0.048116
vt 0.215677 0.071326
vt 0.153927 0.083266
vt 0.155742 0.082485
vt 0.188064 0.091800
vt 0.200143 0.090099
vt 0.197908 0.086857
vt 0.203674 0.020459
vt 0.211467 0.027542
vt 0.182434 0.055054
vt 0.189235 0.019255
vt 0.172853 0.022101
vt 0.152764 0.047162
vt 0.159530 0.034092
vt 0.154776 0.042582
vt 0.165651 0.027147
vt 0.185001 0.018683
vt 0.269480 0.072348
vt 0.292165 0.075287
vt 0.258608 0.069660
vt 0.351292 0.086743
vt 0.337037 0.086803
vt 0.280635 0.074124
vt 0.323260 0.086365
vt 0.247996 0.065931
vt 0.297147 0.085194
vt 0.365938 0.085618
vt 0.309957 0.085830
vt 0.375414 0.063480
vt 0.361996 0.066105
vt 0.335360 0.067562
vt 0.310498 0.066800
vt 0.348504 0.067310
vt 0.322685 0.067304
vt 0.273538 0.054075
vt 0.294237 0.056162
vt 0.322126 0.047837
vt 0.345913 0.047603
vt 0.310901 0.047461
vt 0.333803 0.047958
vt 0.283735 0.055278
vt 0.263484 0.052403
vt 0.358385 0.046457
vt 0.370940 0.044285
vt 0.253460 0.050147
vt 0.162603 0.374705
vt 0.313534 0.986470
vt 0.182875 0.960926
vt 0.192430 0.980152
vt 0.315048 0.256929
vt 0.053428 0.916044
vt 0.298736 0.154682
vt 0.396958 0.367360
vt 0.080403 0.794747
vt 0.218590 0.919256
vt 0.455127 0.958956
vt 0.454616 0.534671
vt 0.464929 0.675751
vt 0.045419 0.911919
vt 0.404352 0.216830
vt 0.385342 0.619375
vt 0.003970 0.595952
vt 0.019643 0.044547
vt 0.421727 0.187901
vt 0.211706 0.889502
vt 0.199742 0.887996
vt 0.218865 0.193756
vt 0.088592 0.256920
vt 0.448869 0.968947
vt 0.231942 0.787165
vt 0.442298 0.898898
vt 0.442807 0.932241
vt 0.464438 0.880423
vt 0.269567 0.944157
vt 0.291539 0.682106
vt 0.046048 0.187821
vt 0.123213 0.232844
vt 0.334302 0.887053
vt 0.439851 0.310730
vt 0.366821 0.687688
vt 0.361903 0.165556
vt 0.385920 0.667763
vt 0.076325 0.945884
vt 0.253855 0.895624
vt 0.438687 0.569250
vt 0.388982 0.895284
vt 0.361768 0.512609
vt 0.331847 0.407629
vt 0.144738 0.175730
vt 0.132593 0.896353
vt 0.061088 0.810580
vt 0.285219 0.612373
vt 0.079117 0.918211
vt 0.363496 0.542436
vt 0.091323 0.928476
vt 0.404074 0.332976
vt 0.251559 0.831640
vt 0.052159 0.832475
vt 0.278032 0.914859
vt 0.370351 0.494204
vt 0.369864 0.500586
vt 0.228864 0.233328
vt 0.351973 0.538460
vt 0.333072 0.361443
vt 0.158920 0.944383
vt 0.285526 0.317080
vt 0.401901 0.124308
vt 0.090339 0.304864
vt 0.222918 0.368966
vt 0.287600 0.258694
vt 0.225087 0.289546
vt 0.103546 0.299542
vt 0.449160 0.287291
vt 0.369977 0.462247
vt 0.068840 0.877691
vt 0.360777 0.224896
vt 0.088918 0.848595
vt 0.337478 0.938225
vt 0.461876 0.698910
vt 0.353895 0.557436
vt 0.042839 0.929124
vt 0.103490 0.882162
vt 0.044092 0.898845
vt 0.258471 0.260123
vt 0.432507 0.234064
vt 0.387419 0.683992
vt 0.280568 0.152611
vt 0.289518 0.230349
vt 0.020237 0.272991
vt 0.134821 0.915555
vt 0.142028 0.846296
vt 0.080169 0.824765
vt 0.177807 0.855985
vt 0.099848 0.897151
vt 0.326275 0.833011
vt 0.042549 0.854668
vt 0.317849 0.314551
vt 0.382101 0.221430
vt 0.187595 0.905809
vt 0.283674 0.962905
vt 0.408705 0.747355
vt 0.233450 0.166753
vt 0.443390 0.272356
vt 0.286470 0.287540
vt 0.033771 0.862359
vt 0.109912 0.802855
vt 0.168815 0.984527
vt 0.072469 0.346691
vt 0.248272 0.345467
vt 0.449786 0.798532
vt 0.238152 0.117490
vt 0.275285 0.487004
vt 0.054563 0.925567
vt 0.376642 0.299884
vt 0.427319 0.211243
vt 0.309807 0.905578
vt 0.404396 0.920273
vt 0.393110 0.268579
vt 0.251017 0.811467
vt 0.223079 0.428086
vt 0.380150 0.162948
vt 0.336641 0.202180
vt 0.437739 0.254768
vt 0.045005 0.723152
vt 0.108281 0.850638
vt 0.138016 0.933395
vt 0.262105 0.231254
vt 0.186623 0.938318
vt 0.128980 0.818489
vt 0.244688 0.143905
vt 0.208634 0.957689
vt 0.387886 0.325745
vt 0.357259 0.200415
vt 0.465810 0.667534
vt 0.344099 0.280986
vt 0.448362 0.321095
vt 0.316758 0.155775
vt 0.357701 0.392298
vt 0.052088 0.862123
vt 0.372046 0.122954
vt 0.399033 0.193572
vt 0.375813 0.142309
vt 0.461644 0.311692
vt 0.156454 0.366138
vt 0.358702 0.144547
vt 0.056157 0.240640
vt 0.394051 0.846810
vt 0.269619 0.128595
vt 0.048098 0.065174
vt 0.256223 0.288467
vt 0.032722 0.818808
vt 0.408773 0.143924
vt 0.146833 0.962795
vt 0.369832 0.275153
vt 0.342409 0.145474
vt 0.156458 0.913272
vt 0.081492 0.906887
vt 0.274919 0.176145
vt 0.422776 0.280477
vt 0.191215 0.825933
vt 0.188529 0.886973
vt 0.241593 0.447692
vt 0.037636 0.282205
vt 0.222311 0.107354
vt 0.469560 0.483193
vt 0.379652 0.819852
vt 0.364913 0.250093
vt 0.440966 0.862256
vt 0.263712 0.397440
vt 0.325534 0.125048
vt 0.348493 0.308502
vt 0.387343 0.245377
vt 0.241637 0.587614
vt 0.340693 0.125262
vt 0.299691 0.383956
vt 0.315816 0.178519
vt 0.449291 0.490085
vt 0.355815 0.124752
vt 0.315044 0.203059
vt 0.096426 0.910644
vt 0.288903 0.821136
vt 0.130736 0.759120
vt 0.243182 0.200455
vt 0.307551 0.942325
vt 0.340860 0.254063
vt 0.295638 0.177823
vt 0.253720 0.316480
vt 0.462999 0.296467
vt 0.301606 0.133471
vt 0.314714 0.229321
vt 0.415661 0.261526
vt 0.464427 0.861612
vt 0.431221 0.297116
vt 0.338405 0.227571
vt 0.474065 0.798361
vt 0.253965 0.172910
vt 0.226490 0.262657
vt 0.415507 0.165201
vt 0.335399 0.178306
vt 0.285523 0.131521
vt 0.208067 0.122880
vt 0.471977 0.926355
vt 0.448583 0.781576
vt 0.268430 0.202520
vt 0.407743 0.936427
vt 0.292404 0.203120
vt 0.262477 0.149258
vt 0.316087 0.285269
vt 0.273993 0.770700
vt 0.377294 0.197730
vt 0.214905 0.935912
vt 0.193367 0.785612
vt 0.161626 0.956319
vt 0.030635 0.134407
vt 0.037208 0.151268
vt 0.155430 0.894858
vt 0.441653 0.880700
vt 0.193229 0.141786
vt 0.440059 0.843644
vt 0.341883 0.803252
vt 0.312151 0.863953
vt 0.196425 0.931874
vt 0.166245 0.806574
vt 0.100049 0.809858
vt 0.179007 0.315408
vt 0.450837 0.816124
vt 0.311006 0.885083
vt 0.046960 0.160362
vt 0.029477 0.092432
vt 0.154748 0.875590
vt 0.143410 0.259230
vt 0.153494 0.254306
vt 0.093365 0.240132
vt 0.253922 0.124217
vt 0.226829 0.135513
vt 0.195687 0.160682
vt 0.179247 0.181237
vt 0.336343 0.398073
vt 0.226847 0.739093
vt 0.303556 0.569360
vt 0.253673 0.410822
vt 0.286704 0.375564
vt 0.366724 0.361431
vt 0.427574 0.326217
vt 0.254422 0.390949
vt 0.435518 0.342284
vt 0.326261 0.945116
vt 0.318078 0.934381
vt 0.069878 0.929909
vt 0.347893 0.651859
vt 0.441550 0.955943
vt 0.469590 0.603806
vt 0.377506 0.801488
vt 0.442701 0.916268
vt 0.249931 0.791901
vt 0.461194 0.933514
vt 0.192235 0.805956
vt 0.140958 0.808410
vt 0.396046 0.728231
vt 0.058226 0.945323
vt 0.405483 0.958762
vt 0.157553 0.930033
vt 0.042070 0.811806
vt 0.370003 0.446478
vt 0.303955 0.968755
vt 0.022903 0.027263
vt 0.162211 0.197734
vt 0.395930 0.865707
vt 0.336572 0.865693
vt 0.265060 0.884588
vt 0.471056 0.451275
vt 0.142643 0.866109
vt 0.051948 0.818336
vt 0.276590 0.831257
vt 0.109574 0.834409
vt 0.370879 0.481206
vt 0.046398 0.083295
vt 0.081386 0.291469
vt 0.083542 0.227914
vt 0.050075 0.047927
vt 0.051295 0.039277
vt 0.098498 0.223255
vt 0.064785 0.313985
vt 0.061176 0.327151
vt 0.068453 0.297472
vt 0.062835 0.343248
vt 0.083641 0.893531
vt 0.288259 0.884323
vt 0.338432 0.844435
vt 0.264602 0.863105
vt 0.166023 0.845867
vt 0.131206 0.876477
vt 0.043889 0.884478
vt 0.106386 0.866405
vt 0.087612 0.863923
vt 0.398210 0.884544
vt 0.464298 0.842766
vt 0.084488 0.273863
vt 0.044550 0.102582
vt 0.159516 0.159764
vt 0.109108 0.281008
vt 0.053126 0.258159
vt 0.236201 0.399069
vt 0.427837 0.834753
vt 0.425556 0.933190
vt 0.430481 0.965839
vt 0.423660 0.917413
vt 0.425838 0.797935
vt 0.426915 0.816190
vt 0.418289 0.863585
vt 0.259656 0.763097
vt 0.363755 0.570373
vt 0.419941 0.752686
vt 0.301545 0.769502
vt 0.330491 0.771129
vt 0.472182 0.783713
vt 0.166363 0.787402
vt 0.474497 0.407986
vt 0.140326 0.790339
vt 0.060718 0.796673
vt 0.041622 0.799148
vt 0.409805 0.239928
vt 0.147453 0.004715
vt 0.179454 0.325131
vt 0.193055 0.292508
vt 0.191887 0.269396
vt 0.399293 0.780824
vt 0.424493 0.780107
vt 0.024999 0.012012
vt 0.103748 0.205464
vt 0.076836 0.193099
vt 0.110093 0.787941
vt 0.190265 0.247524
vt 0.054067 0.017513
vt 0.167002 0.258722
vt 0.197055 0.227782
vt 0.319242 0.346770
vt 0.426903 0.310465
vt 0.255670 0.361543
vt 0.310237 0.104779
vt 0.324441 0.105415
vt 0.338849 0.105862
vt 0.353580 0.105751
vt 0.369148 0.104465
vt 0.385408 0.100639
vt 0.232960 0.093872
vt 0.246956 0.101808
vt 0.261133 0.106986
vt 0.275109 0.110217
vt 0.289232 0.112333
vt 0.305524 0.956679
vt 0.322095 0.960142
vt 0.442331 0.945290
vt 0.401289 0.738964
vt 0.458625 0.947590
vt 0.165518 0.966188
vt 0.184922 0.950572
vt 0.071868 0.922104
vt 0.056295 0.933089
vt 0.350335 0.546344
vt 0.358909 0.550391
vt 0.349483 0.549866
vt 0.351365 0.561105
vt 0.151108 0.078868
vt 0.148505 0.056988
vt 0.148422 0.067983
vt 0.152520 0.084685
vt 0.149292 0.079648
vt 0.155748 0.089722
vt 0.180174 0.015543
vt 0.184936 0.014739
vt 0.175413 0.016347
vt 0.159335 0.027579
vt 0.150905 0.046546
vt 0.149046 0.045930
vt 0.146514 0.062486
vt 0.146557 0.056759
vt 0.146471 0.068213
vt 0.153373 0.036080
vt 0.147802 0.051344
vt 0.166784 0.020888
vt 0.184969 0.016711
vt 0.147882 0.073931
vt 0.199143 0.018252
vt 0.194613 0.016046
vt 0.074624 0.930749
vt 0.189420 0.961626
vt 0.464836 0.955716
vt 0.462311 0.961659
vt 0.467361 0.949773
vt 0.424045 0.961440
vt 0.422515 0.957114
vt 0.278019 0.973374
vt 0.270466 0.977511
vt 0.327054 0.969561
vt 0.330497 0.962922
vt 0.309937 0.969105
vt 0.283340 0.093800
vt 0.270849 0.092377
vt 0.258512 0.089744
vt 0.245944 0.085021
vt 0.229899 0.083219
vt 0.233633 0.077299
vt 0.226165 0.089140
vt 0.379008 0.111564
vt 0.370345 0.113593
vt 0.387670 0.109534
vt 0.362405 0.114367
vt 0.354465 0.115142
vt 0.347137 0.115291
vt 0.339809 0.115439
vt 0.332566 0.115268
vt 0.325324 0.115096
vt 0.318062 0.114724
vt 0.310801 0.114352
vt 0.303579 0.113771
vt 0.268624 0.363734
vt 0.431946 0.317507
vt 0.378929 0.354385
vt 0.337709 0.346338
vt 0.300167 0.374035
vt 0.210017 0.234876
vt 0.157818 0.240622
vt 0.162142 0.226939
vt 0.209769 0.249641
vt 0.209522 0.264405
vt 0.092807 0.189063
vt 0.106465 0.196213
vt 0.079149 0.181912
vt 0.117481 0.204863
vt 0.128498 0.213513
vt 0.040078 0.008145
vt 0.054606 0.011337
vt 0.025549 0.004954
vt 0.400579 0.789808
vt 0.388384 0.791080
vt 0.376189 0.792352
vt 0.204078 0.345038
vt 0.202527 0.354396
vt 0.205629 0.335681
vt 0.209308 0.277362
vt 0.207889 0.313877
vt 0.193448 0.314642
vt 0.049873 0.785721
vt 0.180098 0.766467
vt 0.127759 0.783931
vt 0.127425 0.776322
vt 0.128093 0.791540
vt 0.150648 0.770636
vt 0.344907 0.763288
vt 0.358714 0.766007
vt 0.331100 0.760570
vt 0.316135 0.759990
vt 0.301171 0.759410
vt 0.272544 0.760504
vt 0.411636 0.900920
vt 0.404546 0.826816
vt 0.435387 0.965912
vt 0.402298 0.808132
vt 0.436073 0.973967
vt 0.436759 0.982022
vt 0.346851 0.384296
vt 0.243986 0.392988
vt 0.252297 0.396221
vt 0.235675 0.389755
vt 0.061150 0.267981
vt 0.058492 0.276117
vt 0.063808 0.259844
vt 0.177601 0.161561
vt 0.167334 0.151763
vt 0.476515 0.851893
vt 0.476333 0.861443
vt 0.476696 0.842344
vt 0.386018 0.876512
vt 0.384693 0.866972
vt 0.387343 0.886052
vt 0.369704 0.506897
vt 0.369545 0.513208
vt 0.077796 0.870832
vt 0.069128 0.870301
vt 0.086464 0.871363
vt 0.034883 0.877274
vt 0.035346 0.884581
vt 0.070277 0.839771
vt 0.130714 0.866448
vt 0.154177 0.826500
vt 0.252050 0.852600
vt 0.252372 0.863310
vt 0.325515 0.843449
vt 0.067737 0.898908
vt 0.052412 0.031483
vt 0.075555 0.317636
vt 0.065125 0.333991
vt 0.069342 0.330649
vt 0.072448 0.324143
vt 0.095965 0.231795
vt 0.300577 0.852826
vt 0.300940 0.842292
vt 0.042451 0.839558
vt 0.032882 0.839489
vt 0.276318 0.821028
vt 0.130295 0.856559
vt 0.129876 0.846669
vt 0.252766 0.874164
vt 0.253160 0.885019
vt 0.383542 0.857464
vt 0.382392 0.847956
vt 0.476421 0.833052
vt 0.476146 0.823760
vt 0.308488 0.973502
vt 0.032325 0.806175
vt 0.032108 0.800087
vt 0.032542 0.812263
vt 0.176646 0.922046
vt 0.411362 0.950003
vt 0.419809 0.946947
vt 0.402915 0.953059
vt 0.055386 0.938438
vt 0.053456 0.940528
vt 0.128348 0.800451
vt 0.128602 0.809362
vt 0.469123 0.942366
vt 0.470885 0.934958
vt 0.262331 0.781577
vt 0.249220 0.782258
vt 0.451930 0.924073
vt 0.452359 0.916077
vt 0.298734 0.932896
vt 0.299394 0.924161
vt 0.073175 0.933875
vt 0.332995 0.955068
vt 0.335493 0.947213
vt 0.437042 0.322194
vt 0.442138 0.326881
vt 0.382491 0.363087
vt 0.386053 0.371789
vt 0.250089 0.401604
vt 0.247880 0.406986
vt 0.326056 0.387847
vt 0.323678 0.399148
vt 0.213455 0.156367
vt 0.203506 0.150007
vt 0.257607 0.137028
vt 0.253484 0.147202
vt 0.108501 0.235898
vt 0.121037 0.240002
vt 0.037134 0.161424
vt 0.028957 0.157061
vt 0.045311 0.165786
vt 0.320652 0.906279
vt 0.462655 0.806770
vt 0.474771 0.806448
vt 0.110032 0.818267
vt 0.109841 0.810348
vt 0.191169 0.353161
vt 0.196186 0.939248
vt 0.323272 0.875113
vt 0.354080 0.814586
vt 0.353054 0.824746
vt 0.355107 0.804425
vt 0.261676 0.954446
vt 0.259562 0.945989
vt 0.263791 0.962904
vt 0.452764 0.898497
vt 0.319890 0.916012
vt 0.023077 0.147801
vt 0.017197 0.138541
vt 0.015511 0.126844
vt 0.013826 0.115147
vt 0.286857 0.759957
vt 0.206759 0.324779
vt 0.402256 0.157970
vt 0.399263 0.147419
vt 0.405249 0.168520
vt 0.248489 0.158990
vt 0.243495 0.170778
vt 0.198970 0.897420
vt 0.198198 0.906844
vt 0.411755 0.285406
vt 0.476209 0.871028
vt 0.476084 0.880613
vt 0.239703 0.302130
vt 0.238325 0.315487
vt 0.236898 0.184812
vt 0.230301 0.198845
vt 0.276073 0.811029
vt 0.275827 0.801031
vt 0.314301 0.375291
vt 0.367039 0.317938
vt 0.363226 0.304590
vt 0.459175 0.490768
vt 0.469058 0.491452
vt 0.220299 0.095224
vt 0.048740 0.274736
vt 0.202308 0.846923
vt 0.407954 0.275305
vt 0.066926 0.911185
vt 0.151935 0.953649
vt 0.144156 0.956362
vt 0.396169 0.137634
vt 0.393076 0.127849
vt 0.015501 0.071800
vt 0.381436 0.838518
vt 0.065731 0.251191
vt 0.452561 0.907287
vt 0.301954 0.790071
vt 0.301989 0.800549
vt 0.069666 0.855017
vt 0.089527 0.824960
vt 0.364584 0.397730
vt 0.362775 0.407863
vt 0.360411 0.291471
vt 0.194910 0.945297
vt 0.392568 0.913348
vt 0.064763 0.349163
vt 0.163899 0.976086
vt 0.160299 0.981499
vt 0.033122 0.854751
vt 0.210038 0.373658
vt 0.199877 0.370390
vt 0.067332 0.905047
vt 0.197431 0.915671
vt 0.033002 0.847120
vt 0.313228 0.842870
vt 0.190087 0.846367
vt 0.089301 0.832834
vt 0.129616 0.837142
vt 0.035498 0.891940
vt 0.035651 0.899299
vt 0.047398 0.922920
vt 0.040944 0.924535
vt 0.267766 0.925740
vt 0.256876 0.926631
vt 0.100467 0.309147
vt 0.236485 0.366857
vt 0.096565 0.318982
vt 0.092663 0.328817
vt 0.390373 0.118692
vt 0.346115 0.357408
vt 0.220159 0.216861
vt 0.288184 0.904873
vt 0.414061 0.327565
vt 0.090382 0.801864
vt 0.369207 0.519757
vt 0.368869 0.526306
vt 0.344839 0.898978
vt 0.343530 0.909529
vt 0.062798 0.179233
vt 0.046446 0.176555
vt 0.288823 0.941978
vt 0.258219 0.936310
vt 0.475782 0.890104
vt 0.475479 0.899595
vt 0.445082 0.977628
vt 0.453405 0.973235
vt 0.116054 0.255680
vt 0.036743 0.906178
vt 0.457858 0.967447
vt 0.069406 0.780697
vt 0.059965 0.910984
vt 0.187718 0.965935
vt 0.276672 0.983092
vt 0.282878 0.988674
vt 0.250423 0.040432
vt 0.252399 0.032001
vt 0.248446 0.048863
vt 0.262205 0.033878
vt 0.281179 0.036235
vt 0.290755 0.036901
vt 0.271738 0.035260
vt 0.316601 0.076724
vt 0.310240 0.076453
vt 0.322962 0.076996
vt 0.343037 0.077224
vt 0.336184 0.077321
vt 0.349889 0.077127
vt 0.304134 0.076107
vt 0.329573 0.077158
vt 0.356907 0.076513
vt 0.363924 0.075899
vt 0.245607 0.056332
vt 0.370865 0.074439
vt 0.163060 0.024234
vt 0.151210 0.041005
vt 0.156354 0.031829
vt 0.171099 0.018617
vt 0.189774 0.015393
vt 0.064758 0.936999
vt 0.176687 0.970987
vt 0.418070 0.976603
vt 0.421162 0.952030
vt 0.267128 0.970207
vt 0.298469 0.978751
vt 0.289802 0.094214
vt 0.277094 0.093089
vt 0.264681 0.091061
vt 0.252228 0.087382
vt 0.239789 0.081160
vt 0.264894 0.381386
vt 0.391079 0.350066
vt 0.173118 0.223813
vt 0.090583 0.779328
vt 0.126943 0.219600
vt 0.374446 0.783506
vt 0.372703 0.774660
vt 0.059639 0.783209
vt 0.194662 0.765039
vt 0.139037 0.773479
vt 0.165373 0.768551
vt 0.410357 0.891977
vt 0.403422 0.817474
vt 0.401439 0.798970
vt 0.427414 0.979312
vt 0.350685 0.376386
vt 0.014500 0.081923
vt 0.069397 0.862659
vt 0.069972 0.847394
vt 0.201793 0.857390
vt 0.166398 0.826072
vt 0.368555 0.633949
vt 0.340044 0.823660
vt 0.068145 0.891994
vt 0.072822 0.214160
vt 0.057594 0.285240
vt 0.032892 0.832421
vt 0.301214 0.831767
vt 0.070694 0.817190
vt 0.176853 0.929716
vt 0.241505 0.381232
vt 0.438828 0.334583
vt 0.376223 0.379692
vt 0.287171 0.396268
vt 0.118546 0.247841
vt 0.028735 0.113747
vt 0.361212 0.525014
vt 0.475459 0.815104
vt 0.201202 0.362393
vt 0.332091 0.907904
vt 0.223107 0.314682
vt 0.223670 0.891007
vt 0.084109 0.323227
vt 0.288908 0.800790
vt 0.369918 0.456967
vt 0.455377 0.300210
vt 0.368276 0.625486
vt 0.016715 0.062719
vt 0.464122 0.899046
vt 0.400906 0.290293
vt 0.367441 0.678813
vt 0.085573 0.878917
vt 0.255713 0.916430
vt 0.066407 0.916077
vt 0.468238 0.499454
vt 0.467417 0.507457
vt 0.113822 0.263879
vt 0.079994 0.780012
vt 0.257302 0.032940
vt 0.266971 0.034569
vt 0.285967 0.036568
vt 0.300681 0.037353
vt 0.295718 0.037127
vt 0.276459 0.035747
vt 0.140099 0.330094
vt 0.474160 0.414316
vt 0.470786 0.458911
vt 0.469832 0.580805
vt 0.413177 0.751127
vt 0.133326 0.264155
s 1
f 61/1/1 6/2/1 55/3/1
f 21/4/2 1562/5/3 1561/6/4
f 15/7/5 1872/8/5 1871/9/6
f 4/10/7 58/11/7 59/12/7
f 20/13/8 63/14/8 52/15/8
f 3/16/9 1211/17/10 1210/18/11
f 50/19/12 874/20/12 1052/21/12
f 62/22/13 1054/23/14 1053/24/15
f 13/25/16 1565/26/17 1564/27/18
f 19/28/19 57/29/19 58/11/19
f 48/30/20 2062/31/20 2061/32/20
f 22/33/21 1761/34/22 1760/35/23
f 67/36/24 1762/37/25 1056/38/26
f 51/39/27 1566/40/27 1873/41/27
f 2/42/28 1059/43/28 1058/44/28
f 11/45/29 56/46/29 57/29/29
f 9/47/30 52/15/30 56/46/30
f 12/48/31 61/1/31 63/14/31
f 55/3/32 23/49/33 54/50/34
f 40/51/35 878/52/36 1060/53/37
f 11/45/38 30/54/38 43/55/38
f 20/13/39 46/56/39 32/57/39
f 18/58/40 45/59/40 25/60/41
f 23/49/42 44/61/42 26/62/42
f 19/28/43 42/63/44 30/54/45
f 3/16/46 1213/64/47 1212/65/48
f 24/66/49 40/51/49 33/67/49
f 34/68/50 1062/69/51 1061/70/52
f 21/4/53 1569/71/53 1568/72/53
f 15/7/54 1875/73/54 1874/74/54
f 31/75/55 2065/76/56 1876/77/57
f 29/78/58 1877/79/58 1570/80/58
f 9/47/59 43/55/59 46/56/59
f 39/81/60 2067/82/61 1879/83/62
f 36/84/63 1764/85/63 1571/86/63
f 4/87/64 33/67/64 42/88/64
f 7/89/65 1880/90/66 1878/91/67
f 13/25/68 1573/92/68 1572/93/68
f 6/2/69 25/60/70 44/61/70
f 12/48/71 32/57/71 45/59/71
f 45/59/72 829/94/72 830/95/72
f 832/96/73 25/60/73 831/97/73
f 833/98/74 880/99/74 41/100/74
f 37/101/75 1575/102/75 1574/103/75
f 35/104/76 1217/105/77 1216/106/78
f 42/88/79 839/107/79 834/108/79
f 845/109/80 1577/110/80 1576/111/80
f 840/112/81 1881/113/81 2069/114/81
f 46/56/82 849/115/82 828/116/82
f 848/117/83 1218/118/83 1883/119/83
f 846/120/84 1401/121/84 1579/122/84
f 28/123/85 1404/124/85 1403/125/85
f 27/126/86 1221/127/86 1220/128/86
f 841/129/87 1884/130/87 2070/131/87
f 33/67/88 838/132/88 839/107/88
f 38/133/89 1767/134/89 1766/135/89
f 30/54/90 834/136/90 835/137/90
f 833/98/91 44/61/91 832/96/91
f 25/60/92 830/95/92 831/97/92
f 32/57/93 828/116/94 829/94/95
f 43/55/96 835/137/96 849/115/96
f 838/132/97 1065/138/97 1768/139/97
f 26/62/98 1769/140/99 22/141/100
f 24/66/101 59/142/101 60/143/101
f 60/143/102 1567/144/102 5/145/102
f 23/49/103 64/146/103 54/50/103
f 673/147/104 881/148/104 369/149/104
f 310/150/105 219/151/105 214/152/105
f 226/153/106 1068/154/106 1067/155/106
f 722/156/107 348/157/107 728/158/107
f 817/159/108 1069/160/109 1222/161/110
f 815/162/111 1071/163/111 1581/164/111
f 74/165/112 1074/166/113 1073/167/114
f 585/168/115 883/169/116 882/170/117
f 78/171/118 1773/172/119 1772/173/120
f 315/174/121 233/175/121 125/176/121
f 239/177/122 1887/178/123 419/179/124
f 698/180/125 319/181/125 699/182/125
f 595/183/126 1225/184/127 1224/185/128
f 649/186/129 1075/187/130 885/188/131
f 554/189/132 1583/190/133 1582/191/134
f 476/192/135 886/193/136 1888/194/137
f 91/195/138 888/196/138 2071/197/138
f 803/198/139 1774/199/140 1406/200/139
f 251/201/141 889/202/142 441/203/143
f 580/204/144 890/205/144 582/206/144
f 161/207/145 731/208/145 725/209/145
f 313/210/146 555/211/146 398/212/146
f 84/213/147 1077/214/148 490/215/149
f 602/216/150 740/217/150 724/218/150
f 346/219/151 550/220/151 548/221/151
f 205/222/152 1585/223/153 1889/224/154
f 184/225/155 2074/226/156 2073/227/157
f 133/228/158 669/229/158 662/230/158
f 728/158/159 410/231/159 722/156/159
f 584/232/160 742/233/160 759/234/160
f 319/181/161 485/235/161 263/236/161
f 346/219/162 735/237/163 731/208/164
f 796/238/165 693/239/165 801/240/165
f 267/241/166 121/242/166 254/243/166
f 659/244/167 756/245/167 313/210/167
f 196/246/168 1410/247/169 1409/248/170
f 449/249/171 1412/250/172 1411/251/173
f 675/252/174 617/253/174 695/254/174
f 797/255/175 155/256/175 417/257/175
f 434/258/176 1775/259/176 1079/260/176
f 126/261/177 124/262/177 112/263/177
f 622/264/178 891/265/179 619/266/180
f 311/267/181 240/268/182 396/269/183
f 518/270/184 1414/271/185 2075/272/186
f 481/273/187 892/274/187 890/275/187
f 179/276/188 1228/277/189 1227/278/190
f 482/279/191 1416/280/192 1229/281/193
f 92/282/194 1419/283/194 1418/284/194
f 206/285/195 1891/286/196 495/287/197
f 542/288/198 2078/289/199 2077/290/200
f 470/291/201 1892/292/202 547/293/203
f 750/294/204 218/295/204 743/296/204
f 701/297/205 1587/298/206 1586/299/207
f 716/300/208 1590/301/208 1589/302/208
f 156/303/209 1230/304/210 499/305/211
f 112/263/212 144/306/212 113/307/212
f 85/308/213 1593/309/214 1592/310/215
f 306/311/216 1080/312/217 1420/313/218
f 134/314/219 423/315/219 83/316/219
f 573/317/220 1595/318/221 1594/319/222
f 561/320/223 895/321/224 894/322/225
f 563/323/226 1422/324/227 2081/325/228
f 274/326/229 769/327/229 275/328/229
f 301/329/230 1597/330/231 1596/331/232
f 237/332/233 2082/333/234 1598/334/235
f 820/335/236 759/234/236 825/336/236
f 189/337/237 1599/338/238 467/339/239
f 88/340/240 2085/341/241 2084/342/240
f 797/343/242 897/344/242 1231/345/242
f 141/346/243 633/347/243 632/348/243
f 823/349/244 1233/350/244 1232/351/244
f 348/157/245 1424/352/246 477/353/247
f 109/354/248 702/355/248 714/356/248
f 421/357/249 1600/358/250 1082/359/251
f 185/360/252 723/361/252 719/362/252
f 490/363/253 1778/364/254 1893/365/255
f 572/366/256 687/367/256 693/239/256
f 509/368/257 1603/369/258 1602/370/259
f 371/371/260 1235/372/261 1083/373/262
f 1236/374/263 526/375/264 427/376/265
f 363/377/266 1085/378/267 900/379/268
f 338/380/269 753/381/269 747/382/269
f 475/383/270 1237/384/271 1895/385/272
f 610/386/273 902/387/274 612/388/275
f 340/389/276 1425/390/277 1417/391/278
f 161/207/279 470/392/279 346/219/279
f 793/393/280 559/394/280 781/395/280
f 754/396/281 903/397/282 1086/398/283
f 127/399/284 416/400/284 203/401/284
f 762/402/285 905/403/286 1086/398/287
f 108/404/288 1427/405/289 1426/406/290
f 509/407/291 1604/408/292 907/409/293
f 508/410/294 1429/411/295 1428/412/296
f 413/413/297 1431/414/298 488/415/299
f 1896/416/300 534/417/301 656/418/302
f 318/419/303 267/241/303 335/420/303
f 615/421/304 1240/422/305 1605/423/306
f 607/424/307 1898/425/308 1897/426/309
f 451/427/310 71/428/310 450/429/310
f 68/430/311 1433/431/312 1432/432/313
f 448/433/314 1434/434/314 210/435/314
f 350/436/315 1435/437/315 628/438/315
f 221/439/316 1606/440/317 1899/441/318
f 742/233/319 586/442/319 759/234/319
f 653/443/320 1437/444/321 1436/445/322
f 667/446/323 668/447/323 174/448/323
f 194/449/324 1901/450/324 570/451/324
f 579/452/325 1243/453/325 1242/454/325
f 262/455/326 1244/456/327 1780/457/328
f 1781/458/329 466/459/329 437/460/329
f 380/461/330 1439/462/331 1246/463/332
f 244/464/333 1441/465/334 1440/466/335
f 77/467/336 1607/468/337 1442/469/338
f 788/470/339 2088/471/340 1444/472/341
f 540/473/342 1608/474/343 538/475/344
f 285/476/345 1610/477/346 1609/478/347
f 404/479/348 724/218/348 725/209/348
f 409/480/349 688/481/349 679/482/349
f 641/483/350 1445/484/351 1902/485/352
f 317/486/353 663/487/353 671/488/353
f 450/489/354 1249/490/355 339/491/356
f 439/492/357 1250/493/358 1782/494/359
f 608/495/360 1611/496/361 611/497/362
f 101/498/363 1447/499/364 511/500/365
f 114/501/366 663/487/366 182/502/366
f 749/503/367 910/504/368 1903/505/369
f 266/506/370 1088/507/371 1082/359/372
f 389/508/373 1905/509/374 1783/510/375
f 101/498/376 750/294/376 743/296/376
f 609/511/377 912/512/378 911/513/379
f 468/514/380 2090/515/381 1906/516/382
f 198/517/383 114/501/384 197/518/385
f 113/307/386 126/261/386 112/263/386
f 230/519/387 377/520/387 665/521/387
f 113/307/388 332/522/388 311/267/388
f 84/213/389 496/523/389 206/285/389
f 827/524/390 1785/525/391 824/526/392
f 824/527/393 913/528/393 1612/529/393
f 792/530/394 384/531/394 98/532/394
f 724/218/395 161/207/395 725/209/395
f 307/533/396 402/534/396 379/535/396
f 142/536/397 1786/537/398 422/538/399
f 629/539/400 1907/540/401 915/541/402
f 458/542/403 358/543/403 456/544/403
f 358/543/404 783/545/404 638/546/404
f 721/547/405 580/204/405 720/548/405
f 217/549/406 215/550/406 214/152/406
f 135/551/407 1909/552/408 1908/553/409
f 175/554/410 1910/555/411 916/556/412
f 435/557/413 2092/558/414 1252/559/415
f 281/560/416 2094/561/416 483/562/416
f 404/479/417 1614/563/418 473/564/419
f 123/565/420 492/566/420 141/346/420
f 81/567/421 918/568/422 2095/569/423
f 703/570/424 632/348/424 717/571/424
f 157/572/425 230/519/425 229/573/425
f 76/574/426 1450/575/427 1449/576/428
f 451/577/429 1253/578/430 637/579/431
f 230/519/432 276/580/433 333/581/434
f 482/582/435 1911/583/436 919/584/437
f 236/585/438 234/586/438 233/175/438
f 601/587/439 921/588/440 1912/589/441
f 755/590/442 922/591/443 2087/592/444
f 676/593/445 617/253/445 127/399/445
f 241/594/446 746/595/446 747/382/446
f 741/596/447 1255/597/448 1254/598/449
f 96/599/450 2097/600/451 1914/601/452
f 504/602/453 1788/603/454 1916/604/455
f 252/605/456 1452/606/457 1451/607/458
f 164/608/459 1455/609/460 1454/610/461
f 100/611/462 722/156/462 410/231/462
f 246/612/463 197/518/464 235/613/465
f 163/614/466 1258/615/466 1257/616/466
f 262/455/467 1790/617/468 1615/618/469
f 349/619/470 181/620/470 118/621/470
f 587/622/471 820/335/471 823/623/471
f 542/288/472 1792/624/473 1791/625/474
f 211/626/475 1793/627/475 1260/628/476
f 508/629/477 584/232/477 587/622/477
f 409/480/478 924/630/479 923/631/480
f 727/632/481 925/633/482 1918/634/483
f 800/635/484 1261/636/484 2099/637/484
f 212/638/485 622/639/485 620/640/485
f 97/641/486 320/642/486 379/535/486
f 242/643/487 1090/644/488 1089/645/489
f 330/646/490 805/647/490 804/648/490
f 135/551/491 1919/649/492 1889/224/493
f 458/650/494 1263/651/494 195/652/494
f 517/653/495 1621/654/496 1620/655/497
f 680/656/498 598/657/498 675/252/498
f 438/658/499 1091/659/500 1456/660/501
f 105/661/502 928/662/503 927/663/504
f 233/175/505 267/241/505 254/243/505
f 271/664/506 269/665/506 268/666/506
f 272/667/507 1920/668/508 1623/669/509
f 630/670/510 1457/671/511 1264/672/512
f 557/673/513 929/674/514 1093/675/515
f 723/676/516 931/677/516 1265/678/516
f 454/679/517 1795/680/517 1459/681/517
f 647/682/518 2101/683/519 1089/645/520
f 535/684/521 1922/685/522 1921/686/523
f 520/687/524 1796/688/525 2103/689/526
f 123/565/527 703/570/527 702/355/527
f 102/690/528 743/296/529 742/233/530
f 461/691/531 363/692/532 460/693/533
f 821/694/534 2104/695/534 1625/696/534
f 370/697/535 676/593/535 682/698/535
f 528/699/536 1461/700/537 1923/701/538
f 440/702/539 1463/703/540 1095/704/541
f 678/705/542 1924/706/543 1779/707/544
f 331/708/545 1266/709/546 1926/710/547
f 462/711/548 1626/712/549 400/713/550
f 527/714/551 1927/715/552 1923/701/553
f 282/716/554 746/595/554 751/717/554
f 419/718/555 1627/719/556 1267/720/557
f 555/211/558 1268/721/559 557/722/560
f 464/723/561 314/724/561 515/725/561
f 115/726/562 72/727/563 114/501/564
f 271/664/565 214/152/565 215/550/565
f 153/728/566 1928/729/566 1798/730/566
f 87/731/567 1930/732/568 1929/733/569
f 217/549/570 302/734/570 216/735/570
f 128/736/571 335/420/571 180/737/571
f 436/738/572 1931/739/573 1270/740/574
f 729/741/575 1933/742/576 340/389/577
f 453/743/578 1271/744/578 196/246/578
f 269/665/579 125/176/579 126/261/579
f 479/745/580 530/746/580 660/747/580
f 612/748/581 2106/749/582 933/750/583
f 394/751/584 98/532/585 384/531/586
f 481/273/587 934/752/587 1934/753/587
f 169/754/588 937/755/589 936/756/590
f 737/757/591 938/758/591 909/759/591
f 473/760/592 940/761/593 1913/762/594
f 519/763/595 2108/764/596 1629/765/597
f 523/766/598 2110/767/599 1272/768/600
f 480/769/601 2112/770/601 1096/771/601
f 657/772/602 1273/773/603 2113/774/604
f 86/775/605 1802/776/606 1801/777/607
f 634/778/608 224/779/609 636/780/610
f 524/781/611 1275/782/612 1272/768/613
f 313/783/614 672/784/614 659/785/614
f 334/786/615 115/726/615 198/517/615
f 811/787/616 1803/788/616 816/789/616
f 277/790/617 941/791/618 1630/792/619
f 174/448/620 666/793/620 385/794/620
f 312/795/621 781/395/621 559/394/621
f 342/796/622 1936/797/623 1804/798/624
f 1465/799/625 526/375/626 522/800/627
f 329/801/628 943/802/629 906/803/630
f 627/804/631 1278/805/632 1277/806/633
f 337/807/634 1805/808/634 2114/809/634
f 541/810/635 1632/811/636 1631/812/637
f 497/813/638 2115/814/639 1279/815/640
f 220/816/641 944/817/641 1807/818/641
f 152/819/642 2116/820/642 1938/821/642
f 189/337/643 687/367/643 688/481/643
f 507/822/644 1634/823/645 945/824/646
f 423/825/647 1941/826/648 1940/827/649
f 216/735/650 361/828/650 387/829/650
f 251/201/651 946/830/652 445/831/653
f 89/832/654 948/833/654 947/834/654
f 372/835/655 382/836/655 402/534/655
f 765/837/656 1099/838/656 780/839/656
f 626/840/657 2118/841/658 629/842/659
f 400/713/660 2119/843/661 1249/490/662
f 589/844/663 2120/845/664 1100/846/665
f 355/847/666 268/666/666 199/848/666
f 227/849/667 1467/850/668 1281/851/669
f 771/852/670 1637/853/671 1282/854/672
f 129/855/673 180/737/673 181/620/673
f 116/856/674 1469/857/675 1411/251/676
f 79/858/677 1942/859/678 1937/860/679
f 174/448/680 664/861/680 667/446/680
f 243/862/681 1808/863/682 1943/864/683
f 501/865/684 1639/866/685 1470/867/686
f 465/868/687 2121/869/687 1641/870/688
f 83/316/689 1940/871/690 599/872/691
f 614/873/692 1283/874/693 1809/875/694
f 816/876/695 1285/877/695 1471/878/695
f 527/714/696 1472/879/697 1642/880/698
f 628/438/699 751/717/700 350/436/701
f 303/881/702 264/882/702 286/883/702
f 746/595/703 350/436/704 751/717/705
f 90/884/706 1102/885/707 950/886/708
f 321/887/709 953/888/710 952/889/709
f 70/890/711 1811/891/712 1810/892/713
f 270/893/714 315/174/714 269/665/714
f 373/894/715 1473/895/716 954/896/717
f 171/897/718 1287/898/719 1103/899/720
f 733/900/721 1288/901/722 1105/902/723
f 372/835/724 236/585/724 315/174/724
f 726/903/725 1945/904/726 1812/905/727
f 515/725/728 202/906/728 429/907/728
f 412/908/729 1475/909/730 1474/910/731
f 405/911/732 2123/912/733 1814/913/734
f 1947/914/735 624/915/736 621/916/737
f 488/917/738 956/918/739 1101/919/740
f 142/536/741 679/482/742 688/481/743
f 159/920/744 693/239/744 687/367/744
f 265/921/745 957/922/746 1598/334/747
f 341/923/748 1646/924/749 1645/925/750
f 307/533/751 235/613/751 236/585/751
f 203/401/752 543/926/753 546/927/754
f 718/928/755 1647/929/756 1476/930/757
f 430/931/758 286/883/758 514/932/758
f 247/933/759 1949/934/760 1948/935/761
f 292/936/762 1109/937/763 1477/938/764
f 644/939/765 1649/940/766 1478/941/767
f 343/942/768 2125/943/769 1950/944/770
f 480/945/771 578/946/771 581/947/771
f 235/613/772 392/948/773 234/586/774
f 523/766/775 1479/949/776 1290/950/777
f 376/951/778 2127/952/779 1291/953/780
f 793/954/781 183/955/781 146/956/781
f 366/957/782 958/958/782 1951/959/782
f 288/960/783 145/961/783 287/962/783
f 197/518/784 182/502/784 392/948/784
f 311/267/785 199/848/785 113/307/785
f 394/751/786 334/786/786 320/642/786
f 399/963/787 1953/964/788 1952/965/789
f 309/966/790 1815/967/791 1651/968/792
f 624/915/793 729/741/793 740/217/793
f 479/969/794 960/970/795 529/971/796
f 351/972/797 2128/973/797 961/974/797
f 342/796/798 1817/975/799 1112/976/800
f 241/594/801 963/977/802 962/978/803
f 231/979/804 1955/980/805 1954/981/806
f 511/982/807 1481/983/808 1818/984/809
f 684/985/810 1653/986/811 1293/987/812
f 310/150/813 403/988/813 69/989/813
f 396/269/814 355/847/815 311/267/816
f 125/176/817 254/243/818 124/262/819
f 427/990/820 525/991/820 661/992/820
f 213/993/821 770/994/821 71/428/821
f 191/995/822 1957/996/823 1956/997/824
f 690/998/825 1294/999/826 1081/1000/827
f 356/1001/828 93/1002/828 403/988/828
f 268/666/829 126/261/830 199/848/831
f 392/948/832 180/737/832 335/420/832
f 398/1003/833 118/621/833 313/783/833
f 461/691/834 287/962/834 429/907/834
f 454/679/835 1296/1004/835 1820/1005/835
f 270/893/836 215/550/836 382/836/836
f 364/1006/837 1297/1007/838 1482/1008/839
f 195/652/840 1300/1009/840 1299/1010/840
f 395/1011/841 964/1012/842 1822/1013/843
f 242/643/844 1116/1014/845 1115/1015/846
f 668/447/847 204/1016/847 666/793/847
f 814/1017/848 720/548/848 818/1018/848
f 129/1019/849 965/1020/849 439/492/850
f 121/1021/851 1095/704/852 434/258/853
f 187/1022/854 660/747/854 671/488/854
f 79/858/855 1959/1023/856 1958/1024/857
f 259/1025/858 1303/1026/859 1302/1027/860
f 662/230/861 186/1028/861 525/991/862
f 464/723/863 303/881/863 430/931/863
f 229/573/864 333/581/864 334/786/864
f 75/1029/865 1305/1030/866 1304/1031/867
f 530/746/868 513/1032/868 659/785/868
f 574/1033/869 2131/1034/870 575/1035/871
f 170/1036/872 1118/1037/873 1117/1038/874
f 631/1039/875 1483/1040/876 1655/1041/877
f 265/921/878 1963/1042/879 1306/1043/880
f 386/1044/881 1966/1045/882 1965/1046/883
f 538/1047/884 1119/1048/885 1968/1049/886
f 476/192/887 966/1050/888 1424/1051/889
f 374/1052/890 968/1053/891 1484/1054/892
f 222/1055/893 1824/1056/894 1657/1057/895
f 516/1058/896 1969/1059/896 969/1060/896
f 91/195/897 1307/1061/898 1121/1062/899
f 80/1063/900 2133/1064/901 2132/1065/902
f 216/735/903 382/836/903 215/550/903
f 320/642/904 307/533/904 379/535/904
f 388/1066/905 1660/1067/906 1122/1068/907
f 497/813/908 2134/1069/909 1662/1070/910
f 251/1071/911 377/520/911 323/1072/911
f 324/1073/912 679/482/912 680/656/912
f 659/785/913 317/486/913 530/746/913
f 384/531/914 229/573/914 394/751/914
f 285/476/915 1663/1074/916 2136/1075/917
f 234/586/918 335/420/918 267/241/918
f 360/1076/919 2137/1077/920 1825/1078/921
f 264/882/922 214/152/922 219/151/922
f 643/1079/923 1308/1080/924 1440/1081/925
f 190/1082/926 1828/1083/927 1827/1084/928
f 495/1085/929 1971/1086/929 1901/1087/929
f 356/1001/930 271/664/930 268/666/930
f 322/1088/931 1124/1089/932 1123/1090/933
f 320/642/934 198/517/934 246/612/934
f 228/1091/935 1310/1092/936 1309/1093/937
f 524/781/938 1666/1094/939 1125/1095/940
f 541/810/941 1973/1096/942 1667/1097/943
f 347/1098/944 2138/1099/944 970/1100/944
f 483/1101/945 1127/1102/946 971/1103/947
f 566/1104/948 713/1105/948 712/1106/948
f 109/354/949 1829/1107/949 497/1108/949
f 239/177/950 695/254/950 676/593/950
f 135/551/951 1976/1109/952 1975/1110/953
f 723/361/954 328/1111/954 719/362/954
f 189/337/955 2139/1112/956 432/1113/957
f 734/1114/958 1977/1115/959 1487/1116/960
f 812/1117/961 1129/1118/961 1488/1119/961
f 1979/1120/962 323/1121/963 119/1122/964
f 103/1123/965 465/868/965 144/1124/965
f 581/947/966 814/1017/966 815/1125/966
f 213/993/967 642/1126/967 638/546/967
f 430/931/968 1948/1127/969 388/1128/970
f 193/1129/971 973/1130/972 972/1131/973
f 123/565/974 1279/1132/975 491/1133/976
f 410/231/977 974/1134/977 481/1135/977
f 241/594/978 753/381/978 138/1136/978
f 107/1137/979 1313/1138/980 1312/1139/981
f 167/1140/982 1980/1141/982 1314/1142/982
f 429/907/983 975/1143/984 201/1144/985
f 367/1145/986 1982/1146/987 1981/1147/988
f 720/548/989 281/560/989 721/547/989
f 468/514/990 1831/1148/991 1786/1149/992
f 700/1150/993 2141/1151/994 1489/1152/995
f 573/317/996 2143/1153/997 1131/1154/998
f 124/262/999 103/1155/999 112/263/999
f 365/1156/1000 1670/1157/1001 1669/1158/1002
f 127/399/1003 682/698/1003 676/593/1003
f 673/147/1004 1133/1159/1004 226/153/1004
f 514/932/1005 1983/1160/1006 247/1161/1007
f 474/1162/1008 1984/1163/1009 295/1164/1010
f 314/1165/1011 1135/1166/1012 1134/1167/1013
f 361/828/1014 429/907/1014 287/962/1014
f 704/1168/1015 1985/1169/1016 2144/1170/1017
f 280/1171/1018 2145/1172/1019 1490/1173/1020
f 106/1174/1021 1137/1175/1021 1070/1176/1021
f 681/1177/1022 1673/1178/1023 1672/1179/1024
f 325/1180/1025 1675/1181/1026 1638/1182/1027
f 773/1183/1028 275/328/1028 769/327/1028
f 273/1184/1029 976/1185/1029 926/1186/1029
f 144/1124/1030 437/460/1030 332/1187/1030
f 445/831/1031 1677/1188/1032 1676/1189/1033
f 507/822/1034 349/1190/1034 398/1191/1034
f 763/1192/1035 408/1193/1035 626/840/1035
f 732/1194/1036 1678/1195/1037 1487/1116/1038
f 408/1193/1039 2147/1196/1040 504/1197/1041
f 329/801/1042 977/1198/1043 2148/1199/1044
f 120/1200/1045 1988/1201/1046 119/1122/1047
f 721/547/1048 401/1202/1048 722/156/1048
f 275/328/1049 458/542/1049 453/1203/1049
f 193/1129/1050 979/1204/1051 978/1205/1052
f 318/1206/1053 435/557/1053 122/1207/1053
f 592/1208/1054 717/571/1054 632/348/1054
f 302/734/1055 515/725/1055 361/828/1055
f 677/1209/1056 1832/1210/1057 1681/1211/1058
f 638/546/1059 768/1212/1059 213/993/1059
f 288/960/1060 460/693/1060 354/1213/1060
f 168/1214/1061 2150/1215/1061 1989/1216/1061
f 509/407/1062 1138/1217/1063 1682/1218/1064
f 128/1219/1065 436/738/1065 318/1206/1065
f 744/1220/1066 362/1221/1066 745/1222/1066
f 148/1223/1067 443/1224/1067 120/1200/1067
f 122/1207/1068 440/702/1068 121/1021/1068
f 641/1225/1069 1834/1226/1070 1991/1227/1071
f 99/1228/1072 1317/1229/1073 1316/1230/1074
f 298/1231/1075 667/446/1075 664/861/1075
f 128/1219/1076 1782/494/1077 438/658/1078
f 183/1232/1079 1992/1233/1080 794/1234/1081
f 232/1235/1082 2152/1236/1083 2151/1237/1084
f 332/1187/1085 466/459/1085 240/1238/1085
f 496/1239/1086 1139/1240/1087 1891/1241/1088
f 274/326/1089 453/1203/1089 448/1242/1089
f 348/157/1090 1492/1243/1091 476/1244/1092
f 104/1245/1093 516/1058/1093 103/1123/1093
f 520/687/1094 981/1246/1095 1993/1247/1096
f 405/911/1097 1683/1248/1098 1141/1249/1099
f 378/1250/1100 1143/1251/1101 1684/1252/1102
f 139/1253/1103 1319/1254/1104 1318/1255/1105
f 406/1256/1106 1837/1257/1107 1836/1258/1108
f 290/1259/1109 1145/1260/1110 1144/1261/1111
f 661/992/1112 186/1028/1112 670/1262/1112
f 522/800/1113 1147/1263/1114 1146/1264/1115
f 530/746/1116 671/488/1116 660/747/1116
f 656/418/1117 983/1265/1118 885/188/1119
f 662/1266/1120 735/237/1121 133/1267/1122
f 385/794/1123 984/1268/1124 425/1269/1125
f 385/794/1126 985/1270/1127 426/1271/1128
f 546/927/1129 298/1272/1129 686/1273/1129
f 525/991/1130 428/1274/1130 662/230/1130
f 182/502/1131 181/620/1131 180/737/1131
f 426/1275/1132 1494/1276/1133 1148/1277/1134
f 670/1262/1135 298/1231/1135 661/992/1135
f 529/971/1136 513/1278/1136 531/1279/1136
f 645/1280/1137 1994/1281/1138 1478/941/1139
f 652/1282/1140 1996/1283/1141 2153/1284/1142
f 655/1285/1143 1686/1286/1144 1320/1287/1145
f 533/1288/1146 1689/1289/1147 1688/1290/1148
f 534/417/1149 986/1291/1150 529/971/1151
f 572/366/1152 1998/1292/1153 431/1293/1154
f 312/795/1155 450/429/1155 71/428/1155
f 160/1294/1156 2155/1295/1157 2154/1296/1158
f 279/1297/1159 1999/1298/1160 1925/1299/1161
f 143/1300/1162 2000/1301/1163 468/1302/1164
f 826/1303/1165 1322/1304/1165 988/1305/1165
f 610/386/1166 747/382/1166 746/595/1166
f 713/1105/1167 109/354/1167 714/356/1167
f 675/252/1168 324/1073/1169 680/656/1170
f 810/1306/1171 1496/1307/1171 1838/1308/1171
f 537/1309/1172 484/1310/1173 414/1311/1174
f 799/1312/1175 2001/1313/1175 798/1314/1175
f 484/1315/1176 1497/1316/1177 989/1317/1178
f 682/698/1179 546/927/1179 686/1273/1179
f 68/430/1180 1498/1318/1181 1420/313/1182
f 711/1319/1183 2156/1320/1183 2002/1321/1183
f 687/367/1184 142/536/1184 688/481/1184
f 415/1322/1185 2003/1323/1186 1690/1324/1187
f 370/697/1188 2004/1325/1189 415/1326/1190
f 192/1327/1191 2159/1328/1191 2158/1329/1191
f 807/1330/1192 1150/1331/1192 806/1332/1192
f 732/1194/1193 1500/1333/1194 1499/1334/1195
f 393/1335/1196 992/1336/1197 991/1337/1198
f 804/648/1199 712/1106/1199 809/1338/1199
f 552/1339/1200 731/208/1200 735/237/1200
f 566/1104/1201 494/1340/1201 110/1341/1201
f 552/1339/1202 1693/1342/1203 469/1343/1204
f 545/1344/1205 682/698/1205 686/1273/1205
f 744/1345/1206 2160/1346/1206 2098/1347/1206
f 806/1348/1207 2005/1349/1208 1839/1350/1209
f 558/1351/1210 753/381/1210 756/245/1210
f 383/1352/1211 2008/1353/1211 2007/1354/1211
f 130/1355/1212 801/240/1213 799/1312/1214
f 149/1356/1215 1695/1357/1216 1694/1358/1217
f 558/1351/1218 498/1359/1219 138/1136/1220
f 559/394/1221 462/1360/1221 312/795/1221
f 802/1361/1222 994/1362/1223 1502/1363/1223
f 463/1364/1224 2009/1365/1225 1503/1366/1226
f 71/428/1227 776/1367/1227 312/795/1227
f 289/1368/1228 995/1369/1229 1323/1370/1230
f 564/1371/1231 1696/1372/1232 325/1180/1233
f 162/1373/1234 1152/1374/1235 1151/1375/1236
f 193/1129/1050 997/1376/1237 996/1377/1238
f 635/1378/1239 1154/1379/1240 1697/1380/1241
f 413/413/1242 2162/1381/1243 594/1382/1244
f 728/158/1245 212/638/1245 729/741/1245
f 263/236/1246 708/1383/1246 705/1384/1246
f 319/181/1247 998/1385/1248 489/1386/1249
f 134/314/1250 680/656/1250 679/482/1250
f 280/1171/1251 2164/1387/1252 2163/1388/1253
f 324/1073/1254 2165/1389/1255 424/1390/1256
f 617/253/1257 2011/1391/1258 618/1392/1259
f 599/1393/1260 2012/1394/1261 2011/1395/1262
f 595/183/1263 1325/1396/1264 1699/1397/1265
f 117/1398/1266 1701/1399/1267 1699/1397/1268
f 767/1400/1269 257/1401/1269 773/1183/1269
f 393/1335/1270 999/1402/1271 1935/1403/1272
f 623/1404/1273 2015/1405/1274 2014/1406/1275
f 473/564/1276 602/216/1276 404/479/1276
f 604/1407/1277 474/1408/1277 161/207/1277
f 623/1404/1278 1702/1409/1279 1000/1410/1280
f 308/1411/1281 1506/1412/1282 1505/1413/1283
f 740/217/1284 604/1407/1284 724/218/1284
f 188/1414/1285 1508/1415/1286 1507/1416/1287
f 156/303/1288 756/245/1288 753/381/1288
f 613/1417/1289 1704/1418/1290 1703/1419/1291
f 502/1420/1292 1840/1421/1293 2149/1422/1294
f 210/435/1295 1156/1423/1296 1099/838/1297
f 188/1414/1298 1509/1424/1299 1470/867/1300
f 608/495/1301 506/1425/1301 350/436/1301
f 338/380/1302 1841/1426/1303 502/1427/1304
f 597/1428/1305 1706/1429/1306 1705/1430/1307
f 765/1431/1308 168/1214/1308 766/1432/1308
f 783/545/1309 209/1433/1310 768/1212/1311
f 168/1214/1312 769/327/1312 766/1432/1312
f 768/1212/1313 116/856/1313 770/994/1313
f 232/1235/1314 2170/1434/1315 2169/1435/1316
f 773/1183/1317 166/1436/1317 767/1400/1317
f 639/1437/1318 2017/1438/1319 2016/1439/1320
f 769/327/1321 107/1137/1321 773/1183/1321
f 775/1440/1322 2171/1441/1323 1282/854/1324
f 770/994/1325 1510/1442/1326 776/1367/1325
f 560/1443/1327 2173/1444/1328 2172/1445/1329
f 708/1383/1330 414/1311/1330 705/1384/1330
f 763/1192/1331 1330/1446/1332 371/371/1333
f 778/1447/1334 1511/1448/1335 1078/1449/1336
f 779/1450/1337 1842/1451/1337 1328/1452/1337
f 774/1453/1338 1331/1454/1338 1821/1455/1338
f 765/837/1339 1843/1456/1340 238/1457/1340
f 776/1367/1341 1157/1458/1342 2174/1459/1343
f 255/1460/1344 2018/1461/1345 1903/505/1346
f 117/1398/1347 1707/1462/1348 1601/1463/1349
f 618/1464/1350 1514/1465/1351 1513/1466/1352
f 617/253/1257 1513/1467/1353 420/1468/1354
f 600/1469/1355 2176/1470/1356 2175/1471/1357
f 614/873/1358 675/252/1358 695/254/1358
f 595/183/1359 1334/1472/1360 1333/1473/1361
f 730/1474/1362 2019/1475/1363 1105/902/1364
f 94/1476/1365 725/209/1365 731/208/1365
f 729/741/1366 620/640/1366 740/217/1366
f 478/1477/1367 1844/1478/1368 1335/1479/1369
f 602/216/1370 1708/1480/1371 621/916/1372
f 620/640/1373 606/1481/1373 604/1407/1373
f 741/596/1374 1002/1482/1375 1835/1483/1376
f 606/1484/1377 1845/1485/1378 1327/1486/1379
f 164/608/1380 1516/1487/1381 1515/1488/1382
f 626/840/1383 751/717/1383 763/1192/1383
f 282/716/1384 1004/1489/1385 505/1490/1386
f 365/1156/1387 1710/1491/1388 1709/1492/1389
f 505/1493/1390 1005/1494/1391 2177/1495/1392
f 208/1496/1393 2180/1497/1394 2179/1498/1395
f 628/438/1396 2020/1499/1397 1330/1446/1398
f 319/181/1399 705/1384/1399 699/182/1399
f 390/1500/1400 1847/1501/1401 1846/1502/1402
f 591/1503/1403 2022/1504/1404 2021/1505/1405
f 590/1506/1406 1161/1507/1407 634/778/1408
f 592/1208/1409 1006/1508/1410 593/1509/1411
f 179/276/1412 1339/1510/1413 1338/1511/1414
f 767/1400/1415 640/1512/1415 783/545/1415
f 209/1433/1416 1008/1513/1417 1007/1514/1418
f 201/1515/1419 1010/1516/1420 1009/1517/1421
f 638/546/1422 456/544/1422 358/543/1422
f 456/1518/1423 2181/1519/1424 1519/1520/1425
f 452/1521/1426 1521/1522/1427 1227/278/1428
f 339/491/1429 1341/1523/1430 1253/578/1431
f 512/1524/1432 1522/1525/1433 984/1526/1434
f 648/1527/1435 1524/1528/1436 2153/1284/1437
f 115/726/1438 276/580/1438 658/1529/1438
f 704/1168/1439 1342/1530/1440 1712/1531/1441
f 703/570/1442 636/780/1442 224/779/1442
f 707/1532/1443 1713/1533/1444 1163/1534/1445
f 717/571/1446 590/1506/1446 636/780/1446
f 82/1535/1447 1165/1536/1447 1164/1537/1447
f 807/1330/1448 712/1106/1448 568/1538/1448
f 111/1539/1449 2026/1540/1449 2025/1541/1449
f 331/708/1450 1343/1542/1451 1166/1543/1452
f 194/449/1453 714/356/1453 206/285/1453
f 715/1544/1454 1011/1545/1455 2182/1546/1456
f 714/356/1457 84/213/1457 206/285/1457
f 568/1538/1458 713/1105/1458 194/449/1458
f 701/297/1459 1344/1547/1460 2028/1548/1461
f 810/1306/1462 2029/1549/1462 2183/1550/1462
f 706/1551/1463 1168/1552/1464 1012/1553/1465
f 413/413/1466 705/1384/1466 414/1311/1466
f 635/1378/1467 1345/1554/1468 1846/1502/1469
f 84/213/1470 703/570/1470 224/779/1470
f 700/1150/1471 2031/1555/1472 1848/1556/1473
f 590/1506/1474 699/182/1474 413/413/1474
f 368/1557/1475 2027/1558/1475 696/1559/1475
f 686/1273/1476 664/1560/1477 545/1344/1478
f 426/1561/1479 1170/1562/1480 1169/1563/1481
f 545/1344/1482 1169/1564/1483 544/1565/1484
f 696/1559/1485 330/646/1485 697/1566/1485
f 685/1567/1486 1171/1568/1487 1791/625/1488
f 427/1569/1489 546/927/1489 543/926/1489
f 1346/1570/1490 543/1571/1491 542/288/1492
f 185/360/1493 818/1018/1493 811/787/1493
f 204/1572/1494 540/473/1494 666/1573/1494
f 512/1574/1495 2185/1575/1496 2184/1576/1497
f 666/1573/1498 2186/1577/1499 512/1578/1500
f 673/1579/1501 155/256/1502 674/1580/1503
f 734/1114/1504 2187/1581/1505 2033/1582/1506
f 428/1583/1507 552/1339/1507 662/1266/1507
f 549/1584/1508 1525/1585/1509 1715/1586/1510
f 547/293/1511 2034/1587/1512 1347/1588/1513
f 133/1267/1514 548/221/1514 660/1589/1514
f 479/1590/1515 1347/1588/1516 649/1591/1517
f 660/1589/1518 550/220/1519 479/1592/1520
f 762/402/1521 1348/1593/1522 1716/1594/1523
f 556/1595/1524 659/244/1524 513/1596/1524
f 513/1597/1525 1013/1598/1526 553/1599/1527
f 223/1600/1528 1349/1601/1529 2188/1602/1530
f 146/956/1531 97/641/1531 145/961/1531
f 460/1603/1532 561/320/1533 564/1371/1231
f 354/1604/1534 564/1605/1534 559/394/1534
f 148/1606/1535 157/572/1535 384/531/1535
f 411/1607/1536 250/1608/1536 204/1016/1536
f 158/1609/1537 120/1610/1537 119/1611/1537
f 158/1609/1538 323/1072/1538 377/520/1538
f 537/1309/1539 204/1572/1539 250/1612/1539
f 446/1613/1540 1851/1614/1541 1850/1615/1542
f 443/1224/1543 1351/1616/1544 1350/1617/1545
f 442/1618/1546 1173/1619/1547 1172/1620/1548
f 446/1613/1549 1852/1621/1550 889/202/1551
f 250/1612/1552 1718/1622/1553 539/1623/1554
f 784/1624/1555 1353/1625/1556 1676/1626/1557
f 244/1627/1558 1529/1628/1559 1528/1629/1560
f 183/955/1561 98/532/1561 146/956/1561
f 563/1630/1562 1354/1631/1563 1174/1632/1564
f 560/1443/1565 2191/1633/1566 2081/325/228
f 777/1634/1567 1357/1635/1568 2172/1445/1569
f 254/243/1570 104/1636/1570 124/262/1570
f 507/1637/1571 1359/1638/1572 1719/1639/1573
f 398/212/1574 1360/1640/1575 507/1641/1576
f 130/1355/1577 673/1579/1578 674/1580/1579
f 743/296/1580 1175/1642/1581 249/1643/1582
f 274/326/1583 765/1431/1583 766/1432/1583
f 785/1644/1584 148/1223/1584 792/1645/1584
f 785/1644/1585 1015/1646/1586 1176/1647/1587
f 794/1234/1588 1361/1648/1589 2192/1649/1590
f 793/393/1591 1158/1650/1592 562/1651/1593
f 793/954/1594 288/960/1595 354/1213/1596
f 794/1234/1597 792/1645/1597 183/1232/1597
f 344/1652/1598 2193/1653/1599 2192/1649/1600
f 411/1607/1601 665/521/1601 377/520/1601
f 276/580/1602 667/446/1602 173/1654/1602
f 276/580/1603 670/1262/1604 658/1529/1605
f 187/1022/1606 658/1529/1606 669/229/1606
f 72/727/1607 671/488/1607 663/487/1607
f 181/620/1608 672/784/1608 118/621/1608
f 669/229/1609 670/1262/1609 186/1028/1609
f 285/476/1610 1720/1655/1611 1017/1656/1612
f 261/1657/1613 1721/1658/1614 1618/1659/1615
f 261/1657/1616 1723/1660/1617 1019/1661/1618
f 284/1662/1619 1530/1663/1620 1480/1664/1621
f 284/1662/1622 1532/1665/1623 1178/1666/1624
f 96/599/1625 2195/1667/1626 2194/1668/1627
f 646/1669/1628 1724/1670/1629 1688/1290/1630
f 402/534/1631 387/829/1631 145/961/1631
f 97/641/1632 402/534/1632 145/961/1632
f 387/829/1633 287/962/1633 145/961/1633
f 2/42/1634 1179/1671/1635 1056/38/1634
f 48/30/1636 2196/1672/1636 1058/44/1636
f 62/22/1637 1853/1673/1637 2061/32/1637
f 50/19/1638 1181/1674/1638 1053/24/1638
f 51/39/1639 1363/1675/1639 1052/21/1639
f 47/1676/1640 2037/1677/1640 1873/41/1640
f 466/459/1641 47/1676/1641 60/143/1641
f 240/1238/1642 60/143/1642 59/142/1642
f 396/269/1643 59/12/1643 58/11/1643
f 93/1002/1644 58/11/1644 57/29/1644
f 403/988/1645 57/29/1645 56/46/1645
f 69/989/1646 56/46/1646 52/15/1646
f 219/151/1647 52/15/1648 63/14/1649
f 264/882/1650 63/14/1650 61/1/1650
f 55/3/1651 264/882/1651 61/1/1651
f 54/50/1652 286/883/1652 55/3/1652
f 54/50/1653 2198/1678/1654 248/1679/1655
f 294/1680/1656 2199/1681/1657 1021/1682/1658
f 521/1683/1659 1022/1684/1660 1725/1685/1661
f 140/1686/1662 1726/1687/1663 1183/1688/1664
f 357/1689/1665 1184/1690/1666 1023/1691/1667
f 381/1692/1668 1024/1693/1669 1362/1694/1669
f 691/1695/1670 1365/1696/1670 1262/1697/1670
f 574/1033/1671 801/240/1671 693/239/1671
f 130/1355/1672 1185/1698/1672 418/1699/1672
f 226/153/1673 1187/1700/1674 1186/1701/1674
f 571/1702/1675 1368/1703/1675 1367/1704/1675
f 796/238/1676 2200/1705/1676 576/1706/1676
f 155/256/1677 801/240/1677 674/1580/1677
f 573/317/1678 1728/1707/1678 1727/1708/1678
f 709/1709/1679 1729/1710/1679 2024/1711/1679
f 368/1557/1680 809/1338/1680 807/1330/1680
f 806/1348/1681 2039/1712/1681 2038/1713/1681
f 330/646/1682 809/1338/1682 697/1566/1682
f 368/1557/1683 2038/1714/1683 487/1715/1683
f 709/1709/1684 1731/1716/1684 1730/1717/1684
f 804/648/1685 569/1718/1685 566/1104/1685
f 565/1719/1686 1733/1720/1686 1732/1721/1686
f 811/787/1687 720/548/1687 580/204/1687
f 815/1125/1688 328/1111/1688 471/1722/1688
f 137/1723/1689 1025/1724/1689 932/1725/1689
f 328/1111/1690 818/1018/1690 719/362/1690
f 816/876/1691 1026/1726/1691 2201/1727/1691
f 185/360/1692 2201/1728/1692 472/1729/1692
f 577/1730/1693 1029/1731/1693 1028/1732/1693
f 738/1733/1694 1188/1734/1694 1130/1735/1694
f 760/1736/1695 2202/1737/1696 2105/1738/1697
f 200/1739/1698 2203/1740/1698 2161/1741/1698
f 586/442/1699 825/336/1699 759/234/1699
f 823/623/1700 362/1221/1700 500/1742/1700
f 824/527/1701 2204/1743/1702 1372/1744/1702
f 583/1745/1703 2041/1746/1703 2040/1747/1703
f 362/1221/1704 825/336/1704 745/1222/1704
f 588/1748/1705 1533/1749/1706 1189/1750/1707
f 825/336/1708 827/524/1708 745/1222/1708
f 745/1222/1709 1373/1751/1710 744/1220/1711
f 851/1752/1712 828/1753/1713 850/1754/1714
f 853/1755/1715 830/1756/1716 852/1757/1717
f 855/1758/1718 832/1759/1719 854/1760/1720
f 856/1761/1721 835/1762/1722 834/1763/1723
f 1534/1764/1724 858/1765/1725 859/1766/1726
f 839/1767/1727 1855/1768/1728 860/1769/1729
f 863/1770/1730 2206/1771/1731 1856/1772/1732
f 859/1766/1726 1191/1773/1733 1735/1774/1734
f 865/1775/1735 1535/1776/1736 1374/1777/1737
f 868/1778/1738 1736/1779/1739 1375/1780/1740
f 869/1781/1741 2208/1782/1742 2042/1783/1743
f 862/1784/1744 1858/1785/1745 1857/1786/1746
f 870/1787/1747 1738/1788/1748 2209/1789/1748
f 861/1790/1749 834/1763/1723 839/1767/1727
f 866/1791/1750 2043/1792/1751 1536/1793/1752
f 865/1775/1735 1192/1794/1753 2210/1795/1754
f 854/1760/1720 831/1796/1755 853/1755/1715
f 851/1752/1712 830/1756/1756 829/1797/1757
f 860/1769/1729 1030/1798/1758 1537/1799/1759
f 857/1800/1760 849/1801/1761 835/1762/1722
f 871/1802/1762 828/1753/1763 849/1801/1761
f 855/1758/1764 836/1803/1765 833/1804/1766
f 1/1805/1767 851/1752/1712 850/1754/1714
f 1/1805/1768 853/1755/1715 852/1757/1717
f 1/1805/1768 855/1758/1718 854/1760/1720
f 1/1805/1769 857/1800/1760 856/1761/1721
f 1/1805/1770 859/1766/1771 858/1765/1772
f 1/1805/1769 861/1790/1749 860/1769/1729
f 1/1805/1773 1856/1772/1732 862/1784/1744
f 1/1805/1774 1376/1806/1775 859/1766/1726
f 1/1805/1774 1032/1807/1776 865/1775/1735
f 1/1805/1773 1375/1780/1777 867/1808/1778
f 1/1805/1774 1739/1809/1779 869/1781/1780
f 1/1805/1773 1857/1786/1746 868/1778/1738
f 1/1805/1773 1377/1810/1781 870/1787/1782
f 1/1805/1769 856/1761/1721 861/1790/1749
f 1/1805/1774 1194/1811/1783 866/1791/1784
f 1/1805/1774 2210/1795/1754 864/1812/1785
f 1/1805/1768 854/1760/1720 853/1755/1715
f 1/1805/1786 852/1757/1787 851/1752/1712
f 1/1805/1769 1537/1799/1759 863/1770/1788
f 1/1805/1769 871/1802/1762 857/1800/1760
f 1/1805/1767 850/1754/1714 871/1802/1789
f 1/1805/1770 858/1765/1772 855/1758/1790
f 61/1/1791 18/58/1791 6/2/1791
f 21/4/1792 1740/1813/1793 1562/5/1794
f 15/7/1795 2044/1814/1795 1872/8/1795
f 4/10/1796 19/28/1796 58/11/1796
f 20/13/1797 12/48/1797 63/14/1797
f 3/16/9 1378/1815/1798 1211/17/10
f 50/19/1799 1055/1816/1799 874/20/1799
f 62/22/13 2063/1817/1800 1054/23/14
f 13/25/1801 1741/1818/1801 1565/26/1802
f 19/28/1803 11/45/1803 57/29/1803
f 48/30/1804 2064/1819/1804 2062/31/1805
f 22/33/1806 1379/1820/1807 1761/34/1808
f 67/36/24 2045/1821/1809 1762/37/25
f 51/39/1810 875/1822/1810 1566/40/1811
f 2/42/1812 1057/1823/1812 1059/43/1812
f 11/45/1813 9/47/1813 56/46/1814
f 9/47/1815 20/13/1815 52/15/1815
f 12/48/1816 18/58/1816 61/1/1816
f 55/3/32 6/2/1817 23/49/33
f 40/51/1818 1743/1824/1819 878/52/1820
f 11/45/1821 19/28/1821 30/54/1821
f 20/13/1822 9/47/1823 46/56/1823
f 18/58/1824 12/48/1824 45/59/1824
f 23/49/1825 6/2/1825 44/61/1825
f 19/28/43 4/10/1826 42/63/44
f 3/16/1827 1379/1820/1828 1213/64/1829
f 24/66/1830 1743/1824/1830 40/51/1830
f 34/68/1831 879/1825/1831 1062/69/1831
f 21/4/1832 1378/1815/1833 1569/71/1832
f 15/7/1834 1741/1818/1835 1875/73/1836
f 31/75/1837 2068/1826/1837 2065/76/1838
f 29/78/1839 1765/1827/1839 1877/79/1839
f 9/47/1813 11/45/1813 43/55/1840
f 39/81/1841 1063/1828/1841 2067/82/1841
f 36/84/1842 2066/1829/1842 1764/85/1842
f 4/87/1843 24/66/1843 33/67/1843
f 7/89/65 2044/1814/1844 1880/90/66
f 13/25/1845 1740/1813/1845 1573/92/1845
f 6/2/1846 18/58/1846 25/60/1846
f 12/48/1847 20/13/1847 32/57/1847
f 45/59/1848 32/57/1848 829/94/1848
f 832/96/1849 44/61/70 25/60/70
f 41/100/1850 26/62/98 833/98/1851
f 37/101/1852 1215/1830/1852 1575/102/1852
f 35/104/76 1399/1831/1853 1217/105/77
f 42/88/1854 33/67/1854 839/107/1854
f 845/109/1855 1402/1832/1855 1577/110/1855
f 840/112/1856 1885/1833/1856 1881/113/1857
f 46/56/1858 43/55/1858 849/115/1858
f 848/117/1859 1578/1834/1859 1218/118/1859
f 846/120/1860 1882/1835/1860 1401/121/1861
f 28/123/1862 1398/1836/1862 1404/124/1862
f 27/126/1863 1214/1837/1863 1221/127/1863
f 841/129/1864 1066/1838/1864 1884/130/1865
f 33/67/1866 2213/1839/1866 838/132/1866
f 38/133/1867 1763/1840/1867 1767/134/1867
f 30/54/1868 42/63/1868 834/136/1868
f 833/98/1869 26/62/1869 44/61/1869
f 25/60/1870 45/59/1870 830/95/1870
f 32/57/93 46/56/1871 828/116/94
f 43/55/1872 30/54/1872 835/137/1872
f 838/132/1873 2213/1839/1873 1065/138/1874
f 22/141/1875 23/49/1875 26/62/1875
f 24/66/1876 4/87/1876 59/142/1876
f 5/145/1877 24/66/1877 60/143/1877
f 23/49/1878 1760/1841/1879 64/146/1880
f 369/149/1881 417/1842/1881 673/147/1881
f 310/150/1882 69/989/1882 219/151/1882
f 226/153/1883 1133/1159/1883 1068/154/1883
f 722/156/1884 401/1202/1884 348/157/1884
f 817/159/1885 1734/1843/1885 1069/160/1885
f 471/1844/1886 1071/163/1886 815/162/1886
f 74/165/112 1126/1845/1887 1074/166/113
f 585/168/1888 1744/1846/1889 883/169/1890
f 78/171/1891 1823/1847/1892 1773/172/1893
f 315/174/1894 236/585/1894 233/175/1894
f 239/177/1895 370/697/1895 415/1326/1895
f 698/180/1896 592/1208/1896 319/181/1896
f 595/183/1897 1333/1473/1898 1225/184/1899
f 649/186/1900 2035/1848/1901 1075/187/1902
f 554/189/1903 1198/1849/1904 1583/190/1905
f 476/192/1906 1492/1850/1907 886/193/1908
f 91/195/1909 1121/1062/1909 888/196/1910
f 803/198/1911 1370/1851/1911 1774/199/1911
f 251/201/1912 323/1121/1912 446/1613/1912
f 580/204/1913 1538/1852/1913 481/1135/1913
f 161/207/1914 346/219/162 731/208/164
f 313/210/1915 756/245/1915 555/211/1915
f 84/213/1916 224/779/1916 493/1853/1916
f 602/216/1917 624/915/1917 740/217/1917
f 346/219/1918 470/392/1918 550/220/1918
f 205/222/1919 1745/1854/1920 1585/223/1921
f 184/225/1922 2189/1855/1923 2074/226/1924
f 133/228/1925 187/1022/1925 669/229/1925
f 728/158/1926 340/389/1926 410/231/1926
f 584/232/1927 102/690/1927 742/233/1927
f 319/181/1247 1680/1856/1928 485/235/1929
f 346/219/1930 548/221/1930 735/237/1930
f 796/238/1931 572/366/1931 693/239/1931
f 267/241/1932 122/1857/1932 121/242/1932
f 659/244/1933 558/1351/1933 756/245/1934
f 196/246/168 1271/744/1935 1410/247/169
f 449/249/1936 980/1858/1937 1412/250/1938
f 675/252/1939 598/657/1939 617/253/1939
f 797/255/1940 796/238/1940 155/256/1940
f 434/258/1941 1464/1859/1941 1775/259/1941
f 126/261/1942 125/176/817 124/262/819
f 622/264/1943 967/1860/1944 73/1861/1945
f 311/267/181 332/522/1946 240/268/182
f 518/270/1947 1622/1862/1948 1414/271/1949
f 481/273/1950 1934/753/1950 892/274/1950
f 179/276/1951 1380/1863/1952 1228/277/1953
f 410/231/1954 1416/280/1955 482/279/1956
f 92/282/1957 1407/1864/1957 1419/283/1957
f 495/287/1958 194/449/1958 206/285/1958
f 543/1571/1959 2078/289/1960 542/288/1961
f 547/293/1962 550/1865/1962 470/291/1962
f 750/294/1963 1083/373/1964 218/295/1965
f 701/297/1966 2142/1866/1967 1587/298/1968
f 716/300/1969 2157/1867/1969 1590/301/1969
f 156/303/1970 338/380/1970 502/1427/1970
f 112/263/1971 103/1155/1971 144/306/1971
f 85/308/1972 1656/1868/1973 1593/309/1974
f 306/311/1975 1132/1869/1976 1080/312/1977
f 134/314/1978 1862/1870/1979 423/315/1980
f 573/317/1981 1131/1154/1982 1595/318/1983
f 561/320/1984 1382/1871/1985 895/321/1986
f 563/323/1987 2048/1872/1988 1422/324/1989
f 274/326/1990 766/1432/1990 769/327/1990
f 301/329/230 1746/1873/1991 1597/330/231
f 237/332/233 942/1874/1992 2082/333/234
f 820/335/1993 584/232/1993 759/234/1993
f 189/337/1994 923/631/1995 421/1875/1996
f 88/340/1997 2072/1876/1997 2085/341/1997
f 417/1842/1998 897/344/1999 797/343/2000
f 141/346/2001 1541/1877/2002 633/347/2003
f 500/1878/2004 1233/350/2004 823/349/2004
f 477/353/2005 212/638/2005 348/157/2005
f 109/354/2006 123/565/2006 702/355/2006
f 421/357/2007 1617/1879/2008 1600/358/2009
f 185/360/2010 2216/1880/2010 723/361/2010
f 490/363/2011 1077/1881/2012 1778/364/2013
f 572/366/2014 143/1300/2014 687/367/2014
f 509/368/2015 1745/1854/1920 1603/369/2016
f 371/371/2017 1337/1882/2018 1235/372/2019
f 427/376/2020 1383/1883/2021 1236/374/2022
f 363/377/266 1033/1884/2023 1085/378/267
f 338/380/2024 156/303/2024 753/381/2024
f 475/383/2025 1239/1885/2026 1237/384/2027
f 610/386/273 282/716/1384 505/1490/1386
f 340/389/2028 1933/742/2029 1425/390/2030
f 161/207/2031 474/1408/2031 470/392/2031
f 793/393/2032 354/1604/2032 559/394/2032
f 754/396/2033 1748/1886/2034 903/397/2035
f 127/399/2036 2217/1887/2037 416/400/2038
f 762/402/2039 1198/1849/2040 905/403/2041
f 108/404/2042 1430/1888/2043 1427/405/2044
f 509/407/2045 1602/1889/2046 1604/408/2047
f 587/1890/2048 1429/411/2049 508/410/2050
f 413/413/2051 414/1311/2051 484/1310/2051
f 656/418/2052 2218/1891/2053 1896/416/2054
f 318/419/2055 122/1857/2055 267/241/2055
f 615/421/2056 1284/1892/2057 1240/422/2058
f 607/424/2059 1542/1893/2060 1898/425/2061
f 451/427/2062 213/993/2062 71/428/2062
f 68/430/2063 1543/1894/2064 1433/431/2065
f 448/433/2066 453/743/2066 196/246/2066
f 350/436/2067 1200/1895/2068 630/1896/2069
f 221/439/2070 1658/1897/2071 1606/440/2072
f 742/233/2073 908/1898/2074 586/442/2075
f 653/443/2076 1749/1899/2077 1437/444/2078
f 667/446/2079 665/521/2079 668/447/2079
f 570/451/2080 568/1538/2080 194/449/2080
f 579/452/2081 2047/1900/2081 1243/453/2081
f 262/455/2082 1201/1901/2083 1244/456/2084
f 437/460/2085 2122/1902/2086 1781/458/2087
f 380/461/2088 1544/1903/2089 1439/462/2090
f 244/464/2091 1034/1904/2092 1441/465/2093
f 77/467/2094 1624/1905/2095 1607/468/2096
f 788/470/2097 2219/1906/2098 2088/471/2099
f 540/473/2100 263/236/2100 485/235/2100
f 285/476/2101 1017/1656/2102 1610/477/2103
f 404/479/2104 602/216/2104 724/218/2104
f 409/480/2105 189/337/2105 688/481/2105
f 641/483/2106 1991/1907/2107 1445/484/2108
f 317/486/2109 672/784/2109 663/487/2109
f 339/491/2110 451/577/2110 450/489/2110
f 439/492/2111 1035/1908/2112 1250/493/2113
f 608/495/2114 962/978/2115 501/1909/2116
f 101/498/2117 102/690/2117 508/629/2117
f 114/501/2118 72/727/2118 663/487/2118
f 749/503/2119 1671/1910/2120 910/504/2121
f 266/506/2122 1543/1894/2123 1088/507/2124
f 389/508/373 1107/1911/2125 1905/509/374
f 101/498/2126 408/1193/2126 750/294/2126
f 609/511/2127 2107/1912/2128 912/512/2129
f 468/514/2130 2000/1913/2131 2090/515/2132
f 198/517/383 115/726/2133 114/501/384
f 113/307/2134 199/848/2134 126/261/2134
f 230/519/2135 158/1609/2135 377/520/2135
f 113/307/2136 144/306/2136 332/522/2136
f 84/213/2137 1202/1914/2138 496/523/2139
f 1372/1915/2140 827/524/2140 824/526/2140
f 824/527/2141 1545/1916/2142 913/528/2143
f 792/530/2144 148/1606/2144 384/531/2144
f 724/218/2145 604/1407/2145 161/207/2145
f 307/533/2146 372/835/2146 402/534/2146
f 422/538/399 134/314/2147 142/536/397
f 629/539/2148 2118/1917/2149 1907/540/2150
f 458/542/2151 257/1401/2151 358/543/2151
f 358/543/2152 767/1400/2152 783/545/2152
f 721/547/2153 100/611/2153 580/204/2153
f 217/549/2154 216/735/2154 215/550/2154
f 135/551/2155 1890/1918/2156 1909/552/2157
f 175/554/410 1944/1919/2158 1910/555/411
f 435/557/413 1932/1920/2159 2092/558/414
f 483/562/2160 401/1202/2160 281/560/2161
f 404/479/2162 94/1476/2162 469/1343/2162
f 123/565/2163 1381/1921/2164 492/566/2165
f 81/567/2166 955/1922/2167 918/568/2168
f 703/570/2169 141/346/2169 632/348/2169
f 157/572/2170 158/1609/2170 230/519/2170
f 76/574/2171 1443/1923/2172 1450/575/2173
f 637/579/2174 642/1924/2174 451/577/2174
f 230/519/2175 665/521/2175 276/580/2175
f 482/582/2176 1229/1925/2177 1911/583/2178
f 236/585/2179 235/613/2179 234/586/2179
f 601/587/439 1001/1926/2180 921/588/440
f 755/590/442 2222/1927/2181 922/591/443
f 676/593/2182 695/254/2182 617/253/2182
f 241/594/2183 608/495/2184 746/595/2183
f 741/596/2185 1155/1928/2186 1255/597/2187
f 96/599/2188 2194/1668/2189 2097/600/2190
f 504/602/2191 2147/1929/2192 1788/603/2193
f 252/605/2194 1546/1930/2195 1452/606/2196
f 164/608/2197 1547/1931/2198 1455/609/2199
f 100/611/2200 721/547/2200 722/156/2200
f 246/612/2201 198/517/2201 197/518/2201
f 500/1878/2202 1258/615/2202 163/614/2202
f 262/455/2203 1864/1932/2204 1790/617/2205
f 349/619/2206 129/855/2206 181/620/2206
f 587/622/2207 584/232/2207 820/335/2207
f 542/288/2208 2077/290/2209 1792/624/2210
f 211/626/2211 1292/1933/2212 1793/627/2213
f 508/629/2214 102/690/2214 584/232/2214
f 324/1073/2215 924/630/2216 409/480/2217
f 727/632/2218 1946/1934/2219 925/633/2220
f 800/635/2221 1750/1935/2221 1261/636/2221
f 212/638/2222 477/353/2222 622/639/2222
f 97/641/2223 394/751/2223 320/642/2223
f 242/643/2224 1201/1901/2225 1090/644/2226
f 330/646/2227 1860/1936/2227 805/647/2227
f 135/551/2228 1975/1110/2229 1919/649/2230
f 458/650/2231 1519/1520/2232 412/908/2233
f 517/653/2234 2109/1937/2235 1621/654/2236
f 680/656/2237 83/316/2237 598/657/2237
f 438/658/2238 1251/1938/2239 1091/659/2240
f 105/661/2241 1034/1904/2242 928/662/2243
f 233/175/2244 234/586/2244 267/241/2244
f 271/664/2245 270/893/2245 269/665/2245
f 272/667/2246 1245/1939/2247 1920/668/2248
f 630/670/2249 1200/1940/2250 1457/671/2251
f 557/673/2252 1268/1941/2253 929/674/2254
f 723/676/2255 2216/1942/2255 931/677/2255
f 454/679/2256 2053/1943/2256 1795/680/2256
f 647/682/2257 1751/1944/2258 2101/683/2259
f 535/684/2260 1120/1945/2261 1922/685/2262
f 520/687/2263 1752/1946/2264 1796/688/2265
f 123/565/2266 141/346/2266 703/570/2266
f 102/690/528 101/498/2267 743/296/529
f 461/691/531 1033/1947/2268 363/692/532
f 821/694/2269 914/1948/2269 2104/695/2269
f 370/697/2270 239/177/2270 676/593/2270
f 528/699/2271 1274/1949/2272 1461/700/2273
f 440/702/2274 2093/1950/2275 1463/703/2276
f 678/705/2277 1833/1951/2278 1924/706/2279
f 331/708/2280 1385/1952/2281 1266/709/2282
f 400/713/2283 450/489/2283 462/711/2283
f 527/714/2284 1386/1953/2285 1927/715/2286
f 282/716/2287 610/386/2287 746/595/2287
f 419/718/2288 1887/1954/2289 1627/719/2290
f 555/211/2291 156/303/2291 499/305/2291
f 464/723/2292 1122/1955/2293 314/724/2294
f 115/726/562 658/1529/2295 72/727/563
f 271/664/2296 310/150/2296 214/152/2296
f 153/728/2297 2086/1956/2297 1928/729/2297
f 87/731/567 1967/1957/2298 1930/732/568
f 217/549/2299 303/881/2299 302/734/2299
f 128/736/2300 318/419/2300 335/420/2300
f 436/738/2301 1092/1958/2302 1931/739/2303
f 340/389/2304 728/158/2304 729/741/2304
f 453/743/2305 458/650/2305 195/652/2305
f 269/665/2306 315/174/2306 125/176/2306
f 479/745/2307 531/1959/2307 530/746/2307
f 612/748/581 902/1960/2308 2106/749/582
f 394/751/584 97/641/2309 98/532/585
f 481/273/2310 974/1961/2310 934/752/2310
f 169/754/588 917/1962/2311 937/755/589
f 737/757/2312 1204/1963/2312 938/758/2312
f 473/760/2313 1614/1964/2314 940/761/2315
f 519/763/2316 982/1965/2317 2108/764/2318
f 523/766/2319 1864/1932/2320 2110/767/2321
f 581/1966/2322 2112/770/2322 480/769/2322
f 657/772/2323 1548/1967/2324 1273/773/2325
f 86/775/605 1784/1968/2326 1802/776/606
f 1753/1969/2327 224/779/609 634/778/608
f 524/781/2328 1549/1970/2329 1275/782/2330
f 313/783/2331 118/621/2331 672/784/2331
f 334/786/2332 333/581/2332 115/726/2332
f 811/787/2333 580/204/2333 582/206/2333
f 277/790/2334 1584/1971/2335 941/791/2336
f 174/448/2337 668/447/2337 666/793/2337
f 312/795/2338 2174/1459/2339 781/395/2340
f 342/796/622 1816/1972/2341 1936/797/623
f 522/800/2342 1205/1973/2343 1465/799/2344
f 329/801/2345 2148/1199/2346 943/802/2347
f 627/804/2348 1458/1974/2349 1278/805/2350
f 337/807/2351 2129/1975/2351 1805/808/2351
f 541/810/2352 1667/1097/2353 1632/811/2354
f 497/813/2355 1662/1070/2356 2115/814/2357
f 220/816/2358 1408/1976/2358 944/817/2358
f 152/819/2359 2117/1977/2359 2116/820/2359
f 189/337/2360 159/920/2360 687/367/2360
f 507/822/2361 1719/1978/2362 1634/823/2363
f 423/825/2364 1746/1873/2365 1941/826/2366
f 216/735/2367 302/734/2367 361/828/2367
f 445/831/2368 250/1979/2368 251/201/2368
f 89/832/2369 951/1980/2369 948/833/2369
f 372/835/2370 270/893/2370 382/836/2370
f 765/837/2371 448/433/2372 210/435/2373
f 626/840/2374 408/1193/2374 504/1197/2374
f 400/713/2375 2225/1981/2376 2119/843/2377
f 589/844/2378 1698/1982/2379 2120/845/2380
f 355/847/2381 356/1001/2381 268/666/2381
f 227/849/2382 1311/1983/2383 1467/850/2384
f 771/852/2385 2225/1981/2386 1637/853/2387
f 129/855/2388 128/736/2388 180/737/2388
f 116/856/2389 1550/1984/2390 1469/857/2391
f 79/858/2392 1958/1024/2393 1942/859/2394
f 174/448/2395 385/794/2395 664/861/2395
f 243/862/2396 1301/1985/2397 1808/863/2398
f 501/865/2399 1114/1986/2400 1639/866/2401
f 465/868/2402 1970/1987/2402 2121/869/2402
f 599/872/2403 598/657/2403 83/316/2403
f 239/177/2404 1283/874/2405 614/873/2406
f 816/876/2407 1803/1988/2407 1285/877/2407
f 527/714/696 1462/1989/2408 1472/879/697
f 628/438/699 763/1192/2409 751/717/700
f 303/881/2410 217/549/2410 264/882/2410
f 746/595/703 608/495/2411 350/436/704
f 90/884/706 1113/1990/2412 1102/885/707
f 321/887/2413 920/1991/2414 953/888/2415
f 70/890/2416 1819/1992/2417 1811/891/2418
f 270/893/2419 372/835/2419 315/174/2419
f 373/894/2420 1664/1993/2421 1473/895/2422
f 171/897/2423 1964/1994/2424 1287/898/2425
f 733/900/2426 1501/1995/2427 1288/901/2428
f 372/835/2429 307/533/2429 236/585/2429
f 726/903/2430 1003/1996/2431 1945/904/2432
f 515/725/2433 1134/1997/2434 202/906/2435
f 412/908/2436 1520/1998/2437 1475/909/2438
f 405/911/2439 2056/1999/2440 2123/912/2441
f 621/916/2442 1867/2000/2443 1947/914/2444
f 488/917/738 1431/2001/2445 956/918/739
f 142/536/741 134/314/2446 679/482/742
f 159/920/2447 574/1033/2447 693/239/2447
f 265/921/2448 1035/1908/2112 957/922/2449
f 341/923/748 1643/2002/2450 1646/924/749
f 307/533/2451 246/612/463 235/613/465
f 203/401/752 416/400/2452 543/926/753
f 718/928/2453 1986/2003/2454 1647/929/2455
f 430/931/2456 303/881/2456 286/883/2456
f 247/933/2457 2056/1999/2458 1949/934/2459
f 292/936/2460 1549/1970/2461 1109/937/2462
f 644/939/2463 1495/2004/2464 1649/940/2465
f 343/942/2466 949/2005/2466 2125/943/2466
f 480/945/2467 281/560/2467 578/946/2467
f 235/613/2468 197/518/2468 392/948/2468
f 523/766/2469 1276/2006/2470 1479/949/2471
f 376/951/2472 1654/2007/2473 2127/952/2474
f 793/954/2475 459/2008/2476 183/955/2475
f 366/957/2477 2126/2009/2477 958/958/2477
f 288/960/2478 146/956/2478 145/961/2478
f 197/518/2479 114/501/2479 182/502/2479
f 311/267/2480 355/847/2480 199/848/2480
f 394/751/2481 229/573/2481 334/786/2481
f 399/963/2482 1044/2010/2483 1953/964/2484
f 309/966/790 1652/2011/2485 1815/967/791
f 624/915/2486 207/2012/2486 729/741/2486
f 529/971/2487 531/1279/2487 479/969/2488
f 351/972/2489 959/2013/2489 2128/973/2489
f 342/796/2490 1804/798/2491 1817/975/2492
f 138/1136/2493 963/977/2494 241/594/2495
f 231/979/2496 1961/2014/2497 1955/980/2498
f 511/982/2499 1447/2015/2500 1481/983/2501
f 684/985/2502 1388/2016/2503 1653/986/2504
f 310/150/2505 356/1001/2505 403/988/2505
f 396/269/814 93/1002/2506 355/847/815
f 125/176/2507 233/175/2507 254/243/2507
f 427/990/2508 526/2017/2508 525/991/2508
f 213/993/2509 768/1212/2509 770/994/2509
f 191/995/2510 1900/2018/2511 1957/996/2512
f 690/998/2513 2228/2019/2514 1294/999/2515
f 356/1001/2516 355/847/2516 93/1002/2516
f 268/666/829 269/665/2517 126/261/830
f 392/948/2518 182/502/2518 180/737/2518
f 398/1003/2519 349/619/2519 118/621/2519
f 461/691/2520 288/960/2520 287/962/2520
f 454/679/2521 1459/681/2521 1296/1004/2521
f 270/893/2522 271/664/2522 215/550/2522
f 364/1006/2523 1110/2020/2524 1297/1007/2525
f 195/652/2526 1263/651/2526 1300/1009/2526
f 395/1011/841 1665/2021/2527 964/1012/842
f 242/643/2528 2102/2022/2529 1116/1014/2530
f 668/447/2531 411/1607/2531 204/1016/2531
f 814/1017/2532 578/946/2532 720/548/2532
f 129/1019/2533 349/1190/2533 433/2023/2533
f 434/258/2534 104/1245/2534 121/1021/2534
f 187/1022/2535 133/228/2535 660/747/2535
f 79/858/2536 1886/2024/2537 1959/1023/2538
f 259/1025/2539 1386/1953/2540 1303/1026/2541
f 662/230/2542 669/229/2542 186/1028/2542
f 464/723/2543 302/734/2543 303/881/2543
f 229/573/2544 230/519/2544 333/581/2544
f 75/1029/2545 1223/2025/2546 1305/1030/2547
f 530/746/2548 531/1959/2548 513/1032/2548
f 574/1033/2549 159/920/2549 432/1113/2549
f 170/1036/2550 1104/2026/2551 1118/1037/2552
f 631/1039/2553 2023/2027/2554 1483/1040/2555
f 265/921/2556 2083/2028/2557 1963/1042/2558
f 386/1044/881 1298/2029/2559 1966/1045/882
f 538/1047/2560 1608/2030/2561 1119/1048/2562
f 476/192/887 1888/194/2563 966/1050/888
f 374/1052/2564 2130/2031/2565 968/1053/2566
f 222/1055/2567 1826/2032/2568 1824/1056/2569
f 516/1058/2570 1776/2033/2570 1969/1059/2570
f 91/195/897 1269/2034/2571 1307/1061/898
f 80/1063/2572 2096/2035/2573 2133/1064/2574
f 216/735/2575 387/829/2575 382/836/2575
f 320/642/2576 246/612/2576 307/533/2576
f 388/1066/2577 1108/2036/2578 1660/1067/2579
f 497/813/2580 1829/2037/2581 2134/1069/2582
f 251/1071/2583 411/1607/2583 377/520/2583
f 324/1073/2584 409/480/2584 679/482/2584
f 659/785/2585 672/784/2586 317/486/2587
f 384/531/2588 157/572/2588 229/573/2588
f 285/476/2589 1609/478/2590 1663/1074/2591
f 234/586/774 392/948/773 335/420/2592
f 360/1076/2593 2219/1906/2594 2137/1077/2595
f 264/882/2596 217/549/2596 214/152/2596
f 643/1079/2597 2032/2038/2598 1308/1080/2599
f 190/1082/2600 1800/2039/2601 1828/1083/2602
f 495/1085/2603 1140/2040/2603 1971/1086/2603
f 356/1001/2604 310/150/2604 271/664/2604
f 322/1088/931 1787/2041/2605 1124/1089/932
f 320/642/2606 334/786/2606 198/517/2606
f 228/1091/2607 1485/2042/2608 1310/1092/2609
f 524/781/938 2111/2043/2610 1666/1094/939
f 541/810/2611 1756/2044/2612 1973/1096/2613
f 347/1098/2614 1794/2045/2615 2138/1099/2616
f 483/1101/2617 2094/2046/2617 1127/1102/2617
f 566/1104/2618 110/1341/2618 713/1105/2618
f 109/354/2619 110/1341/2619 494/1340/2619
f 239/177/2620 614/873/2620 695/254/2620
f 135/551/2621 1908/553/2622 1976/1109/2623
f 723/361/2624 471/1722/2624 328/1111/2624
f 432/1113/957 159/920/2625 189/337/955
f 734/1114/2626 1392/2047/2627 1977/1115/2628
f 812/1117/2629 1286/2048/2629 1129/1118/2629
f 119/1122/1047 1988/1201/1046 1979/1120/2630
f 103/1123/2631 969/1060/2631 465/868/2631
f 581/947/2632 578/946/2632 814/1017/2632
f 213/993/2633 451/427/2633 642/1126/2633
f 388/1128/2634 464/723/2634 430/931/2634
f 193/1129/2635 996/1377/2636 973/1130/2637
f 123/565/2638 109/354/2638 497/1108/2638
f 1538/1852/2639 410/231/2639 481/1135/2639
f 241/594/2640 747/382/2640 753/381/2640
f 107/1137/2641 1315/2049/2641 1313/1138/2642
f 167/1140/2643 1990/2050/2643 1980/1141/2643
f 201/1144/2644 461/691/2644 429/907/2644
f 367/1145/2645 1238/2051/2646 1982/1146/2647
f 720/548/2648 578/946/2648 281/560/2648
f 468/514/2649 1906/516/2650 1831/1148/2651
f 700/1150/2652 1648/2052/2653 2141/1151/2654
f 573/317/2655 1727/1708/2655 2143/1153/2656
f 124/262/2657 104/1636/2657 103/1155/2657
f 365/1156/2658 1709/1492/2659 1670/1157/2660
f 127/399/2661 203/401/2661 682/698/2661
f 1186/1701/2662 673/147/2662 226/153/2662
f 247/1161/2663 430/931/2663 514/932/2663
f 295/1164/2664 470/291/2664 474/1162/2664
f 314/1165/2665 1661/2053/2666 1135/1166/2667
f 361/828/2668 515/725/2668 429/907/2668
f 704/1168/2669 2057/2054/2670 1985/1169/2671
f 280/1171/2672 2079/2055/2673 2145/1172/2674
f 471/1844/2675 1137/1175/2675 106/1174/2675
f 681/1177/1022 1758/2056/2676 1673/1178/1023
f 325/1180/2677 1696/1372/2678 1675/1181/2679
f 773/1183/2680 257/1401/2680 275/328/2680
f 273/1184/2681 1128/2057/2682 976/1185/2683
f 144/1124/2684 1641/870/2684 437/460/2684
f 445/831/2685 946/830/2686 1677/1188/2687
f 945/824/2688 349/1190/2689 507/822/2690
f 763/1192/2691 750/294/2691 408/1193/2691
f 732/1194/2692 1045/2058/2693 1678/1195/2694
f 408/1193/2695 101/498/2695 511/500/2695
f 329/801/2696 1038/2059/2697 977/1198/2698
f 120/1200/2699 1350/1617/2700 444/2060/2701
f 721/547/2702 281/560/2702 401/1202/2702
f 275/328/2703 257/1401/2703 458/542/2703
f 193/1129/2704 1207/2061/2705 979/1204/2706
f 318/1206/2707 1270/740/2708 435/557/2709
f 592/1208/2710 698/180/2710 717/571/2710
f 302/734/2711 464/723/2711 515/725/2711
f 677/1209/2712 1674/2062/2713 1832/1210/2714
f 638/546/2715 783/545/2715 768/1212/2715
f 288/960/2716 461/691/2716 460/693/2716
f 168/1214/2717 2230/2063/2718 2150/1215/2719
f 509/407/2720 907/409/2721 1138/1217/2722
f 128/1219/2723 1456/660/2724 436/738/2725
f 744/1220/2726 500/1742/2726 362/1221/2726
f 148/1223/2727 1172/1620/2728 443/1224/2729
f 122/1207/2730 1252/559/2731 440/702/2732
f 641/1225/2733 2231/2064/2734 1834/1226/2735
f 99/1228/1072 1336/2065/2736 1317/1229/1073
f 298/1231/2737 173/1654/2737 667/446/2737
f 128/1219/2738 129/1019/2738 439/492/2738
f 183/1232/2739 1393/2066/2740 791/2067/2741
f 232/1235/2742 1554/2068/2743 2152/1236/2744
f 332/1187/2745 437/460/2745 466/459/2745
f 496/1239/2746 1385/1952/2747 1139/1240/2748
f 274/326/2749 275/328/2749 453/1203/2749
f 348/157/2750 401/1202/2751 483/562/2750
f 104/1245/2752 1079/260/2752 516/1058/2752
f 520/687/2753 1394/2069/2754 981/1246/2755
f 405/911/2756 1752/1946/2757 1683/1248/2758
f 378/1250/2759 1142/2070/2760 1143/1251/2761
f 139/1253/2762 1394/2069/2763 1319/1254/2764
f 406/1256/2765 1757/2071/2766 1837/1257/2767
f 290/1259/2768 1162/2072/2769 1145/1260/2770
f 661/992/2771 525/991/2771 186/1028/2771
f 522/800/2772 1199/2073/2773 1147/1263/2774
f 530/746/2775 317/486/2775 671/488/2775
f 534/417/2776 983/1265/2777 656/418/2778
f 662/1266/1120 552/1339/2779 735/237/1121
f 385/794/2780 666/793/2780 512/2074/2780
f 426/1271/2781 664/861/2782 385/794/2782
f 546/927/2783 661/2075/2783 298/1272/2783
f 525/991/2784 526/2017/2785 428/1274/2785
f 182/502/2786 663/487/2786 181/620/2786
f 426/1275/2787 985/2076/2788 1494/1276/2789
f 670/1262/2790 173/1654/2790 298/1231/2790
f 986/1291/2791 513/1278/2792 529/971/2793
f 645/1280/2794 1046/2077/2795 1994/1281/2796
f 652/1282/2797 1208/2078/2798 1996/1283/2799
f 655/1285/2800 1047/2079/2801 1686/1286/2802
f 533/1288/2803 1551/2080/2804 1689/1289/2805
f 534/417/2806 1320/1287/2807 651/2081/2808
f 431/1293/2809 143/1300/2809 572/366/2809
f 312/795/2810 462/1360/2810 450/429/2810
f 160/1294/2811 2221/2082/2812 2155/1295/2813
f 279/1297/2814 2091/2083/2815 1999/1298/2816
f 468/1302/1164 142/536/2817 143/1300/1162
f 826/1303/2818 1371/2084/2819 1322/1304/2818
f 610/386/2820 338/380/2820 747/382/2820
f 713/1105/2821 110/1341/2821 109/354/2821
f 675/252/1168 596/2085/2822 324/1073/1169
f 810/1306/2823 1369/2086/2823 1496/1307/2823
f 537/1309/1172 1556/2087/2824 484/1310/1173
f 799/1312/2825 574/1033/2825 575/1035/2825
f 484/1315/2826 1556/2088/2827 1497/1316/2828
f 682/698/2829 203/401/2829 546/927/2829
f 68/430/2830 1432/432/2831 1498/1318/2832
f 711/1319/2833 1588/2089/2833 2156/1320/2834
f 687/367/2835 143/1300/2835 142/536/2835
f 415/1322/2836 2004/2090/2837 2003/1323/2838
f 370/697/2839 545/1344/2839 544/1565/2839
f 192/1327/2840 2229/2091/2840 2159/1328/2840
f 807/1330/2841 568/1538/2841 570/451/2841
f 732/1194/2842 1978/2092/2843 1500/1333/2844
f 393/1335/1196 1039/2093/2845 992/1336/1197
f 804/648/2846 566/1104/2846 712/1106/2846
f 552/1339/2847 94/1476/2847 731/208/2847
f 566/1104/2848 1869/2094/2848 494/1340/2848
f 469/1343/2849 94/1476/2849 552/1339/2849
f 545/1344/2850 370/697/2850 682/698/2850
f 744/1345/2851 1373/2095/2851 2160/1346/2852
f 806/1348/2853 1150/2096/2853 2005/1349/2853
f 558/1351/2854 138/1136/2854 753/381/2854
f 383/1352/2855 935/2097/2856 2008/1353/2855
f 130/1355/2857 674/1580/2857 801/240/2857
f 149/1356/2858 1755/2098/2859 1695/1357/2860
f 558/1351/1218 1209/2099/2861 498/1359/1219
f 559/394/2862 564/1605/2862 462/1360/2862
f 802/1361/2863 1366/2100/2863 994/1362/2863
f 463/1364/2864 2048/2101/2865 2009/1365/2866
f 71/428/2867 770/994/2867 776/1367/2867
f 289/1368/2868 901/2102/2869 995/1369/2870
f 325/1180/2871 462/711/2871 564/1371/2871
f 162/1373/1234 1207/2061/2872 1152/1374/1235
f 193/1129/1050 978/1205/1052 997/1376/1237
f 635/1378/2873 1160/2103/2874 1154/1379/2875
f 594/1382/2876 590/1506/1406 413/413/2877
f 728/158/2878 348/157/2878 212/638/2878
f 263/236/2879 540/473/2879 708/1383/2879
f 319/181/2880 592/1208/2880 593/1509/2880
f 134/314/2881 83/316/2881 680/656/2881
f 280/1171/2882 1490/1173/2883 2164/1387/2884
f 324/1073/1254 596/2085/2885 600/1469/2886
f 617/253/2887 598/657/2887 599/872/2887
f 599/1393/2888 1636/2104/2889 2012/1394/2890
f 595/183/1263 1224/185/2891 1325/1396/1264
f 117/1398/1266 1747/2105/2892 1701/1399/1267
f 767/1400/2893 358/543/2893 257/1401/2893
f 393/1335/2894 1045/2058/2895 999/1402/2896
f 623/1404/2897 1000/1410/2898 2015/1405/2899
f 1037/2106/2900 602/216/1370 473/564/2901
f 604/1407/2902 606/1481/2902 474/1408/2902
f 623/1404/2903 1759/2107/2904 1702/1409/2905
f 474/1162/1008 1506/1412/2906 308/1411/2907
f 740/217/2908 620/640/2908 604/1407/2908
f 188/1414/2909 1640/2108/2910 1508/1415/2911
f 156/303/2912 555/211/2912 756/245/2912
f 613/1417/2913 1241/2109/2914 1704/1418/2915
f 502/1420/2916 1841/2110/2917 1840/1421/2918
f 210/435/1295 1434/434/2919 1156/1423/1296
f 188/1414/2920 1542/1893/2921 1509/1424/2922
f 608/495/360 1203/2111/2923 506/1425/2924
f 338/380/2925 610/386/2925 612/388/2925
f 597/1428/2926 1758/2056/2927 1706/1429/2928
f 765/1431/2929 2230/2063/2929 168/1214/2929
f 783/545/1309 1049/2112/2930 209/1433/1310
f 1989/1216/2931 769/327/2932 168/1214/2933
f 768/1212/2934 1550/1984/2935 116/856/2936
f 232/1235/2937 1380/1863/2938 2170/1434/2939
f 773/1183/2940 1312/1139/2941 166/1436/2942
f 639/1437/1318 1446/2113/2943 2017/1438/1319
f 769/327/2944 1314/1142/2944 107/1137/2944
f 775/1440/2945 1558/2114/2946 2171/1441/2947
f 770/994/2948 1413/2115/2949 300/2116/2950
f 560/1443/2951 1423/2117/2952 2173/1444/2953
f 708/1383/2954 537/1309/2954 414/1311/2954
f 371/371/1333 750/294/2955 763/1192/1331
f 778/1447/1334 1332/2118/2956 1511/1448/1335
f 779/1450/2957 1512/2119/2957 1842/1451/2957
f 774/1453/2958 1557/2120/2959 1331/1454/2958
f 1865/2121/2960 765/837/2960 238/1457/2960
f 776/1367/2961 1510/1442/2962 1157/1458/2963
f 255/1460/2964 1789/2122/2965 2018/1461/2966
f 117/1398/2967 1700/2123/2968 1707/1462/2969
f 618/1464/2970 2166/2124/2971 1514/1465/2972
f 420/1468/2973 127/399/2973 617/253/2973
f 596/2085/2974 2176/1470/2975 600/1469/2976
f 614/873/2977 596/2085/2977 675/252/2977
f 595/183/2978 1326/2125/2979 1334/1472/2980
f 730/1474/1362 1048/2126/2981 2019/1475/1363
f 94/1476/2982 404/479/2982 725/209/2982
f 729/741/2983 212/638/2983 620/640/2983
f 478/1477/1367 1867/2127/2984 1844/1478/1368
f 621/916/2985 624/915/2985 602/216/2985
f 620/640/2986 622/639/2986 606/1481/2986
f 741/596/447 1254/598/449 1002/1482/2987
f 622/264/2988 1845/1485/2989 606/1484/2990
f 164/608/2991 1454/610/2992 1516/1487/2993
f 626/840/2994 282/716/2994 751/717/2994
f 282/716/2995 626/840/657 629/842/659
f 365/1156/1387 1613/2128/2996 1710/1491/1388
f 505/1493/1390 1004/2129/2997 1005/1494/1391
f 208/1496/2998 2178/2130/2999 2180/1497/3000
f 628/438/1396 1435/437/3001 2020/1499/1397
f 319/181/3002 263/236/3002 705/1384/3002
f 390/1500/3003 1863/2131/3004 1847/1501/3005
f 591/1503/3006 2010/2132/3007 2022/1504/3008
f 634/778/3009 636/780/3009 590/1506/3009
f 592/1208/3010 632/348/3010 633/347/3010
f 179/276/3011 1340/2133/3012 1339/1510/3013
f 767/1400/3014 1868/2134/3015 640/1512/3016
f 209/1433/3017 1049/2112/3018 1008/1513/3019
f 201/1515/3020 975/2135/3021 1010/1516/3022
f 638/546/3023 642/1126/3023 456/544/3023
f 642/1924/3024 2181/1519/3025 456/1518/3026
f 452/1521/3027 1518/2136/3028 1521/1522/3029
f 339/491/3030 1280/2137/3031 1341/1523/3032
f 512/1524/3033 2184/2138/3034 1522/1525/3035
f 648/1527/3036 1205/1973/3037 1524/1528/3038
f 115/726/3039 333/581/434 276/580/433
f 704/1168/3040 2144/1170/3041 1342/1530/3042
f 703/570/3043 717/571/3043 636/780/3043
f 707/1532/3044 2140/2139/3045 1713/1533/3046
f 717/571/3047 698/180/3047 590/1506/3047
f 82/1535/3048 1167/2140/3048 1165/1536/3048
f 807/1330/3049 809/1338/3049 712/1106/3049
f 111/1539/3050 2059/2141/3050 2026/1540/3050
f 331/708/3051 1396/2142/3052 1343/1542/3053
f 194/449/3054 713/1105/3054 714/356/3054
f 715/1544/3055 1094/2143/3056 1011/1545/3057
f 714/356/3058 702/355/3058 84/213/3058
f 568/1538/3059 712/1106/3059 713/1105/3059
f 701/297/3060 1586/299/3061 1344/1547/3062
f 810/1306/3063 1838/1308/3063 2029/1549/3063
f 706/1551/1463 1153/2144/3064 1168/1552/1464
f 413/413/3065 699/182/3065 705/1384/3065
f 635/1378/1467 1395/2145/3066 1345/1554/1468
f 84/213/3067 702/355/3067 703/570/3067
f 700/1150/3068 1489/1152/3069 2031/1555/3070
f 590/1506/3071 698/180/3071 699/182/3071
f 696/1559/3072 697/1566/3072 368/1557/3072
f 686/1273/1476 298/1272/3073 664/1560/1477
f 426/1561/3074 1148/2146/3075 1170/1562/3076
f 545/1344/3077 664/1560/3077 426/2147/3077
f 1861/2148/3078 330/646/3078 696/1559/3078
f 685/1567/3079 1974/2149/3080 1171/1568/3081
f 427/1569/3082 661/2075/3082 546/927/3082
f 542/288/3083 1849/2150/3084 1346/1570/3085
f 185/360/3086 719/362/3086 818/1018/3086
f 204/1572/3087 708/1383/3087 540/473/3087
f 512/1574/1495 2186/2151/3088 2185/1575/1496
f 666/1573/3089 540/473/3089 538/475/3089
f 673/1579/1501 417/257/3090 155/256/1502
f 734/1114/3091 1679/2152/3092 2187/1581/3093
f 1559/2153/3094 552/1339/3095 428/1583/3096
f 549/1584/3097 1692/2154/3098 1525/1585/3099
f 547/293/3100 1392/2047/3101 2034/1587/3102
f 133/1267/3103 735/237/3103 548/221/3103
f 479/1590/3104 550/1865/3104 547/293/3104
f 660/1589/1518 548/221/3105 550/220/1519
f 762/402/3106 904/2155/3107 1348/1593/3108
f 556/1595/3109 558/1351/3109 659/244/3109
f 993/2156/3110 513/1597/3111 553/1599/3112
f 223/1600/3113 1962/2157/3114 1349/1601/3115
f 146/956/3116 98/532/3116 97/641/3116
f 460/1603/3117 1382/1871/3118 561/320/3119
f 354/1604/3120 460/2158/3120 564/1605/3120
f 148/1606/3121 120/1610/3121 157/572/3121
f 411/1607/3122 251/1071/3123 250/1608/3122
f 158/1609/3124 157/572/3124 120/1610/3124
f 158/1609/3125 119/1611/3125 323/1072/3125
f 537/1309/3126 708/1383/3126 204/1572/3126
f 446/1613/3127 1553/2159/3128 1851/1614/3129
f 443/1224/3130 1352/2160/3131 1351/1616/3132
f 442/1618/3133 1177/2161/3134 1173/1619/3135
f 446/1613/3136 1850/1615/3137 1852/1621/3138
f 539/1623/3139 537/1309/3139 250/1612/3139
f 784/1624/3140 2190/2162/3141 1353/1625/3142
f 244/1627/3143 1486/2163/3144 1529/1628/3145
f 183/955/3146 792/530/3146 98/532/3146
f 563/1630/1562 1356/2164/3147 1354/1631/1563
f 560/1443/3148 1358/2165/3149 2191/1633/3150
f 777/1634/3151 896/2166/3152 1357/1635/3153
f 254/243/3154 121/242/3154 104/1636/3154
f 507/1637/3155 1360/2167/3156 1359/1638/3157
f 398/212/3158 555/211/3158 557/722/3158
f 130/1355/1577 418/1699/3159 673/1579/1578
f 249/1643/3160 742/233/3160 743/296/3160
f 274/326/3161 448/1242/3161 765/1431/3161
f 1176/1647/3162 148/1223/3163 785/1644/3164
f 785/1644/3165 1560/2168/3166 1015/1646/3167
f 794/1234/3168 1992/1233/3169 1361/1648/3170
f 1355/2169/3171 793/393/3172 562/1651/3173
f 793/954/1594 146/956/3174 288/960/1595
f 1016/2170/3175 792/1645/3176 794/1234/3177
f 344/1652/3178 1415/2171/3179 2193/1653/3180
f 411/1607/3181 668/447/3181 665/521/3181
f 276/580/3182 665/521/3182 667/446/3182
f 276/580/3183 173/1654/3183 670/1262/3183
f 187/1022/3184 72/727/3184 658/1529/3184
f 72/727/3185 187/1022/3185 671/488/3185
f 181/620/3186 663/487/3186 672/784/3186
f 669/229/3187 658/1529/1605 670/1262/1604
f 285/476/3188 1751/1944/3189 1720/1655/3190
f 261/1657/3191 1019/1661/3192 1721/1658/3193
f 261/1657/3194 1616/2172/3195 1723/1660/3196
f 284/1662/1619 1178/1666/3197 1530/1663/1620
f 284/1662/3198 1548/1967/3199 1532/1665/3200
f 96/599/3201 2215/2173/3202 2195/1667/3203
f 646/1669/3204 1870/2174/3205 1724/1670/3206
f 402/534/3207 382/836/3207 387/829/3207
f 97/641/3208 379/535/3208 402/534/3208
f 387/829/3209 361/828/3209 287/962/3209
f 2/42/3210 1180/2175/3210 1179/1671/3211
f 48/30/3212 2197/2176/3212 2196/1672/3212
f 62/22/3213 1854/2177/3213 1853/1673/3213
f 50/19/3214 1182/2178/3215 1181/1674/3216
f 51/39/3217 1364/2179/3217 1363/1675/3217
f 47/1676/3218 2060/2180/3218 2037/1677/3218
f 466/459/3219 2060/2180/3219 47/1676/3219
f 240/1238/3220 466/459/3220 60/143/3220
f 396/269/3221 240/268/3221 59/12/3221
f 93/1002/3222 396/269/3222 58/11/3222
f 403/988/3223 93/1002/3223 57/29/3223
f 69/989/3224 403/988/3224 56/46/3224
f 219/151/3225 69/989/3225 52/15/3225
f 264/882/3226 219/151/1647 63/14/1649
f 55/3/3227 286/883/3227 264/882/3227
f 54/50/3228 514/932/3229 286/883/3228
f 248/1679/3230 514/932/3230 54/50/3230
f 294/1680/3231 2124/2181/3232 2199/1681/3233
f 521/1683/3234 1797/2182/3235 1022/1684/3236
f 140/1686/3237 1493/2183/3238 1726/1687/3239
f 357/1689/3240 1468/2184/3241 1184/1690/3242
f 381/1692/3243 1659/2185/3244 1024/1693/3245
f 691/1695/3246 1295/2186/3246 1365/1696/3246
f 574/1033/3247 799/1312/3247 801/240/3247
f 130/1355/3248 799/1312/3248 798/1314/3248
f 226/153/3249 1067/155/3250 1187/1700/3250
f 571/1702/3251 1321/2187/3251 1368/1703/3251
f 576/1706/3252 572/366/3252 796/238/3252
f 155/256/3253 796/238/3253 801/240/3253
f 573/317/3254 1750/1935/3254 1728/1707/3254
f 709/1709/3255 1730/1717/3255 1729/1710/3255
f 368/1557/3256 697/1566/3257 809/1338/3256
f 806/1348/3258 1839/1350/3259 2039/1712/3260
f 330/646/3261 804/648/3261 809/1338/3261
f 368/1557/3262 807/1330/3262 806/1332/3262
f 709/1709/3263 1591/2188/3263 1731/1716/3263
f 804/648/3264 1050/2189/3264 569/1718/3264
f 565/1719/3265 1691/2190/3265 1733/1720/3265
f 811/787/3266 818/1018/3266 720/548/3266
f 815/1125/3267 814/1017/3267 328/1111/3267
f 137/1723/3268 1051/2191/3268 1025/1724/3268
f 328/1111/3269 814/1017/3269 818/1018/3269
f 816/876/3270 1471/878/3270 1026/1726/3270
f 185/360/3271 811/787/3271 816/789/3271
f 581/1966/3272 1029/1731/3272 577/1730/3272
f 738/1733/3273 939/2192/3273 1188/1734/3273
f 760/1736/1695 2051/2193/3274 2202/1737/1696
f 200/1739/3275 2233/2194/3275 2203/1740/3275
f 1190/2195/3276 825/336/3277 586/442/3278
f 823/623/3279 820/335/3279 362/1221/3279
f 824/527/3280 1612/529/3280 2204/1743/3281
f 587/1890/3282 2041/1746/3282 583/1745/3282
f 362/1221/3283 820/335/3283 825/336/3283
f 588/1748/3284 1545/2196/3284 1533/1749/3284
f 825/336/3285 822/2197/3286 827/524/3286
f 745/1222/1709 827/524/3287 299/2198/3288
f 851/1752/1712 829/1797/1757 828/1753/1713
f 853/1755/1715 831/1796/1755 830/1756/1716
f 855/1758/1718 833/1804/3289 832/1759/1719
f 856/1761/1721 857/1800/1760 835/1762/1722
f 859/1766/1726 1735/1774/1734 1534/1764/1724
f 860/1769/1729 861/1790/1749 839/1767/1727
f 863/1770/1730 1031/2199/3290 2206/1771/1731
f 859/1766/1726 1376/1806/1775 1191/1773/1733
f 865/1775/3291 1032/1807/3291 1535/1776/3292
f 868/1778/1738 1859/2200/3293 1736/1779/1739
f 869/1781/1741 1739/1809/3294 2208/1782/1742
f 862/1784/1744 2207/2201/3295 1858/1785/1745
f 870/1787/3296 1377/1810/3296 1738/1788/3297
f 861/1790/1749 856/1761/1721 834/1763/1723
f 866/1791/1750 1194/1811/3298 2043/1792/1751
f 865/1775/1735 1374/1777/1737 1192/1794/1753
f 854/1760/1720 832/1759/1719 831/1796/1755
f 851/1752/1712 852/1757/1787 830/1756/1756
f 860/1769/1729 1855/1768/1728 1030/1798/1758
f 857/1800/1760 871/1802/1762 849/1801/1761
f 871/1802/1789 850/1754/1714 828/1753/1713
f 855/1758/1764 858/1765/1725 836/1803/1765
f 1030/1798/1758 1768/2202/3299 841/2203/3300
f 1030/1798/1758 1855/1768/1728 1768/2202/3299
f 1855/1768/1728 838/2204/3301 1768/2202/3299
f 1192/1794/1753 1064/2205/3302 842/2206/3303
f 1192/1794/1753 1374/1777/1737 1064/2205/3302
f 1374/1777/1737 843/2207/3304 1064/2205/3302
f 2043/1792/1751 2042/1783/3305 847/2208/3306
f 2043/1792/1751 1194/1811/3298 2042/1783/3305
f 1194/1811/3298 869/1781/3307 2042/1783/3305
f 1738/1788/3297 1737/2209/3308 845/2210/3309
f 1738/1788/3297 1377/1810/3296 1737/2209/3308
f 1377/1810/3296 867/1808/3310 1737/2209/3308
f 1858/1785/1745 2069/2211/3311 846/2212/3312
f 1858/1785/1745 2207/2201/3295 2069/2211/3311
f 2207/2201/3295 840/2213/3313 2069/2211/3311
f 2208/1782/1742 2209/1789/3294 848/2214/3314
f 2208/1782/1742 1739/1809/3294 2209/1789/3294
f 1739/1809/3294 870/1787/3294 2209/1789/3294
f 1736/1779/1739 1579/2215/3315 845/2210/3309
f 1736/1779/1739 1859/2200/3293 1579/2215/3315
f 1859/2200/3293 846/2212/3312 1579/2215/3315
f 1535/1776/3292 1536/1793/1752 844/2216/3316
f 1535/1776/3292 1032/1807/3291 1536/1793/1752
f 1032/1807/3291 866/1791/1750 1536/1793/1752
f 1191/1773/1733 1193/2217/3317 842/2206/3303
f 1191/1773/1733 1376/1806/1775 1193/2217/3317
f 1376/1806/1775 864/1812/1785 1193/2217/3317
f 2206/1771/1731 2070/2218/3318 840/2213/3313
f 2206/1771/1731 1031/2199/3290 2070/2218/3318
f 1031/2199/3290 841/2203/3319 2070/2218/3318
f 1534/1764/1724 1405/2219/3320 836/1803/1765
f 1534/1764/1724 1735/1774/1734 1405/2219/3320
f 1735/1774/1734 837/2220/3321 1405/2219/3320
f 1533/1749/3284 1785/525/3284 822/2197/3284
f 1533/1749/3284 1545/2196/3284 1785/525/3284
f 1545/2196/3284 824/526/3284 1785/525/3284
f 2204/1743/3281 2233/2194/3281 200/1739/3281
f 2204/1743/3281 1612/529/3280 2233/2194/3281
f 1612/529/3280 821/694/3281 2233/2194/3281
f 2203/1740/3275 1625/696/3275 826/1303/3275
f 2203/1740/3275 2233/2194/3275 1625/696/3275
f 2233/2194/3275 821/694/3275 1625/696/3275
f 2202/1737/1696 2040/1747/3322 819/2221/3323
f 2202/1737/1696 2051/2193/3274 2040/1747/3322
f 2051/2193/3274 583/1745/3324 2040/1747/3322
f 1188/1734/3273 1028/1732/3273 813/2222/3325
f 1188/1734/3273 939/2192/3273 1028/1732/3273
f 939/2192/3273 577/1730/3273 1028/1732/3273
f 1026/1726/3270 1051/2191/3270 137/1723/3270
f 1026/1726/3270 1471/878/3270 1051/2191/3270
f 1471/878/3270 812/1117/3270 1051/2191/3270
f 1025/1724/3268 1488/1119/3268 817/159/3268
f 1025/1724/3268 1051/2191/3268 1488/1119/3268
f 1051/2191/3268 812/1117/3268 1488/1119/3268
f 1733/1720/3265 1050/2223/3265 805/2224/3265
f 1733/1720/3265 1691/2190/3265 1050/2223/3265
f 1691/2190/3265 569/2225/3265 1050/2223/3265
f 1731/1716/3263 1732/1721/3263 803/198/3263
f 1731/1716/3263 1591/2188/3263 1732/1721/3263
f 1591/2188/3263 565/1719/3263 1732/1721/3263
f 2039/1712/3260 2030/2226/3326 111/1539/3327
f 2039/1712/3260 1839/1350/3259 2030/2226/3326
f 1839/1350/3259 808/2227/3327 2030/2226/3326
f 1729/1710/3255 2183/1550/3255 808/2227/3255
f 1729/1710/3255 1730/1717/3255 2183/1550/3255
f 1730/1717/3255 810/1306/3255 2183/1550/3255
f 1728/1707/3254 1770/2228/3254 798/2229/3254
f 1728/1707/3254 1750/1935/3254 1770/2228/3254
f 1750/1935/3254 800/635/3254 1770/2228/3254
f 1368/1703/3251 2200/2230/3251 797/343/3251
f 1368/1703/3251 1321/2187/3251 2200/2230/3251
f 1321/2187/3251 576/2231/3251 2200/2230/3251
f 1187/1700/3250 2099/637/3250 802/1361/3250
f 1187/1700/3250 1067/155/3250 2099/637/3250
f 1067/155/3250 800/635/3250 2099/637/3250
f 1365/1696/3246 1367/1704/3246 795/2232/3246
f 1365/1696/3246 1295/2186/3246 1367/1704/3246
f 1295/2186/3246 571/1702/3246 1367/1704/3246
f 1024/1693/3245 1023/1691/3328 65/2233/3329
f 1024/1693/3245 1659/2185/3244 1023/1691/3328
f 1659/2185/3244 357/1689/3330 1023/1691/3328
f 1184/1690/3242 1183/1688/3331 66/2234/3332
f 1184/1690/3242 1468/2184/3241 1183/1688/3331
f 1468/2184/3241 140/1686/3333 1183/1688/3331
f 1726/1687/3239 1725/1685/3334 53/2235/3335
f 1726/1687/3239 1493/2183/3238 1725/1685/3334
f 1493/2183/3238 521/1683/3336 1725/1685/3334
f 1022/1684/3236 1021/1682/3337 49/2236/3338
f 1022/1684/3236 1797/2182/3235 1021/1682/3337
f 1797/2182/3235 294/1680/3339 1021/1682/3337
f 2199/1681/3233 2198/2237/3340 64/2238/3341
f 2199/1681/3233 2124/2181/3232 2198/2237/3340
f 2124/2181/3232 248/2239/3342 2198/2237/3340
f 2037/1677/3218 1866/2240/3218 296/2241/3218
f 2037/1677/3218 2060/2180/3218 1866/2240/3218
f 2060/2180/3218 278/2242/3218 1866/2240/3218
f 1363/1675/3217 2227/2243/3217 297/2244/3217
f 1363/1675/3217 1364/2179/3217 2227/2243/3217
f 1364/2179/3217 296/2241/3217 2227/2243/3217
f 1181/1674/3216 1043/2245/3343 304/2246/3214
f 1181/1674/3216 1182/2178/3215 1043/2245/3343
f 1182/2178/3215 297/2244/3214 1043/2245/3343
f 1853/1673/3213 2226/2247/3213 305/2248/3213
f 1853/1673/3213 1854/2177/3213 2226/2247/3213
f 1854/2177/3213 304/2246/3213 2226/2247/3213
f 2196/1672/3212 1041/2249/3212 359/2250/3212
f 2196/1672/3212 2197/2176/3212 1041/2249/3212
f 2197/2176/3212 305/2248/3212 1041/2249/3212
f 1179/1671/3211 1960/2251/3344 381/1692/3345
f 1179/1671/3211 1180/2175/3210 1960/2251/3344
f 1180/2175/3210 359/2250/3346 1960/2251/3344
f 1724/1670/3206 1722/2252/3347 645/1280/3348
f 1724/1670/3206 1870/2174/3205 1722/2252/3347
f 1870/2174/3205 647/682/3349 1722/2252/3347
f 2195/1667/3203 1047/2079/3350 655/1285/3351
f 2195/1667/3203 2215/2173/3202 1047/2079/3350
f 2215/2173/3202 225/2253/3352 1047/2079/3350
f 1532/1665/3200 2218/1891/3353 656/418/3354
f 1532/1665/3200 1548/1967/3199 2218/1891/3353
f 1548/1967/3199 657/772/3355 2218/1891/3353
f 1530/1663/1620 1208/2078/3356 652/1282/3357
f 1530/1663/1620 1178/1666/3197 1208/2078/3356
f 1178/1666/3197 154/2254/3358 1208/2078/3356
f 1723/1660/3196 1749/1899/3359 653/443/3360
f 1723/1660/3196 1616/2172/3195 1749/1899/3359
f 1616/2172/3195 654/2255/3361 1749/1899/3359
f 1721/1658/3193 1046/2077/3362 645/1280/3363
f 1721/1658/3193 1019/1661/3192 1046/2077/3362
f 1019/1661/3192 177/2256/3364 1046/2077/3362
f 1720/1655/3190 1870/2174/3365 646/1669/3366
f 1720/1655/3190 1751/1944/3189 1870/2174/3365
f 1751/1944/3189 647/682/3367 1870/2174/3365
f 2193/1653/3180 1560/2168/3368 785/1644/3369
f 2193/1653/3180 1415/2171/3179 1560/2168/3368
f 1415/2171/3179 260/2257/3370 1560/2168/3368
f 1361/1648/3170 1397/2258/3371 147/2259/3372
f 1361/1648/3170 1992/1233/3169 1397/2258/3371
f 1992/1233/3169 791/2067/3373 1397/2258/3371
f 1015/1646/3167 1552/2260/3374 787/2261/3375
f 1015/1646/3167 1560/2168/3166 1552/2260/3374
f 1560/2168/3166 260/2257/3376 1552/2260/3374
f 1359/1638/3157 1093/675/3377 554/189/3378
f 1359/1638/3157 1360/2167/3156 1093/675/3377
f 1360/2167/3156 557/673/3379 1093/675/3377
f 1357/1635/3153 1323/2262/3380 147/2263/3381
f 1357/1635/3153 896/2166/3152 1323/2262/3380
f 896/2166/3152 289/2264/3382 1323/2262/3380
f 2191/1633/3150 1397/2265/3371 791/2266/3373
f 2191/1633/3150 1358/2165/3149 1397/2265/3371
f 1358/2165/3149 147/2263/3372 1397/2265/3371
f 1354/1631/1563 1393/2267/3383 459/2268/3384
f 1354/1631/1563 1356/2164/3147 1393/2267/3383
f 1356/2164/3147 791/2269/3385 1393/2267/3383
f 1529/1628/3145 2182/1546/1456 536/2270/3386
f 1529/1628/3145 1486/2163/3144 2182/1546/1456
f 1486/2163/3144 715/1544/1454 2182/1546/1456
f 1353/1625/3142 2232/2271/3387 539/2272/3388
f 1353/1625/3142 2190/2162/3141 2232/2271/3387
f 2190/2162/3141 536/2270/3389 2232/2271/3387
f 1852/1621/3138 1087/2273/3390 786/2274/3391
f 1852/1621/3138 1850/1615/3137 1087/2273/3390
f 1850/1615/3137 790/2275/3392 1087/2273/3390
f 1173/1619/3135 1390/2276/3393 788/470/3394
f 1173/1619/3135 1177/2161/3134 1390/2276/3393
f 1177/2161/3134 787/2261/3395 1390/2276/3393
f 1351/1616/3132 1444/472/3396 789/2277/3397
f 1351/1616/3132 1352/2160/3131 1444/472/3396
f 1352/2160/3131 788/470/3398 1444/472/3396
f 1851/1614/3129 1527/2278/3399 789/2277/3400
f 1851/1614/3129 1553/2159/3128 1527/2278/3399
f 1553/2159/3128 444/2060/3401 1527/2278/3399
f 1349/1601/3115 1291/953/3402 211/626/3403
f 1349/1601/3115 1962/2157/3114 1291/953/3402
f 1962/2157/3114 376/951/3404 1291/953/3402
f 1348/1593/3108 1013/1598/3405 651/2279/3406
f 1348/1593/3108 904/2155/3107 1013/1598/3405
f 904/2155/3107 553/1599/3407 1013/1598/3405
f 2034/1587/3102 2033/1582/3408 407/2280/3409
f 2034/1587/3102 1392/2047/3101 2033/1582/3408
f 1392/2047/3101 734/1114/3410 2033/1582/3408
f 1525/1585/3099 1559/2281/3411 428/2282/3412
f 1525/1585/3099 1692/2154/3098 1559/2281/3411
f 1692/2154/3098 551/2283/3413 1559/2281/3411
f 2187/1581/3093 1715/1586/3414 648/2284/3415
f 2187/1581/3093 1679/2152/3092 1715/1586/3414
f 1679/2152/3092 549/1584/3416 1715/1586/3414
f 2185/1575/1496 1968/1049/3417 535/684/3418
f 2185/1575/1496 2186/2151/3088 1968/1049/3417
f 2186/2151/3088 538/1047/3419 1968/1049/3417
f 1346/1570/3085 1383/2285/3420 427/2286/3421
f 1346/1570/3085 1849/2150/3084 1383/2285/3420
f 1849/2150/3084 650/2287/3422 1383/2285/3420
f 1171/1568/3081 1952/2288/789 650/2287/3423
f 1171/1568/3081 1974/2149/3080 1952/2288/789
f 1974/2149/3080 399/2289/787 1952/2288/789
f 1170/1562/3076 1756/2044/3424 541/810/3425
f 1170/1562/3076 1148/2146/3075 1756/2044/3424
f 1148/2146/3075 644/2290/3426 1756/2044/3424
f 2031/1555/3070 2028/1548/3427 327/2291/3428
f 2031/1555/3070 1489/1152/3069 2028/1548/3427
f 1489/1152/3069 701/297/3429 2028/1548/3427
f 1345/1554/1468 1476/930/3430 700/1150/3431
f 1345/1554/1468 1395/2145/3066 1476/930/3430
f 1395/2145/3066 718/928/3432 1476/930/3430
f 1168/1552/1464 1163/1534/3433 258/2292/3434
f 1168/1552/1464 1153/2144/3064 1163/1534/3433
f 1153/2144/3064 707/1532/3435 1163/1534/3433
f 2029/1549/3063 2059/2141/3063 111/1539/3063
f 2029/1549/3063 1838/1308/3063 2059/2141/3063
f 1838/1308/3063 710/2293/3063 2059/2141/3063
f 1344/1547/3062 1396/2142/3436 331/708/3437
f 1344/1547/3062 1586/299/3061 1396/2142/3436
f 1586/299/3061 711/1319/3438 1396/2142/3436
f 1011/1545/3057 1012/1553/3439 345/2294/3440
f 1011/1545/3057 1094/2143/3056 1012/1553/3439
f 1094/2143/3056 706/1551/3441 1012/1553/3439
f 1343/1542/3053 2002/1321/3442 716/300/3443
f 1343/1542/3053 1396/2142/3052 2002/1321/3442
f 1396/2142/3052 711/1319/3442 2002/1321/3442
f 2026/1540/3050 2076/2295/3050 696/2296/3050
f 2026/1540/3050 2059/2141/3050 2076/2295/3050
f 2059/2141/3050 710/2293/3050 2076/2295/3050
f 1165/1536/3048 1589/302/3048 709/1709/3048
f 1165/1536/3048 1167/2140/3048 1589/302/3048
f 1167/2140/3048 716/300/3048 1589/302/3048
f 1713/1533/3046 1712/1531/3444 589/844/3445
f 1713/1533/3046 2140/2139/3045 1712/1531/3444
f 2140/2139/3045 704/1168/3446 1712/1531/3444
f 1342/1530/3042 1395/2145/3447 635/1378/3448
f 1342/1530/3042 2144/1170/3041 1395/2145/3447
f 2144/1170/3041 718/928/3449 1395/2145/3447
f 1524/1528/3038 1146/1264/3450 532/2297/3451
f 1524/1528/3038 1205/1973/3037 1146/1264/3450
f 1205/1973/3037 522/800/3452 1146/1264/3450
f 1522/1525/3035 1555/2298/3453 316/2299/3454
f 1522/1525/3035 2184/2138/3034 1555/2298/3453
f 2184/2138/3034 643/2300/3455 1555/2298/3453
f 1341/1523/3032 1517/2301/3456 782/2302/3457
f 1341/1523/3032 1280/2137/3031 1517/2301/3456
f 1280/2137/3031 772/2303/3458 1517/2301/3456
f 1521/1522/3029 1902/485/3459 639/1437/3460
f 1521/1522/3029 1518/2136/3028 1902/485/3459
f 1518/2136/3028 641/483/3461 1902/485/3459
f 1010/1516/3022 1136/2304/3462 406/1256/3463
f 1010/1516/3022 975/2135/3021 1136/2304/3462
f 975/2135/3021 202/2305/3464 1136/2304/3462
f 1008/1513/3019 2231/2064/3465 641/1225/3466
f 1008/1513/3019 1049/2112/3018 2231/2064/3465
f 1049/2112/3018 640/1512/3467 2231/2064/3465
f 1339/1510/3013 2016/1439/3468 782/2302/3469
f 1339/1510/3013 1340/2133/3012 2016/1439/3468
f 1340/2133/3012 639/1437/3470 2016/1439/3468
f 2022/1504/3008 1006/2306/3471 633/2307/3472
f 2022/1504/3008 2010/2132/3007 1006/2306/3471
f 2010/2132/3007 593/2308/3473 1006/2306/3471
f 1847/1501/3005 1753/2309/3474 634/2310/3475
f 1847/1501/3005 1863/2131/3004 1753/2309/3474
f 1863/2131/3004 493/2311/3476 1753/2309/3474
f 2020/1499/1397 2058/2312/3477 503/2313/3478
f 2020/1499/1397 1435/437/3001 2058/2312/3477
f 1435/437/3001 630/1896/3479 2058/2312/3477
f 2180/1497/3000 1036/2314/3480 764/2315/3481
f 2180/1497/3000 2178/2130/2999 1036/2314/3480
f 2178/2130/2999 625/2316/3482 1036/2314/3480
f 1005/1494/1391 915/541/402 625/2316/3483
f 1005/1494/1391 1004/2129/2997 915/541/402
f 1004/2129/2997 629/539/400 915/541/402
f 1710/1491/1388 2058/2317/3484 630/670/510
f 1710/1491/1388 1613/2128/2996 2058/2317/3484
f 1613/2128/2996 503/2318/3485 2058/2317/3484
f 1516/1487/2993 1897/426/3486 752/2319/3487
f 1516/1487/2993 1454/610/2992 1897/426/3486
f 1454/610/2992 607/424/3488 1897/426/3486
f 1002/1482/2987 891/265/3489 73/1861/3490
f 1002/1482/2987 1254/598/449 891/265/3489
f 1254/598/449 619/266/3491 891/265/3489
f 1844/1478/1368 1759/2107/3492 623/1404/3493
f 1844/1478/1368 1867/2127/2984 1759/2107/3492
f 1867/2127/2984 621/2320/3494 1759/2107/3492
f 2019/1475/1363 1912/589/3495 375/2321/3496
f 2019/1475/1363 1048/2126/2981 1912/589/3495
f 1048/2126/2981 601/587/3497 1912/589/3495
f 1334/1472/2980 2175/2322/3498 615/421/3499
f 1334/1472/2980 1326/2125/2979 2175/2322/3498
f 1326/2125/2979 600/2323/3500 2175/2322/3498
f 1514/1465/2972 1546/1930/3501 252/605/3502
f 1514/1465/2972 2166/2124/2971 1546/1930/3501
f 2166/2124/2971 616/2324/3503 1546/1930/3501
f 1707/1462/2969 1681/1211/3504 678/705/3505
f 1707/1462/2969 1700/2123/2968 1681/1211/3504
f 1700/2123/2968 677/1209/3506 1681/1211/3504
f 2018/1461/2966 1810/892/3507 757/2325/3508
f 2018/1461/2966 1789/2122/2965 1810/892/3507
f 1789/2122/2965 70/890/3509 1810/892/3507
f 1157/1458/2963 1504/2326/3510 562/1651/3511
f 1157/1458/2963 1510/1442/2962 1504/2326/3510
f 1510/1442/2962 300/2116/3512 1504/2326/3510
f 1331/1454/2958 1246/463/3513 131/2327/2958
f 1331/1454/2958 1557/2120/2959 1246/463/3513
f 1557/2120/2959 380/461/3514 1246/463/3513
f 1842/1451/2957 1460/2328/2957 238/1457/2957
f 1842/1451/2957 1512/2119/2957 1460/2328/2957
f 1512/2119/2957 132/2329/2957 1460/2328/2957
f 1511/1448/1335 1389/2330/3515 132/2329/3516
f 1511/1448/1335 1332/2118/2956 1389/2330/3515
f 1332/2118/2956 131/2327/3515 1389/2330/3515
f 2173/1444/2953 1558/2114/3517 775/1440/3518
f 2173/1444/2953 1423/2117/2952 1558/2114/3517
f 1423/2117/2952 172/2331/3519 1558/2114/3517
f 2171/1441/2947 1554/2068/3520 232/1235/3521
f 2171/1441/2947 1558/2114/2946 1554/2068/3520
f 1558/2114/2946 172/2331/3522 1554/2068/3520
f 2017/1438/1319 1557/2120/3523 774/1453/3524
f 2017/1438/1319 1446/2113/2943 1557/2120/3523
f 1446/2113/2943 380/461/3525 1557/2120/3523
f 2170/1434/2939 1338/1511/3526 772/2303/3527
f 2170/1434/2939 1380/1863/2938 1338/1511/3526
f 1380/1863/2938 179/276/3528 1338/1511/3526
f 1706/1429/2928 884/2332/3529 694/2333/3530
f 1706/1429/2928 1758/2056/2927 884/2332/3529
f 1758/2056/2927 681/1177/3531 884/2332/3529
f 1509/1424/2922 1917/2334/3532 611/2335/3533
f 1509/1424/2922 1542/1893/2921 1917/2334/3532
f 1542/1893/2921 607/424/3534 1917/2334/3532
f 1156/1423/1296 1409/248/3535 779/1450/3536
f 1156/1423/1296 1434/434/2919 1409/248/3535
f 1434/434/2919 196/246/3537 1409/248/3535
f 1840/1421/2918 933/750/3538 609/511/3539
f 1840/1421/2918 1841/2110/2917 933/750/3538
f 1841/2110/2917 612/748/3540 933/750/3538
f 1704/1418/2915 1388/2016/3541 684/985/3542
f 1704/1418/2915 1241/2109/2914 1388/2016/3541
f 1241/2109/2914 291/2336/3543 1388/2016/3541
f 1508/1415/2911 1748/1886/3544 754/396/3545
f 1508/1415/2911 1640/2108/2910 1748/1886/3544
f 1640/2108/2910 149/1356/3546 1748/1886/3544
f 1702/1409/2905 1708/2337/3547 605/2338/3548
f 1702/1409/2905 1759/2107/2904 1708/2337/3547
f 1759/2107/2904 621/2320/3549 1708/2337/3547
f 2015/1405/2899 1048/2126/3550 730/1474/3551
f 2015/1405/2899 1000/1410/2898 1048/2126/3550
f 1000/1410/2898 601/587/3552 1048/2126/3550
f 999/1402/2896 1499/1334/3553 733/900/3554
f 999/1402/2896 1045/2058/2895 1499/1334/3553
f 1045/2058/2895 732/1194/3555 1499/1334/3553
f 1701/1399/1267 2165/2339/3556 600/2323/3557
f 1701/1399/1267 1747/2105/2892 2165/2339/3556
f 1747/2105/2892 424/2340/3558 2165/2339/3556
f 1325/1396/1264 1672/1179/3559 677/1209/3560
f 1325/1396/1264 1224/185/2891 1672/1179/3559
f 1224/185/2891 681/1177/3561 1672/1179/3559
f 2012/1394/2890 1705/1430/3562 616/2324/3563
f 2012/1394/2890 1636/2104/2889 1705/1430/3562
f 1636/2104/2889 597/1428/3564 1705/1430/3562
f 2164/1387/2884 1451/607/3565 684/985/3566
f 2164/1387/2884 1490/1173/2883 1451/607/3565
f 1490/1173/2883 252/605/3567 1451/607/3565
f 1154/1379/2875 1161/2341/3568 594/2342/3569
f 1154/1379/2875 1160/2103/2874 1161/2341/3568
f 1160/2103/2874 634/2310/3570 1161/2341/3568
f 997/1376/1237 998/2343/3571 593/2308/3572
f 997/1376/1237 978/1205/1052 998/2343/3571
f 978/1205/1052 489/2344/3573 998/2343/3571
f 1152/1374/1235 972/1131/3574 707/1532/3575
f 1152/1374/1235 1207/2061/2872 972/1131/3574
f 1207/2061/2872 193/1129/3576 972/1131/3574
f 995/1369/2870 1144/1261/3577 344/1652/3578
f 995/1369/2870 901/2102/2869 1144/1261/3577
f 901/2102/2869 290/1259/3579 1144/1261/3577
f 2009/1365/2866 1174/1632/1564 562/1651/3580
f 2009/1365/2866 2048/2101/2865 1174/1632/1564
f 2048/2101/2865 563/1630/1562 1174/1632/1564
f 994/1362/2863 898/2345/2863 369/149/2863
f 994/1362/2863 1366/2100/2863 898/2345/2863
f 1366/2100/2863 795/2232/2863 898/2345/2863
f 1695/1357/2860 1209/2346/3581 556/2347/3582
f 1695/1357/2860 1755/2098/2859 1209/2346/3581
f 1755/2098/2859 498/2348/3583 1209/2346/3581
f 2008/1353/2855 952/889/2856 736/2349/2855
f 2008/1353/2855 935/2097/2856 952/889/2856
f 935/2097/2856 321/887/2856 952/889/2856
f 2005/1349/2853 1972/2350/2853 567/2351/2853
f 2005/1349/2853 1150/2096/2853 1972/2350/2853
f 1150/2096/2853 570/2352/2853 1972/2350/2853
f 2160/1346/2852 2205/2353/3584 200/1739/2851
f 2160/1346/2852 1373/2095/2851 2205/2353/3584
f 1373/2095/2851 299/2354/2851 2205/2353/3584
f 992/1336/1197 1693/2355/3585 551/2283/3586
f 992/1336/1197 1039/2093/2845 1693/2355/3585
f 1039/2093/2845 469/2356/3587 1693/2355/3585
f 1500/1333/2844 1984/1163/3588 308/1411/3589
f 1500/1333/2844 1978/2092/2843 1984/1163/3588
f 1978/2092/2843 295/1164/3590 1984/1163/3588
f 2159/1328/2840 1869/2357/2840 569/2225/2840
f 2159/1328/2840 2229/2091/2840 1869/2357/2840
f 2229/2091/2840 494/2358/2840 1869/2357/2840
f 2003/1323/2838 1714/2359/3591 541/810/3592
f 2003/1323/2838 2004/2090/2837 1714/2359/3591
f 2004/2090/2837 544/2360/3593 1714/2359/3591
f 2156/1320/2834 2135/2361/2834 192/1327/2834
f 2156/1320/2834 1588/2089/2833 2135/2361/2834
f 1588/2089/2833 245/2362/2834 2135/2361/2834
f 1498/1318/2832 987/2363/3594 690/998/3595
f 1498/1318/2832 1432/432/2831 987/2363/3594
f 1432/432/2831 689/2364/3596 987/2363/3594
f 1497/1316/2828 2232/2271/3597 536/2270/3598
f 1497/1316/2828 1556/2088/2827 2232/2271/3597
f 1556/2088/2827 539/2272/3599 2232/2271/3597
f 1496/1307/2823 1406/200/2823 92/282/2823
f 1496/1307/2823 1369/2086/2823 1406/200/2823
f 1369/2086/2823 803/198/2823 1406/200/2823
f 1322/1304/2818 1234/2365/2818 163/614/2818
f 1322/1304/2818 1371/2084/2819 1234/2365/2818
f 1371/2084/2819 819/2221/2819 1234/2365/2818
f 1999/1298/2816 2228/2019/3600 690/998/3601
f 1999/1298/2816 2091/2083/2815 2228/2019/3600
f 2091/2083/2815 160/1294/3602 2228/2019/3600
f 2155/1295/2813 1998/2366/3603 576/2231/3604
f 2155/1295/2813 2221/2082/2812 1998/2366/3603
f 2221/2082/2812 431/2367/3605 1998/2366/3603
f 1689/1289/2805 1555/2298/3606 643/2300/3607
f 1689/1289/2805 1551/2080/2804 1555/2298/3606
f 1551/2080/2804 316/2299/3608 1555/2298/3606
f 1686/1286/2802 1040/2368/3609 253/2369/3610
f 1686/1286/2802 1047/2079/2801 1040/2368/3609
f 1047/2079/2801 225/2253/3611 1040/2368/3609
f 1996/1283/2799 1197/2370/3612 407/2371/3613
f 1996/1283/2799 1208/2078/2798 1197/2370/3612
f 1208/2078/2798 154/2254/3614 1197/2370/3612
f 1994/1281/2796 1044/2010/3615 399/963/3616
f 1994/1281/2796 1046/2077/2795 1044/2010/3615
f 1046/2077/2795 177/2256/3617 1044/2010/3615
f 1494/1276/2789 1523/2372/3618 316/2299/3619
f 1494/1276/2789 985/2076/2788 1523/2372/3618
f 985/2076/2788 425/2373/3620 1523/2372/3618
f 1147/1263/2774 1111/2374/3621 653/443/3622
f 1147/1263/2774 1199/2073/2773 1111/2374/3621
f 1199/2073/2773 650/2375/3623 1111/2374/3621
f 1145/1260/2770 1836/1258/1108 518/270/3624
f 1145/1260/2770 1162/2072/2769 1836/1258/1108
f 1162/2072/2769 406/1256/1106 1836/1258/1108
f 1837/1257/2767 1685/2376/3625 517/653/3626
f 1837/1257/2767 1757/2071/2766 1685/2376/3625
f 1757/2071/2766 293/2377/3627 1685/2376/3625
f 1319/1254/2764 2103/689/3628 521/1683/3629
f 1319/1254/2764 1394/2069/2763 2103/689/3628
f 1394/2069/2763 520/687/3630 2103/689/3628
f 1143/1251/2761 1629/765/3631 517/653/3632
f 1143/1251/2761 1142/2070/2760 1629/765/3631
f 1142/2070/2760 519/763/3633 1629/765/3631
f 1683/1248/2758 1993/1247/3634 519/763/3635
f 1683/1248/2758 1752/1946/2757 1993/1247/3634
f 1752/1946/2757 520/687/3636 1993/1247/3634
f 981/1246/2755 1391/2378/3637 353/2379/3638
f 981/1246/2755 1394/2069/2754 1391/2378/3637
f 1394/2069/2754 139/1253/3639 1391/2378/3637
f 1139/1240/2748 1166/1543/3640 82/1535/3641
f 1139/1240/2748 1385/1952/2747 1166/1543/3640
f 1385/1952/2747 331/708/3642 1166/1543/3640
f 2152/1236/2744 1540/2380/3643 463/2381/3644
f 2152/1236/2744 1554/2068/2743 1540/2380/3643
f 1554/2068/2743 172/2331/3645 1540/2380/3643
f 1317/1229/1073 2014/1406/3646 741/596/3647
f 1317/1229/1073 1336/2065/2736 2014/1406/3646
f 1336/2065/2736 623/1404/3648 2014/1406/3646
f 1834/1226/2735 1868/2134/3649 166/1436/3650
f 1834/1226/2735 2231/2064/2734 1868/2134/3649
f 2231/2064/2734 640/1512/3651 1868/2134/3649
f 1138/1217/2722 1175/1642/3652 218/295/3653
f 1138/1217/2722 907/409/2721 1175/1642/3652
f 907/409/2721 249/1643/3654 1175/1642/3652
f 2150/1215/2719 2053/2382/3655 454/2383/3656
f 2150/1215/2719 2230/2063/2718 2053/2382/3655
f 2230/2063/2718 447/2384/2717 2053/2382/3655
f 1832/1210/2714 1596/331/3657 326/2385/3658
f 1832/1210/2714 1674/2062/2713 1596/331/3657
f 1674/2062/2713 301/329/3659 1596/331/3657
f 979/1204/2706 1206/2386/3660 485/2387/3661
f 979/1204/2706 1207/2061/2705 1206/2386/3660
f 1207/2061/2705 162/1373/3662 1206/2386/3660
f 977/1198/2698 1230/2388/3663 502/1420/3664
f 977/1198/2698 1038/2059/2697 1230/2388/3663
f 1038/2059/2697 499/2389/3665 1230/2388/3663
f 1678/1195/2694 991/1337/3666 549/1584/3667
f 1678/1195/2694 1045/2058/2693 991/1337/3666
f 1045/2058/2693 393/1335/3668 991/1337/3666
f 1677/1188/2687 1014/2390/3669 786/2274/3670
f 1677/1188/2687 946/830/2686 1014/2390/3669
f 946/830/2686 441/203/3671 1014/2390/3669
f 976/1185/2683 1204/1963/3672 737/757/3673
f 976/1185/2683 1128/2057/2682 1204/1963/3672
f 1128/2057/2682 178/2391/3674 1204/1963/3672
f 1675/1181/2679 894/322/3675 777/1634/3676
f 1675/1181/2679 1696/1372/2678 894/322/3675
f 1696/1372/2678 561/320/3677 894/322/3675
f 1673/1178/1023 1754/2392/3678 301/329/3679
f 1673/1178/1023 1758/2056/2676 1754/2392/3678
f 1758/2056/2676 597/1428/3680 1754/2392/3678
f 2145/1172/2674 2217/2393/3681 420/2394/3682
f 2145/1172/2674 2079/2055/2673 2217/2393/3681
f 2079/2055/2673 416/2395/3683 2217/2393/3681
f 1985/1169/2671 2021/1505/3684 631/1039/3685
f 1985/1169/2671 2057/2054/2670 2021/1505/3684
f 2057/2054/2670 591/1503/3686 2021/1505/3684
f 1135/1166/2667 1757/2071/3687 406/1256/3688
f 1135/1166/2667 1661/2053/2666 1757/2071/3687
f 1661/2053/2666 293/2377/3689 1757/2071/3687
f 1670/1157/2660 1277/806/3690 764/2315/3691
f 1670/1157/2660 1709/1492/2659 1277/806/3690
f 1709/1492/2659 627/804/3692 1277/806/3690
f 2143/1153/2656 2131/2396/3693 432/2397/3694
f 2143/1153/2656 1727/1708/2655 2131/2396/3693
f 1727/1708/2655 575/2398/2655 2131/2396/3693
f 2141/1151/2654 1592/310/3695 136/2399/3696
f 2141/1151/2654 1648/2052/2653 1592/310/3695
f 1648/2052/2653 85/308/3697 1592/310/3695
f 1831/1148/2651 2054/2400/3698 326/2385/3699
f 1831/1148/2651 1906/516/2650 2054/2400/3698
f 1906/516/2650 279/1297/3700 2054/2400/3698
f 1982/1146/2647 1316/1230/3701 726/903/3702
f 1982/1146/2647 1238/2051/2646 1316/1230/3701
f 1238/2051/2646 99/1228/3703 1316/1230/3701
f 1980/1141/2643 1820/2401/2643 457/2402/2643
f 1980/1141/2643 1990/2050/2643 1820/2401/2643
f 1990/2050/2643 454/2383/2643 1820/2401/2643
f 1313/1138/2642 2052/2403/3704 455/2404/3705
f 1313/1138/2642 1315/2049/2641 2052/2403/3704
f 1315/2049/2641 457/2402/2641 2052/2403/3704
f 973/1130/2637 2057/2054/3706 704/1168/3707
f 973/1130/2637 996/1377/2636 2057/2054/3706
f 996/1377/2636 591/1503/3708 2057/2054/3706
f 1979/1120/2630 1553/2159/3709 446/1613/3710
f 1979/1120/2630 1988/1201/1046 1553/2159/3709
f 1988/1201/1046 444/2060/3711 1553/2159/3709
f 1129/1118/2629 1242/454/2629 738/1733/2629
f 1129/1118/2629 1286/2048/2629 1242/454/2629
f 1286/2048/2629 579/452/2629 1242/454/2629
f 1977/1115/2628 1892/292/3712 295/1164/3713
f 1977/1115/2628 1392/2047/2627 1892/292/3712
f 1392/2047/2627 547/293/3714 1892/292/3712
f 1976/1109/2623 1669/1158/3715 749/503/3716
f 1976/1109/2623 1908/553/2622 1669/1158/3715
f 1908/553/2622 365/1156/3717 1669/1158/3715
f 1127/1102/2617 1096/771/2617 178/2391/2617
f 1127/1102/2617 2094/2046/2617 1096/771/2617
f 2094/2046/2617 480/769/2617 1096/771/2617
f 2138/1099/2616 1801/777/3718 88/340/2616
f 2138/1099/2616 1794/2045/2615 1801/777/3718
f 1794/2045/2615 86/775/3719 1801/777/3718
f 1973/1096/2613 1995/2405/3720 399/2289/3721
f 1973/1096/2613 1756/2044/2612 1995/2405/3720
f 1756/2044/2612 644/2290/3722 1995/2405/3720
f 1666/1094/939 1623/669/3723 77/467/3724
f 1666/1094/939 2111/2043/2610 1623/669/3723
f 2111/2043/2610 272/667/3725 1623/669/3723
f 1310/1092/2609 1391/2378/3726 139/1253/3727
f 1310/1092/2609 1485/2042/2608 1391/2378/3726
f 1485/2042/2608 353/2379/3728 1391/2378/3726
f 1124/1089/932 1827/1084/3729 373/894/3730
f 1124/1089/932 1787/2041/2605 1827/1084/3729
f 1787/2041/2605 190/1082/3731 1827/1084/3729
f 1971/1086/2603 1164/1537/2603 567/2351/2603
f 1971/1086/2603 1140/2040/2603 1164/1537/2603
f 1140/2040/2603 82/1535/2603 1164/1537/2603
f 1828/1083/2602 1956/997/3732 374/1052/3733
f 1828/1083/2602 1800/2039/2601 1956/997/3732
f 1800/2039/2601 191/995/3734 1956/997/3732
f 1308/1080/2599 1921/686/3735 715/1544/3736
f 1308/1080/2599 2032/2038/2598 1921/686/3735
f 2032/2038/2598 535/684/3737 1921/686/3735
f 2137/1077/2595 1390/2276/3738 787/2261/3739
f 2137/1077/2595 2219/1906/2594 1390/2276/3738
f 2219/1906/2594 788/470/3740 1390/2276/3738
f 1663/1074/2591 1717/2406/3741 789/2277/3742
f 1663/1074/2591 1609/478/2590 1717/2406/3741
f 1609/478/2590 790/2275/3743 1717/2406/3741
f 2134/1069/2582 2229/2091/3744 192/1327/3744
f 2134/1069/2582 1829/2037/2581 2229/2091/3744
f 1829/2037/2581 494/2358/3744 2229/2091/3744
f 1660/1067/2579 1684/1252/3745 293/2377/3746
f 1660/1067/2579 1108/2036/2578 1684/1252/3745
f 1108/2036/2578 378/1250/3747 1684/1252/3745
f 2133/1064/2574 1281/851/3748 357/1689/3749
f 2133/1064/2574 2096/2035/2573 1281/851/3748
f 2096/2035/2573 227/849/3750 1281/851/3748
f 1307/1061/898 1651/968/3751 342/796/798
f 1307/1061/898 1269/2034/2571 1651/968/3751
f 1269/2034/2571 309/966/3752 1651/968/3751
f 1969/1059/2570 1799/2407/2570 151/2408/2570
f 1969/1059/2570 1776/2033/2570 1799/2407/2570
f 1776/2033/2570 150/2409/2570 1799/2407/2570
f 1824/1056/2569 1552/2260/3753 260/2257/3754
f 1824/1056/2569 1826/2032/2568 1552/2260/3753
f 1826/2032/2568 787/2261/3755 1552/2260/3753
f 968/1053/2566 2224/2410/3756 353/2379/3757
f 968/1053/2566 2130/2031/2565 2224/2410/3756
f 2130/2031/2565 352/2411/3758 2224/2410/3756
f 966/1050/888 1042/2412/3759 73/1861/3760
f 966/1050/888 1888/194/2563 1042/2412/3759
f 1888/194/2563 391/2413/3761 1042/2412/3759
f 1119/1048/2562 1206/2386/3762 162/1373/3763
f 1119/1048/2562 1608/2030/2561 1206/2386/3762
f 1608/2030/2561 485/2387/3764 1206/2386/3762
f 1966/1045/882 1304/1031/3765 231/979/3766
f 1966/1045/882 1298/2029/2559 1304/1031/3765
f 1298/2029/2559 75/1029/3767 1304/1031/3765
f 1963/1042/2558 1914/601/452 95/2414/3768
f 1963/1042/2558 2083/2028/2557 1914/601/452
f 2083/2028/2557 96/599/450 1914/601/452
f 1483/1040/2555 1541/2415/3769 492/2416/3770
f 1483/1040/2555 2023/2027/2554 1541/2415/3769
f 2023/2027/2554 633/2307/3771 1541/2415/3769
f 1118/1037/2552 1302/1027/3772 376/951/3773
f 1118/1037/2552 1104/2026/2551 1302/1027/3772
f 1104/2026/2551 259/1025/3774 1302/1027/3772
f 1305/1030/2547 1449/576/3775 322/1088/3776
f 1305/1030/2547 1223/2025/2546 1449/576/3775
f 1223/2025/2546 76/574/3777 1449/576/3775
f 1303/1026/2541 1642/880/3778 341/923/3779
f 1303/1026/2541 1386/1953/2540 1642/880/3778
f 1386/1953/2540 527/714/3780 1642/880/3778
f 1959/1023/2538 2132/1065/3781 381/1692/3782
f 1959/1023/2538 1886/2024/2537 2132/1065/3781
f 1886/2024/2537 80/1063/3783 2132/1065/3781
f 1116/1014/2530 2220/2417/3784 360/1076/3785
f 1116/1014/2530 2102/2022/2529 2220/2417/3784
f 2102/2022/2529 176/2418/3786 2220/2417/3784
f 964/1012/842 954/896/3787 81/567/3788
f 964/1012/842 1665/2021/2527 954/896/3787
f 1665/2021/2527 373/894/3789 954/896/3787
f 1300/1009/2526 1474/910/2526 774/1453/2526
f 1300/1009/2526 1263/651/2526 1474/910/2526
f 1263/651/2526 412/908/2526 1474/910/2526
f 1297/1007/2525 1073/167/3790 75/1029/3791
f 1297/1007/2525 1110/2020/2524 1073/167/3790
f 1110/2020/2524 74/165/3792 1073/167/3790
f 1296/1004/2521 1389/2330/2521 131/2327/2521
f 1296/1004/2521 1459/681/2521 1389/2330/2521
f 1459/681/2521 132/2329/2521 1389/2330/2521
f 1294/999/2515 2154/1296/3793 571/1702/3794
f 1294/999/2515 2228/2019/2514 2154/1296/3793
f 2228/2019/2514 160/1294/3795 2154/1296/3793
f 1957/996/2512 2223/2419/3796 352/2411/3797
f 1957/996/2512 1900/2018/2511 2223/2419/3796
f 1900/2018/2511 397/2420/3798 2223/2419/3796
f 1653/986/2504 1628/2421/3799 165/2422/3800
f 1653/986/2504 1388/2016/2503 1628/2421/3799
f 1388/2016/2503 291/2336/3801 1628/2421/3799
f 1481/983/2501 1428/412/296 108/404/3802
f 1481/983/2501 1447/2015/2500 1428/412/296
f 1447/2015/2500 508/410/294 1428/412/296
f 1955/980/2498 1123/1090/3803 395/1011/3804
f 1955/980/2498 1961/2014/2497 1123/1090/3803
f 1961/2014/2497 322/1088/3805 1123/1090/3803
f 1817/975/2492 1950/944/770 366/957/3806
f 1817/975/2492 1804/798/2491 1950/944/770
f 1804/798/2491 343/942/768 1950/944/770
f 2128/973/2489 2227/2243/2489 296/2241/2489
f 2128/973/2489 959/2013/2489 2227/2243/2489
f 959/2013/2489 297/2244/2489 2227/2243/2489
f 1815/967/791 1822/1013/3807 78/171/3808
f 1815/967/791 1652/2011/2485 1822/1013/3807
f 1652/2011/2485 395/1011/3809 1822/1013/3807
f 1953/964/2484 1020/2423/3810 653/443/3811
f 1953/964/2484 1044/2010/2483 1020/2423/3810
f 1044/2010/2483 177/2256/3812 1020/2423/3810
f 958/958/2477 1043/2245/2477 297/2244/2477
f 958/958/2477 2126/2009/2477 1043/2245/2477
f 2126/2009/2477 304/2246/2477 1043/2245/2477
f 2127/952/2474 1645/925/3813 389/508/3814
f 2127/952/2474 1654/2007/2473 1645/925/3813
f 1654/2007/2473 341/923/3815 1645/925/3813
f 1479/949/2471 1387/2424/3816 284/1662/3817
f 1479/949/2471 1276/2006/2470 1387/2424/3816
f 1276/2006/2470 283/2425/3818 1387/2424/3816
f 2125/943/2466 2226/2247/2466 304/2246/2466
f 2125/943/2466 949/2005/2466 2226/2247/2466
f 949/2005/2466 305/2248/2466 2226/2247/2466
f 1649/940/2465 1551/2080/3819 533/1288/3820
f 1649/940/2465 1495/2004/2464 1551/2080/3819
f 1495/2004/2464 316/2299/3821 1551/2080/3819
f 1109/937/2462 1125/1095/3822 74/165/3823
f 1109/937/2462 1549/1970/2461 1125/1095/3822
f 1549/1970/2461 524/781/3824 1125/1095/3822
f 1949/934/2459 1141/1249/3825 378/1250/3826
f 1949/934/2459 2056/1999/2458 1141/1249/3825
f 2056/1999/2458 405/911/3827 1141/1249/3825
f 1647/929/2455 1655/1041/3828 85/308/3829
f 1647/929/2455 1986/2003/2454 1655/1041/3828
f 1986/2003/2454 631/1039/3830 1655/1041/3828
f 1646/924/749 1482/1008/3831 386/1044/3832
f 1646/924/749 1643/2002/2450 1482/1008/3831
f 1643/2002/2450 364/1006/3833 1482/1008/3831
f 957/922/2449 965/1020/3834 433/2023/3835
f 957/922/2449 1035/1908/2112 965/1020/3834
f 1035/1908/2112 439/492/2111 965/1020/3834
f 956/918/739 989/1317/3836 345/2294/3837
f 956/918/739 1431/2001/2445 989/1317/3836
f 1431/2001/2445 484/1315/3838 989/1317/3836
f 1947/914/2444 2050/2426/3839 207/2012/3840
f 1947/914/2444 1867/2000/2443 2050/2426/3839
f 1867/2000/2443 478/2427/3841 2050/2426/3839
f 2123/912/2441 1983/2428/3842 248/2239/3843
f 2123/912/2441 2056/1999/2440 1983/2428/3842
f 2056/1999/2440 247/933/3844 1983/2428/3842
f 1475/909/2438 1711/2429/3845 782/2302/3846
f 1475/909/2438 1520/1998/2437 1711/2429/3845
f 1520/1998/2437 637/579/3847 1711/2429/3845
f 1945/904/2432 1042/2412/3848 391/2413/3849
f 1945/904/2432 1003/1996/2431 1042/2412/3848
f 1003/1996/2431 73/1861/3850 1042/2412/3848
f 1288/901/2428 1505/1413/3851 603/2430/3852
f 1288/901/2428 1501/1995/2427 1505/1413/3851
f 1501/1995/2427 308/1411/3853 1505/1413/3851
f 1287/898/2425 2055/2431/3854 259/1025/3855
f 1287/898/2425 1964/1994/2424 2055/2431/3854
f 1964/1994/2424 95/2414/3856 2055/2431/3854
f 1473/895/2422 1484/1054/3857 228/1091/3858
f 1473/895/2422 1664/1993/2421 1484/1054/3857
f 1664/1993/2421 374/1052/3859 1484/1054/3857
f 1811/891/2418 1426/406/3860 758/2432/3861
f 1811/891/2418 1819/1992/2417 1426/406/3860
f 1819/1992/2417 108/404/3862 1426/406/3860
f 953/888/2415 1981/1147/3863 727/632/3864
f 953/888/2415 920/1991/2414 1981/1147/3863
f 920/1991/2414 367/1145/3865 1981/1147/3863
f 1102/885/707 1951/959/3866 351/972/3867
f 1102/885/707 1113/1990/2412 1951/959/3866
f 1113/1990/2412 366/957/3868 1951/959/3866
f 1472/879/697 1477/938/3869 364/1006/3833
f 1472/879/697 1462/1989/2408 1477/938/3869
f 1462/1989/2408 292/936/3870 1477/938/3869
f 1285/877/2407 1226/2433/2407 579/452/2407
f 1285/877/2407 1803/1988/2407 1226/2433/2407
f 1803/1988/2407 582/2434/2407 1226/2433/2407
f 2121/869/2402 1939/2435/2402 336/2436/2402
f 2121/869/2402 1970/1987/2402 1939/2435/2402
f 1970/1987/2402 151/2408/2402 1939/2435/2402
f 1639/866/2401 1755/2098/3871 149/1356/3872
f 1639/866/2401 1114/1986/2400 1755/2098/3871
f 1114/1986/2400 498/2348/3873 1755/2098/3871
f 1808/863/2398 1825/1078/3874 222/1055/3875
f 1808/863/2398 1301/1985/2397 1825/1078/3874
f 1301/1985/2397 360/1076/3876 1825/1078/3874
f 1942/859/2394 1041/2249/3877 305/2248/3877
f 1942/859/2394 1958/1024/2393 1041/2249/3877
f 1958/1024/2393 359/2250/3877 1041/2249/3877
f 1469/857/2391 1007/1514/1418 452/2437/3878
f 1469/857/2391 1550/1984/2390 1007/1514/1418
f 1550/1984/2390 209/1433/1416 1007/1514/1418
f 1637/853/2387 1626/712/3879 325/1180/3880
f 1637/853/2387 2225/1981/2386 1626/712/3879
f 2225/1981/2386 400/713/3881 1626/712/3879
f 1467/850/2384 1318/1255/3882 140/1686/3883
f 1467/850/2384 1311/1983/2383 1318/1255/3882
f 1311/1983/2383 139/1253/3884 1318/1255/3882
f 2120/845/2380 2162/2438/3885 488/917/3886
f 2120/845/2380 1698/1982/2379 2162/2438/3885
f 1698/1982/2379 594/2342/3887 2162/2438/3885
f 2119/843/2377 1329/2439/3888 772/2303/3889
f 2119/843/2377 2225/1981/2376 1329/2439/3888
f 2225/1981/2376 771/852/3890 1329/2439/3888
f 948/833/2369 961/974/2369 337/807/2369
f 948/833/2369 951/1980/2369 961/974/2369
f 951/1980/2369 351/972/2369 961/974/2369
f 1941/826/2366 1754/2392/3891 597/1428/3892
f 1941/826/2366 1746/1873/2365 1754/2392/3891
f 1746/1873/2365 301/329/3893 1754/2392/3891
f 1634/823/2363 1630/792/3894 237/332/3895
f 1634/823/2363 1719/1978/2362 1630/792/3894
f 1719/1978/2362 277/790/3896 1630/792/3894
f 2116/820/2359 2114/809/2359 336/2436/2359
f 2116/820/2359 2117/1977/2359 2114/809/2359
f 2117/1977/2359 337/807/3897 2114/809/2359
f 944/817/2358 970/1100/2358 153/728/2358
f 944/817/2358 1408/1976/2358 970/1100/2358
f 1408/1976/2358 347/1098/2358 970/1100/2358
f 2115/814/2357 2214/2440/3898 136/2399/3899
f 2115/814/2357 1662/1070/2356 2214/2440/3898
f 1662/1070/2356 245/2362/3900 2214/2440/3898
f 1632/811/2354 1259/2441/3901 683/2442/3902
f 1632/811/2354 1667/1097/2353 1259/2441/3901
f 1667/1097/2353 685/1567/3903 1259/2441/3901
f 1805/808/2351 1866/2240/2351 278/2242/2351
f 1805/808/2351 2129/1975/2351 1866/2240/2351
f 2129/1975/2351 296/2241/2351 1866/2240/2351
f 1278/805/2350 1515/1488/3904 748/2443/3905
f 1278/805/2350 1458/1974/2349 1515/1488/3904
f 1458/1974/2349 164/608/3906 1515/1488/3904
f 943/802/2347 2222/1927/3907 755/590/3908
f 943/802/2347 2148/1199/2346 2222/1927/3907
f 2148/1199/2346 256/2444/3909 2222/1927/3907
f 1465/799/2344 1526/2445/3910 428/2446/3911
f 1465/799/2344 1205/1973/2343 1526/2445/3910
f 1205/1973/2343 648/1527/3912 1526/2445/3910
f 1936/797/623 1772/173/3913 79/858/3914
f 1936/797/623 1816/1972/2341 1772/173/3913
f 1816/1972/2341 78/171/3915 1772/173/3913
f 941/791/2336 1040/2368/3916 225/2253/3917
f 941/791/2336 1584/1971/2335 1040/2368/3916
f 1584/1971/2335 253/2369/3918 1040/2368/3916
f 1275/782/2330 1384/2447/3919 283/2425/3920
f 1275/782/2330 1549/1970/2329 1384/2447/3919
f 1549/1970/2329 292/936/3921 1384/2447/3919
f 1802/776/606 1929/733/3922 91/195/3923
f 1802/776/606 1784/1968/2326 1929/733/3922
f 1784/1968/2326 87/731/3924 1929/733/3922
f 1273/773/2325 1387/2424/3925 283/2425/3926
f 1273/773/2325 1548/1967/2324 1387/2424/3925
f 1548/1967/2324 284/1662/3927 1387/2424/3925
f 2110/767/2321 1780/457/3928 272/667/3929
f 2110/767/2321 1864/1932/2320 1780/457/3928
f 1864/1932/2320 262/455/3930 1780/457/3928
f 2108/764/2318 2224/2410/3931 352/2411/3932
f 2108/764/2318 982/1965/2317 2224/2410/3931
f 982/1965/2317 353/2379/3933 2224/2410/3931
f 940/761/2315 1039/2093/3934 393/1335/3935
f 940/761/2315 1614/1964/2314 1039/2093/3934
f 1614/1964/2314 469/2356/3936 1039/2093/3934
f 938/758/2312 1097/2448/2312 577/1730/2312
f 938/758/2312 1204/1963/2312 1097/2448/2312
f 1204/1963/2312 178/2391/2312 1097/2448/2312
f 937/755/589 1899/441/3937 191/995/3938
f 937/755/589 917/1962/2311 1899/441/3937
f 917/1962/2311 221/439/3939 1899/441/3937
f 934/752/2310 919/584/2310 321/887/2310
f 934/752/2310 974/1961/2310 919/584/2310
f 974/1961/2310 482/582/2310 919/584/2310
f 2106/749/582 2177/1495/3940 208/1496/3941
f 2106/749/582 902/1960/2308 2177/1495/3940
f 902/1960/2308 505/1493/3942 2177/1495/3940
f 1931/739/2303 1117/1038/3943 223/1600/3944
f 1931/739/2303 1092/1958/2302 1117/1038/3943
f 1092/1958/2302 170/1036/3945 1117/1038/3943
f 1930/732/568 1954/981/3946 309/966/3947
f 1930/732/568 1967/1957/2298 1954/981/3946
f 1967/1957/2298 231/979/3948 1954/981/3946
f 1928/729/2297 1938/821/2297 151/2408/2297
f 1928/729/2297 2086/1956/2297 1938/821/2297
f 2086/1956/2297 152/819/2297 1938/821/2297
f 1627/719/2290 1690/1324/3949 165/2422/3950
f 1627/719/2290 1887/1954/2289 1690/1324/3949
f 1887/1954/2289 415/1322/3951 1690/1324/3949
f 1927/715/2286 2055/2431/3952 95/2414/3953
f 1927/715/2286 1386/1953/2285 2055/2431/3952
f 1386/1953/2285 259/1025/3954 2055/2431/3952
f 1266/709/2282 1202/2449/3955 490/363/3956
f 1266/709/2282 1385/1952/2281 1202/2449/3955
f 1385/1952/2281 496/1239/3957 1202/2449/3955
f 1924/706/2279 2054/2400/3958 279/1297/3959
f 1924/706/2279 1833/1951/2278 2054/2400/3958
f 1833/1951/2278 326/2385/3960 2054/2400/3958
f 1463/703/2276 2073/227/3961 220/816/3962
f 1463/703/2276 2093/1950/2275 2073/227/3961
f 2093/1950/2275 184/225/3963 2073/227/3961
f 1461/700/2273 1384/2447/3964 292/936/3965
f 1461/700/2273 1274/1949/2272 1384/2447/3964
f 1274/1949/2272 283/2425/3966 1384/2447/3964
f 2104/695/2269 882/170/2269 760/1736/2269
f 2104/695/2269 914/1948/2269 882/170/2269
f 914/1948/2269 585/168/2269 882/170/2269
f 1796/688/2265 1814/913/3967 294/1680/3968
f 1796/688/2265 1752/1946/2264 1814/913/3967
f 1752/1946/2264 405/911/3969 1814/913/3967
f 1922/685/2262 1151/1375/3970 706/1551/3971
f 1922/685/2262 1120/1945/2261 1151/1375/3970
f 1120/1945/2261 162/1373/3972 1151/1375/3970
f 2101/683/2259 2136/1075/3973 176/2418/3974
f 2101/683/2259 1751/1944/2258 2136/1075/3973
f 1751/1944/2258 285/476/3975 2136/1075/3973
f 1795/680/2256 1865/2121/2256 238/1457/2256
f 1795/680/2256 2053/1943/2256 1865/2121/2256
f 2053/1943/2256 447/2450/2256 1865/2121/2256
f 931/677/2255 1027/2451/2255 137/1723/2255
f 931/677/2255 2216/1942/2255 1027/2451/2255
f 2216/1942/2255 472/2452/2255 1027/2451/2255
f 929/674/2254 1038/2059/2697 329/801/2696
f 929/674/2254 1268/1941/2253 1038/2059/2697
f 1268/1941/2253 499/2389/3665 1038/2059/2697
f 1457/671/2251 1547/1931/3976 164/608/3977
f 1457/671/2251 1200/1940/2250 1547/1931/3976
f 1200/1940/2250 506/2453/3978 1547/1931/3976
f 1920/668/2248 1943/864/3979 175/554/3980
f 1920/668/2248 1245/1939/2247 1943/864/3979
f 1245/1939/2247 243/862/3981 1943/864/3979
f 928/662/2243 1528/2454/3982 784/2455/3983
f 928/662/2243 1034/1904/2242 1528/2454/3982
f 1034/1904/2242 244/464/3984 1528/2454/3982
f 1091/659/2240 1103/899/3985 170/1036/3986
f 1091/659/2240 1251/1938/2239 1103/899/3985
f 1251/1938/2239 171/897/3987 1103/899/3985
f 1621/654/2236 2223/2419/3988 397/2420/3989
f 1621/654/2236 2109/1937/2235 2223/2419/3988
f 2109/1937/2235 352/2411/3990 2223/2419/3988
f 1919/649/2230 1644/2456/3991 758/2432/3992
f 1919/649/2230 1975/1110/2229 1644/2456/3991
f 1975/1110/2229 757/2325/3993 1644/2456/3991
f 1090/644/2226 1615/618/3994 261/1657/3995
f 1090/644/2226 1201/1901/2225 1615/618/3994
f 1201/1901/2225 262/455/3996 1615/618/3994
f 1261/636/2221 1594/319/2221 691/1695/2221
f 1261/636/2221 1750/1935/2221 1594/319/2221
f 1750/1935/2221 573/317/2221 1594/319/2221
f 925/633/2220 887/2457/3997 273/1184/3998
f 925/633/2220 1946/1934/2219 887/2457/3997
f 1946/1934/2219 391/2413/3999 887/2457/3997
f 1793/627/2213 1783/510/4000 86/775/2213
f 1793/627/2213 1292/1933/2212 1783/510/4000
f 1292/1933/2212 389/508/4001 1783/510/4000
f 1792/624/2210 2163/1388/4002 683/2442/4003
f 1792/624/2210 2077/290/2209 2163/1388/4002
f 2077/290/2209 280/1171/4004 2163/1388/4002
f 1790/617/2205 1290/950/4005 654/2255/4006
f 1790/617/2205 1864/1932/2204 1290/950/4005
f 1864/1932/2204 523/766/4007 1290/950/4005
f 1455/609/2199 1203/2458/4008 611/2335/4009
f 1455/609/2199 1547/1931/2198 1203/2458/4008
f 1547/1931/2198 506/2453/4010 1203/2458/4008
f 1452/606/2196 2168/2459/4011 694/2333/4012
f 1452/606/2196 1546/1930/2195 2168/2459/4011
f 1546/1930/2195 616/2324/4013 2168/2459/4011
f 1788/603/2193 1818/984/4014 70/890/4015
f 1788/603/2193 2147/1929/2192 1818/984/4014
f 2147/1929/2192 511/982/4016 1818/984/4014
f 2097/600/2190 2113/774/4017 528/699/4018
f 2097/600/2190 2194/1668/2189 2113/774/4017
f 2194/1668/2189 657/772/4019 2113/774/4017
f 1255/597/2187 1289/2460/4020 603/2430/4021
f 1255/597/2187 1155/1928/2186 1289/2460/4020
f 1155/1928/2186 730/1474/4022 1289/2460/4020
f 922/591/443 2167/2461/4023 609/511/4024
f 922/591/443 2222/1927/2181 2167/2461/4023
f 2222/1927/2181 256/2444/4025 2167/2461/4023
f 921/588/440 1037/2462/4026 473/760/4027
f 921/588/440 1001/1926/2180 1037/2462/4026
f 1001/1926/2180 605/2338/4028 1037/2462/4026
f 1911/583/2178 1895/385/4029 367/1145/4030
f 1911/583/2178 1229/1925/2177 1895/385/4029
f 1229/1925/2177 475/383/4031 1895/385/4029
f 1450/575/2173 936/756/4032 190/1082/4033
f 1450/575/2173 1443/1923/2172 936/756/4032
f 1443/1923/2172 169/754/4034 936/756/4032
f 918/568/2168 1309/1093/4035 227/849/4036
f 918/568/2168 955/1922/2167 1309/1093/4035
f 955/1922/2167 228/1091/4037 1309/1093/4035
f 2092/558/414 2188/1602/4038 184/225/4039
f 2092/558/414 1932/1920/2159 2188/1602/4038
f 1932/1920/2159 223/1600/4040 2188/1602/4038
f 1910/555/411 1657/1057/4041 221/439/4042
f 1910/555/411 1944/1919/2158 1657/1057/4041
f 1944/1919/2158 222/1055/4043 1657/1057/4041
f 1909/552/2157 2049/2463/4044 503/2318/4045
f 1909/552/2157 1890/1918/2156 2049/2463/4044
f 1890/1918/2156 510/2464/4046 2049/2463/4044
f 1907/540/2150 1916/604/4047 255/1460/4048
f 1907/540/2150 2118/1917/2149 1916/604/4047
f 2118/1917/2149 504/602/4049 1916/604/4047
f 913/528/2143 899/2465/4050 585/168/4051
f 913/528/2143 1545/1916/2142 899/2465/4050
f 1545/1916/2142 588/2466/4052 899/2465/4050
f 2090/515/2132 2221/2082/4053 160/1294/4054
f 2090/515/2132 2000/1913/2131 2221/2082/4053
f 2000/1913/2131 431/2367/4055 2221/2082/4053
f 912/512/2129 2179/1498/4056 748/2443/4057
f 912/512/2129 2107/1912/2128 2179/1498/4056
f 2107/1912/2128 208/1496/4058 2179/1498/4056
f 1905/509/374 1965/1046/4059 87/731/3924
f 1905/509/374 1107/1911/2125 1965/1046/4059
f 1107/1911/2125 386/1044/4060 1965/1046/4059
f 1088/507/2124 1421/2467/4061 467/2468/4062
f 1088/507/2124 1543/1894/2123 1421/2467/4061
f 1543/1894/2123 68/430/4063 1421/2467/4061
f 910/504/2121 1036/2314/4064 625/2316/4065
f 910/504/2121 1671/1910/2120 1036/2314/4064
f 1671/1910/2120 764/2315/4066 1036/2314/4064
f 1250/493/2113 1306/1043/4067 171/897/4068
f 1250/493/2113 1035/1908/2112 1306/1043/4067
f 1035/1908/2112 265/921/2448 1306/1043/4067
f 1445/484/2108 1544/1903/4069 380/461/4070
f 1445/484/2108 1991/1907/2107 1544/1903/4069
f 1991/1907/2107 455/2469/4071 1544/1903/4069
f 1610/477/2103 927/663/4072 786/2274/4073
f 1610/477/2103 1017/1656/2102 927/663/4072
f 1017/1656/2102 105/661/4074 927/663/4072
f 2088/471/2099 2220/2417/4075 176/2418/4076
f 2088/471/2099 2219/1906/2098 2220/2417/4075
f 2219/1906/2098 360/1076/4077 2220/2417/4075
f 1607/468/2096 916/556/4078 169/754/4079
f 1607/468/2096 1624/1905/2095 916/556/4078
f 1624/1905/2095 175/554/4080 916/556/4078
f 1441/465/2093 1018/2470/4081 646/1669/4082
f 1441/465/2093 1034/1904/2092 1018/2470/4081
f 1034/1904/2092 105/661/4083 1018/2470/4081
f 1439/462/2090 2052/2471/4084 457/2472/4085
f 1439/462/2090 1544/1903/2089 2052/2471/4084
f 1544/1903/2089 455/2469/4086 2052/2471/4084
f 1781/458/2087 1806/2473/4087 278/2242/2087
f 1781/458/2087 2122/1902/2086 1806/2473/4087
f 2122/1902/2086 336/2436/4088 1806/2473/4087
f 1244/456/2084 1115/1015/4089 243/862/4090
f 1244/456/2084 1201/1901/2083 1115/1015/4089
f 1201/1901/2083 242/643/4091 1115/1015/4089
f 1243/453/2081 2007/1354/2081 737/757/2081
f 1243/453/2081 2047/1900/2081 2007/1354/2081
f 2047/1900/2081 383/1352/2081 2007/1354/2081
f 1437/444/2078 1531/2474/4092 652/1282/4093
f 1437/444/2078 1749/1899/2077 1531/2474/4092
f 1749/1899/2077 654/2255/4094 1531/2474/4092
f 1606/440/2072 1539/2475/4095 397/2420/4096
f 1606/440/2072 1658/1897/2071 1539/2475/4095
f 1658/1897/2071 260/2257/4097 1539/2475/4095
f 1433/431/2065 1159/2476/4098 678/705/4099
f 1433/431/2065 1543/1894/2064 1159/2476/4098
f 1543/1894/2064 266/506/4100 1159/2476/4098
f 1898/425/2061 1507/1416/4101 755/590/4102
f 1898/425/2061 1542/1893/2060 1507/1416/4101
f 1542/1893/2060 188/1414/4103 1507/1416/4101
f 1240/422/2058 1267/720/4104 291/2336/4105
f 1240/422/2058 1284/1892/2057 1267/720/4104
f 1284/1892/2057 419/718/4106 1267/720/4104
f 1896/416/2054 2036/2477/4107 655/1285/4108
f 1896/416/2054 2218/1891/2053 2036/2477/4107
f 2218/1891/2053 657/772/4109 2036/2477/4107
f 1604/408/2047 1189/1750/4110 586/442/4111
f 1604/408/2047 1602/1889/2046 1189/1750/4110
f 1602/1889/2046 588/1748/4112 1189/1750/4110
f 1427/405/2044 2051/2193/3274 760/1736/1695
f 1427/405/2044 1430/1888/2043 2051/2193/3274
f 1430/1888/2043 583/1745/3324 2051/2193/3274
f 905/403/2041 930/2478/4113 329/801/4114
f 905/403/2041 1198/1849/2040 930/2478/4113
f 1198/1849/2040 554/189/4115 930/2478/4113
f 903/397/2035 1694/1358/4116 553/1599/4117
f 903/397/2035 1748/1886/2034 1694/1358/4116
f 1748/1886/2034 149/1356/4118 1694/1358/4116
f 1425/390/2030 2050/2426/4119 478/2427/4120
f 1425/390/2030 1933/742/2029 2050/2426/4119
f 1933/742/2029 207/2012/4121 2050/2426/4119
f 1237/384/2027 1335/1479/4122 99/1228/4123
f 1237/384/2027 1239/1885/2026 1335/1479/4122
f 1239/1885/2026 478/1477/4124 1335/1479/4122
f 1085/378/267 1009/1517/4125 290/1259/4126
f 1085/378/267 1033/1884/2023 1009/1517/4125
f 1033/1884/2023 201/1515/4127 1009/1517/4125
f 1236/374/2022 1199/2073/4128 522/800/4129
f 1236/374/2022 1383/1883/2021 1199/2073/4128
f 1383/1883/2021 650/2375/4130 1199/2073/4128
f 1235/372/2019 2049/2479/4131 510/2480/4132
f 1235/372/2019 1337/1882/2018 2049/2479/4131
f 1337/1882/2018 503/2313/4133 2049/2479/4131
f 1603/369/2016 1744/1846/4134 585/168/4135
f 1603/369/2016 1745/1854/1920 1744/1846/4134
f 1745/1854/1920 205/222/1919 1744/1846/4134
f 1778/364/2013 1863/2131/4136 390/1500/4137
f 1778/364/2013 1077/1881/2012 1863/2131/4136
f 1077/1881/2012 493/2311/4138 1863/2131/4136
f 1600/358/2009 1747/2105/4139 117/1398/4140
f 1600/358/2009 1617/1879/2008 1747/2105/4139
f 1617/1879/2008 424/2340/4141 1747/2105/4139
f 2085/341/1997 947/834/1997 152/819/1997
f 2085/341/1997 2072/1876/1997 947/834/1997
f 2072/1876/1997 89/832/1997 947/834/1997
f 2082/333/234 2215/2173/4142 96/599/450
f 2082/333/234 942/1874/1992 2215/2173/4142
f 942/1874/1992 225/2253/4143 2215/2173/4142
f 1597/330/231 1862/2481/4144 422/2482/4145
f 1597/330/231 1746/1873/1991 1862/2481/4144
f 1746/1873/1991 423/825/4146 1862/2481/4144
f 1422/324/1989 1540/2380/4147 172/2331/4148
f 1422/324/1989 2048/1872/1988 1540/2380/4147
f 2048/1872/1988 463/2381/4149 1540/2380/4147
f 895/321/1986 900/2483/4150 289/2264/4151
f 895/321/1986 1382/1871/1985 900/2483/4150
f 1382/1871/1985 363/2484/4152 900/2483/4150
f 1595/318/1983 1149/2485/4153 690/998/4154
f 1595/318/1983 1131/1154/1982 1149/2485/4153
f 1131/1154/1982 306/311/4155 1149/2485/4153
f 1080/312/1977 2139/2486/4156 467/2468/4157
f 1080/312/1977 1132/1869/1976 2139/2486/4156
f 1132/1869/1976 432/2397/4158 2139/2486/4156
f 1593/309/1974 1381/2487/4159 491/2488/4160
f 1593/309/1974 1656/1868/1973 1381/2487/4159
f 1656/1868/1973 492/2416/4161 1381/2487/4159
f 1590/301/1969 2158/1329/1969 565/1719/1969
f 1590/301/1969 2157/1867/1969 2158/1329/1969
f 2157/1867/1969 192/1327/1969 2158/1329/1969
f 1587/298/1968 2214/2440/4162 245/2362/4163
f 1587/298/1968 2142/1866/1967 2214/2440/4162
f 2142/1866/1967 136/2399/4164 2214/2440/4162
f 1419/283/1957 1861/2489/1957 696/2296/4165
f 1419/283/1957 1407/1864/1957 1861/2489/1957
f 1407/1864/1957 486/2490/4165 1861/2489/1957
f 1228/277/1953 2151/1237/4166 449/2491/4167
f 1228/277/1953 1380/1863/1952 2151/1237/4166
f 1380/1863/1952 232/1235/4168 2151/1237/4166
f 892/274/1950 2047/1900/1950 579/452/1950
f 892/274/1950 1934/753/1950 2047/1900/1950
f 1934/753/1950 383/1352/1950 2047/1900/1950
f 1414/271/1949 1539/2475/4169 260/2257/4170
f 1414/271/1949 1622/1862/1948 1539/2475/4169
f 1622/1862/1948 397/2420/4171 1539/2475/4169
f 1775/259/1941 1807/818/1941 150/2409/1941
f 1775/259/1941 1464/1859/1941 1807/818/1941
f 1464/1859/1941 220/816/1941 1807/818/1941
f 1412/250/1938 1503/1366/4172 300/2116/4173
f 1412/250/1938 980/1858/1937 1503/1366/4172
f 980/1858/1937 463/1364/4174 1503/1366/4172
f 1410/247/169 1299/1010/4175 778/1447/4176
f 1410/247/169 1271/744/1935 1299/1010/4175
f 1271/744/1935 195/652/4175 1299/1010/4175
f 2074/226/1924 1260/628/4177 347/1098/4178
f 2074/226/1924 2189/1855/1923 1260/628/4177
f 2189/1855/1923 211/626/4179 1260/628/4177
f 1585/223/1921 1682/2492/4180 510/2464/4181
f 1585/223/1921 1745/1854/1920 1682/2492/4180
f 1745/1854/1920 509/368/2015 1682/2492/4180
f 1774/199/1911 1860/2493/1911 486/2490/1911
f 1774/199/1911 1370/1851/1911 1860/2493/1911
f 1370/1851/1911 805/2224/1911 1860/2493/1911
f 888/196/1910 950/886/708 89/832/4182
f 888/196/1910 1121/1062/1909 950/886/708
f 1121/1062/1909 90/884/706 950/886/708
f 886/193/1908 971/1103/947 273/1184/4183
f 886/193/1908 1492/1850/1907 971/1103/947
f 1492/1850/1907 483/1101/945 971/1103/947
f 1583/190/1905 1716/1594/4184 253/2494/4185
f 1583/190/1905 1198/1849/1904 1716/1594/4184
f 1198/1849/1904 762/402/4186 1716/1594/4184
f 1075/187/1902 1197/2370/4187 154/2254/4188
f 1075/187/1902 2035/1848/1901 1197/2370/4187
f 2035/1848/1901 407/2371/4189 1197/2370/4187
f 1225/184/1899 1703/1419/4190 694/2333/4191
f 1225/184/1899 1333/1473/1898 1703/1419/4190
f 1333/1473/1898 613/1417/4192 1703/1419/4190
f 1773/172/1893 2095/569/4193 80/1063/4194
f 1773/172/1893 1823/1847/1892 2095/569/4193
f 1823/1847/1892 81/567/3788 2095/569/4193
f 883/169/1890 1619/2495/4195 758/2432/4196
f 883/169/1890 1744/1846/1889 1619/2495/4195
f 1744/1846/1889 205/222/4197 1619/2495/4195
f 1074/166/113 1442/469/4198 76/574/4199
f 1074/166/113 1126/1845/1887 1442/469/4198
f 1126/1845/1887 77/467/4200 1442/469/4198
f 1069/160/1885 1072/2496/1885 106/1174/1885
f 1069/160/1885 1734/1843/1885 1072/2496/1885
f 1734/1843/1885 813/2222/1885 1072/2496/1885
f 1068/154/1883 1185/2497/1883 798/2229/1883
f 1068/154/1883 1133/1159/1883 1185/2497/1883
f 1133/1159/1883 418/2498/1883 1185/2497/1883
f 1065/138/1874 1060/53/37 34/68/4201
f 1065/138/1874 2213/1839/1873 1060/53/37
f 2213/1839/1873 40/51/35 1060/53/37
f 1767/134/1867 880/2499/1867 836/2500/1867
f 1767/134/1867 1763/1840/1867 880/2499/1867
f 1763/1840/1867 41/2501/1867 880/2499/1867
f 1884/130/1865 1061/70/52 39/81/4202
f 1884/130/1865 1066/1838/1864 1061/70/52
f 1066/1838/1864 34/68/50 1061/70/52
f 1221/127/1863 1766/135/1863 837/2502/1863
f 1221/127/1863 1214/1837/1863 1766/135/1863
f 1214/1837/1863 38/133/1863 1766/135/1863
f 1404/124/1862 1574/103/1862 843/2503/1862
f 1404/124/1862 1398/1836/1862 1574/103/1862
f 1398/1836/1862 37/101/1862 1574/103/1862
f 1401/121/1861 1876/77/57 36/84/4203
f 1401/121/1861 1882/1835/1860 1876/77/57
f 1882/1835/1860 31/75/55 1876/77/57
f 1218/118/1859 1570/80/1859 35/104/1859
f 1218/118/1859 1578/1834/1859 1570/80/1859
f 1578/1834/1859 29/78/1859 1570/80/1859
f 1881/113/1857 1879/83/62 31/75/4204
f 1881/113/1857 1885/1833/1856 1879/83/62
f 1885/1833/1856 39/81/60 1879/83/62
f 1577/110/1855 1571/86/1855 29/78/1855
f 1577/110/1855 1402/1832/1855 1571/86/1855
f 1402/1832/1855 36/84/1855 1571/86/1855
f 1217/105/77 1403/125/4205 844/2504/4206
f 1217/105/77 1399/1831/1853 1403/125/4205
f 1399/1831/1853 28/123/4205 1403/125/4205
f 1575/102/1852 1220/128/4207 842/2505/4207
f 1575/102/1852 1215/1830/1852 1220/128/4207
f 1215/1830/1852 27/126/4207 1220/128/4207
f 1573/92/1845 1568/72/1845 27/126/1845
f 1573/92/1845 1740/1813/1845 1568/72/1845
f 1740/1813/1845 21/4/1845 1568/72/1845
f 1880/90/66 1874/74/4208 28/123/4209
f 1880/90/66 2044/1814/1844 1874/74/4208
f 2044/1814/1844 15/7/4208 1874/74/4208
f 1764/85/1842 2212/2506/1842 14/2507/1842
f 1764/85/1842 2066/1829/1842 2212/2506/1842
f 2066/1829/1842 8/2508/1842 2212/2506/1842
f 2067/82/1841 1196/2509/1841 16/2510/1841
f 2067/82/1841 1063/1828/1841 1196/2509/1841
f 1063/1828/1841 10/2511/1841 1196/2509/1841
f 1877/79/1839 2046/2512/1839 7/89/1839
f 1877/79/1839 1765/1827/1839 2046/2512/1839
f 1765/1827/1839 14/2507/1839 2046/2512/1839
f 2065/76/1838 2211/2513/4210 8/2508/4211
f 2065/76/1838 2068/1826/1837 2211/2513/4210
f 2068/1826/1837 16/2510/4212 2211/2513/4210
f 1875/73/1836 1572/93/4213 37/101/1834
f 1875/73/1836 1741/1818/1835 1572/93/4213
f 1741/1818/1835 13/25/1834 1572/93/4213
f 1569/71/1832 1212/65/4214 38/133/1832
f 1569/71/1832 1378/1815/1833 1212/65/4214
f 1378/1815/1833 3/16/4215 1212/65/4214
f 1062/69/1831 1195/2514/1831 10/2511/1831
f 1062/69/1831 879/1825/1831 1195/2514/1831
f 879/1825/1831 17/2515/1831 1195/2514/1831
f 1213/64/1829 1769/2516/4216 41/2501/4217
f 1213/64/1829 1379/1820/1828 1769/2516/4216
f 1379/1820/1828 22/33/4218 1769/2516/4216
f 878/52/1820 1742/2517/4219 17/2515/4220
f 878/52/1820 1743/1824/1819 1742/2517/4219
f 1743/1824/1819 5/145/4221 1742/2517/4219
f 1059/43/1812 2212/2506/1812 8/2508/1812
f 1059/43/1812 1057/1823/1812 2212/2506/1812
f 1057/1823/1812 14/2507/1812 2212/2506/1812
f 1566/40/1811 1742/2517/4219 5/145/4221
f 1566/40/1811 875/1822/1810 1742/2517/4219
f 875/1822/1810 17/2515/4220 1742/2517/4219
f 1762/37/25 2046/2512/4222 14/2507/4223
f 1762/37/25 2045/1821/1809 2046/2512/4222
f 2045/1821/1809 7/89/4222 2046/2512/4222
f 1761/34/1808 1210/18/4224 49/2236/4225
f 1761/34/1808 1379/1820/1807 1210/18/4224
f 1379/1820/1807 3/16/4226 1210/18/4224
f 2062/31/1805 2211/2513/4210 16/2510/4212
f 2062/31/1805 2064/1819/1804 2211/2513/4210
f 2064/1819/1804 8/2508/4211 2211/2513/4210
f 1565/26/1802 1871/9/4227 65/2233/4228
f 1565/26/1802 1741/1818/1801 1871/9/4227
f 1741/1818/1801 15/7/1801 1871/9/4227
f 1054/23/14 1196/2509/4229 10/2511/4230
f 1054/23/14 2063/1817/1800 1196/2509/4229
f 2063/1817/1800 16/2510/4229 1196/2509/4229
f 874/20/1799 1195/2514/1799 17/2515/1799
f 874/20/1799 1055/1816/1799 1195/2514/1799
f 1055/1816/1799 10/2511/1799 1195/2514/1799
f 1211/17/10 1561/6/4231 53/2235/4232
f 1211/17/10 1378/1815/1798 1561/6/4231
f 1378/1815/1798 21/4/4233 1561/6/4231
f 1872/8/1795 2045/1821/1795 67/36/1795
f 1872/8/1795 2044/1814/1795 2045/1821/1795
f 2044/1814/1795 7/89/1795 2045/1821/1795
f 1562/5/1794 1564/27/4234 66/2234/4235
f 1562/5/1794 1740/1813/1793 1564/27/4234
f 1740/1813/1793 13/25/4236 1564/27/4234
f 1537/1799/1759 1031/2199/4237 863/1770/1788
f 1537/1799/1759 1030/1798/1758 1031/2199/4237
f 1030/1798/1758 841/2203/3300 1031/2199/4237
f 2210/1795/1754 1193/2217/3317 864/1812/1785
f 2210/1795/1754 1192/1794/1753 1193/2217/3317
f 1192/1794/1753 842/2206/3303 1193/2217/3317
f 1536/1793/1752 1400/2518/4238 844/2216/3316
f 1536/1793/1752 2043/1792/1751 1400/2518/4238
f 2043/1792/1751 847/2208/3306 1400/2518/4238
f 2209/1789/1748 1576/2519/1748 848/2214/1748
f 2209/1789/1748 1738/1788/1748 1576/2519/1748
f 1738/1788/1748 845/2210/1748 1576/2519/1748
f 1857/1786/1746 1859/2200/3293 868/1778/1738
f 1857/1786/1746 1858/1785/1745 1859/2200/3293
f 1858/1785/1745 846/2212/3312 1859/2200/3293
f 2042/1783/1743 1883/2520/1743 847/2208/1743
f 2042/1783/1743 2208/1782/1742 1883/2520/1743
f 2208/1782/1742 848/2214/3314 1883/2520/1743
f 1375/1780/1740 1737/2209/3308 867/1808/3310
f 1375/1780/1740 1736/1779/1739 1737/2209/3308
f 1736/1779/1739 845/2210/3309 1737/2209/3308
f 1374/1777/1737 1219/2521/4239 843/2207/3304
f 1374/1777/1737 1535/1776/1736 1219/2521/4239
f 1535/1776/1736 844/2216/4239 1219/2521/4239
f 1735/1774/1734 1580/2522/4240 837/2220/3321
f 1735/1774/1734 1191/1773/1733 1580/2522/4240
f 1191/1773/1733 842/2206/3303 1580/2522/4240
f 1856/1772/1732 2207/2201/3295 862/1784/1744
f 1856/1772/1732 2206/1771/1731 2207/2201/3295
f 2206/1771/1731 840/2213/3313 2207/2201/3295
f 1189/1750/1707 1190/2195/4241 586/442/4242
f 1189/1750/1707 1533/1749/1706 1190/2195/4241
f 1533/1749/1706 822/2197/4243 1190/2195/4241
f 2040/1747/1703 1232/351/1703 819/2221/1703
f 2040/1747/1703 2041/1746/1703 1232/351/1703
f 2041/1746/1703 823/349/1703 1232/351/1703
f 1372/1744/1702 2205/2353/1702 299/2354/1701
f 1372/1744/1702 2204/1743/1702 2205/2353/1702
f 2204/1743/1702 200/1739/4244 2205/2353/1702
f 2161/1741/1698 988/1305/1698 761/2523/1698
f 2161/1741/1698 2203/1740/1698 988/1305/1698
f 2203/1740/1698 826/1303/1698 988/1305/1698
f 2105/1738/1697 1371/2084/4245 826/1303/1697
f 2105/1738/1697 2202/1737/1696 1371/2084/4245
f 2202/1737/1696 819/2221/3323 1371/2084/4245
f 1130/1735/1694 1734/1843/1694 817/159/1694
f 1130/1735/1694 1188/1734/1694 1734/1843/1694
f 1188/1734/1694 813/2222/1694 1734/1843/1694
f 1028/1732/1693 1581/164/1693 813/2222/1693
f 1028/1732/1693 1029/1731/1693 1581/164/1693
f 1029/1731/1693 815/162/1693 1581/164/1693
f 2201/1727/1691 1027/2451/1691 472/2452/1691
f 2201/1727/1691 1026/1726/1691 1027/2451/1691
f 1026/1726/1691 137/1723/1691 1027/2451/1691
f 932/1725/1689 1222/161/1689 739/2524/1689
f 932/1725/1689 1025/1724/1689 1222/161/1689
f 1025/1724/1689 817/159/1689 1222/161/1689
f 1732/1721/1686 1370/1851/1686 803/198/1686
f 1732/1721/1686 1733/1720/1686 1370/1851/1686
f 1733/1720/1686 805/2224/1686 1370/1851/1686
f 1730/1717/1684 1369/2086/1684 810/1306/1684
f 1730/1717/1684 1731/1716/1684 1369/2086/1684
f 1731/1716/1684 803/198/1684 1369/2086/1684
f 2038/1713/1681 2025/1541/1681 487/2525/4246
f 2038/1713/1681 2039/1712/1681 2025/1541/1681
f 2039/1712/1681 111/1539/1681 2025/1541/1681
f 2024/1711/1679 2006/2526/1679 567/2351/1679
f 2024/1711/1679 1729/1710/1679 2006/2526/1679
f 1729/1710/1679 808/2227/1679 2006/2526/1679
f 1727/1708/1678 2001/2527/1678 575/2398/1678
f 1727/1708/1678 1728/1707/1678 2001/2527/1678
f 1728/1707/1678 798/2229/1678 2001/2527/1678
f 1367/1704/1675 1231/345/1675 795/2232/1675
f 1367/1704/1675 1368/1703/1675 1231/345/1675
f 1368/1703/1675 797/343/1675 1231/345/1675
f 1186/1701/1674 1502/1363/1674 692/2528/1674
f 1186/1701/1674 1187/1700/1674 1502/1363/1674
f 1187/1700/1674 802/1361/1674 1502/1363/1674
f 1262/1697/1670 1366/2100/1670 802/1361/1670
f 1262/1697/1670 1365/1696/1670 1366/2100/1670
f 1365/1696/1670 795/2232/1670 1366/2100/1670
f 1362/1694/1669 872/2529/4247 67/36/4248
f 1362/1694/1669 1024/1693/1669 872/2529/4247
f 1024/1693/1669 65/2233/4249 872/2529/4247
f 1023/1691/1667 876/2530/4250 65/2233/4251
f 1023/1691/1667 1184/1690/1666 876/2530/4250
f 1184/1690/1666 66/2234/4252 876/2530/4250
f 1183/1688/1664 1563/2531/4253 66/2234/4254
f 1183/1688/1664 1726/1687/1663 1563/2531/4253
f 1726/1687/1663 53/2235/4255 1563/2531/4253
f 1725/1685/1661 873/2532/4256 53/2235/4257
f 1725/1685/1661 1022/1684/1660 873/2532/4256
f 1022/1684/1660 49/2236/4258 873/2532/4256
f 1021/1682/1658 877/2533/4259 49/2236/4260
f 1021/1682/1658 2199/1681/1657 877/2533/4259
f 2199/1681/1657 64/2238/4261 877/2533/4259
f 1873/41/1640 1364/2179/1640 51/39/1640
f 1873/41/1640 2037/1677/1640 1364/2179/1640
f 2037/1677/1640 296/2241/1640 1364/2179/1640
f 1052/21/1639 1182/2178/1639 50/19/1639
f 1052/21/1639 1363/1675/1639 1182/2178/1639
f 1363/1675/1639 297/2244/1639 1182/2178/1639
f 1053/24/1638 1854/2177/1638 62/22/4262
f 1053/24/1638 1181/1674/1638 1854/2177/1638
f 1181/1674/1638 304/2246/1638 1854/2177/1638
f 2061/32/1637 2197/2176/1637 48/30/1637
f 2061/32/1637 1853/1673/1637 2197/2176/1637
f 1853/1673/1637 305/2248/1637 2197/2176/1637
f 1058/44/1636 1180/2175/1636 2/42/1636
f 1058/44/1636 2196/1672/1636 1180/2175/1636
f 2196/1672/1636 359/2250/1636 1180/2175/1636
f 1056/38/1634 1362/1694/4263 67/36/1634
f 1056/38/1634 1179/1671/1635 1362/1694/4263
f 1179/1671/1635 381/1692/4264 1362/1694/4263
f 1688/1290/1630 1650/2534/4265 533/1288/4266
f 1688/1290/1630 1724/1670/1629 1650/2534/4265
f 1724/1670/1629 645/1280/4267 1650/2534/4265
f 2194/1668/1627 2036/2477/4268 657/772/4269
f 2194/1668/1627 2195/1667/1626 2036/2477/4268
f 2195/1667/1626 655/1285/4270 2036/2477/4268
f 1178/1666/1624 1076/2535/4271 154/2254/4272
f 1178/1666/1624 1532/1665/1623 1076/2535/4271
f 1532/1665/1623 656/418/4273 1076/2535/4271
f 1480/1664/1621 1531/2474/4274 654/2255/4275
f 1480/1664/1621 1530/1663/1620 1531/2474/4274
f 1530/1663/1620 652/1282/3357 1531/2474/4274
f 1019/1661/1618 1020/2423/4276 177/2256/4277
f 1019/1661/1618 1723/1660/1617 1020/2423/4276
f 1723/1660/1617 653/443/4278 1020/2423/4276
f 1618/1659/1615 1722/2252/4279 647/682/4280
f 1618/1659/1615 1721/1658/1614 1722/2252/4279
f 1721/1658/1614 645/1280/4281 1722/2252/4279
f 1017/1656/1612 1018/2470/4282 105/661/4283
f 1017/1656/1612 1720/1655/1611 1018/2470/4282
f 1720/1655/1611 646/1669/4284 1018/2470/4282
f 2192/1649/1600 1016/2170/4285 794/1234/4286
f 2192/1649/1600 2193/1653/1599 1016/2170/4285
f 2193/1653/1599 785/1644/4287 1016/2170/4285
f 2192/1649/1590 1324/2536/4288 344/1652/4289
f 2192/1649/1590 1361/1648/1589 1324/2536/4288
f 1361/1648/1589 147/2259/4290 1324/2536/4288
f 1176/1647/1587 1177/2161/4291 442/1618/4292
f 1176/1647/1587 1015/1646/1586 1177/2161/4291
f 1015/1646/1586 787/2261/4293 1177/2161/4291
f 1719/1639/1573 1582/191/4294 277/2537/4295
f 1719/1639/1573 1359/1638/1572 1582/191/4294
f 1359/1638/1572 554/189/4296 1582/191/4294
f 2172/1445/1569 1358/2165/4297 560/1443/4298
f 2172/1445/1569 1357/1635/1568 1358/2165/4297
f 1357/1635/1568 147/2263/4299 1358/2165/4297
f 2081/325/228 1356/2538/4300 563/323/226
f 2081/325/228 2191/1633/1566 1356/2538/4300
f 2191/1633/1566 791/2266/4301 1356/2538/4300
f 1174/1632/1564 1355/2169/4302 562/1651/3580
f 1174/1632/1564 1354/1631/1563 1355/2169/4302
f 1354/1631/1563 459/2268/3384 1355/2169/4302
f 1528/1629/1560 2190/2162/4303 784/1624/4304
f 1528/1629/1560 1529/1628/1559 2190/2162/4303
f 1529/1628/1559 536/2270/4305 2190/2162/4303
f 1676/1626/1557 1718/2539/4306 445/2540/4307
f 1676/1626/1557 1353/1625/1556 1718/2539/4306
f 1353/1625/1556 539/2272/4308 1718/2539/4306
f 889/202/1551 1014/2390/4309 441/203/4310
f 889/202/1551 1852/1621/1550 1014/2390/4309
f 1852/1621/1550 786/2274/4311 1014/2390/4309
f 1172/1620/1548 1352/2160/4312 443/1224/4313
f 1172/1620/1548 1173/1619/1547 1352/2160/4312
f 1173/1619/1547 788/470/4314 1352/2160/4312
f 1350/1617/1545 1527/2278/4315 444/2060/4316
f 1350/1617/1545 1351/1616/1544 1527/2278/4315
f 1351/1616/1544 789/2277/4317 1527/2278/4315
f 1850/1615/1542 1717/2406/4318 790/2275/4319
f 1850/1615/1542 1851/1614/1541 1717/2406/4318
f 1851/1614/1541 789/2277/4320 1717/2406/4318
f 2188/1602/1530 2189/1855/1923 184/225/1922
f 2188/1602/1530 1349/1601/1529 2189/1855/1923
f 1349/1601/1529 211/626/4179 2189/1855/1923
f 1716/1594/1523 1687/2541/4321 253/2494/4322
f 1716/1594/1523 1348/1593/1522 1687/2541/4321
f 1348/1593/1522 651/2279/4323 1687/2541/4321
f 1347/1588/1513 2035/2542/4324 649/1591/4325
f 1347/1588/1513 2034/1587/1512 2035/2542/4324
f 2034/1587/1512 407/2280/4326 2035/2542/4324
f 1715/1586/1510 1526/2543/4327 648/2284/4328
f 1715/1586/1510 1525/1585/1509 1526/2543/4327
f 1525/1585/1509 428/2282/4329 1526/2543/4327
f 2033/1582/1506 1997/2544/4330 407/2280/4331
f 2033/1582/1506 2187/1581/1505 1997/2544/4330
f 2187/1581/1505 648/2284/4332 1997/2544/4330
f 2184/1576/1497 2032/2038/4333 643/1079/4334
f 2184/1576/1497 2185/1575/1496 2032/2038/4333
f 2185/1575/1496 535/684/3418 2032/2038/4333
f 1791/625/1488 1849/2150/4335 542/288/4336
f 1791/625/1488 1171/1568/1487 1849/2150/4335
f 1171/1568/1487 650/2287/4337 1849/2150/4335
f 1169/1563/1481 1714/2359/4338 544/2360/4339
f 1169/1563/1481 1170/1562/1480 1714/2359/4338
f 1170/1562/1480 541/810/4340 1714/2359/4338
f 1848/1556/1473 1894/2545/4341 390/1500/4342
f 1848/1556/1473 2031/1555/1472 1894/2545/4341
f 2031/1555/1472 327/2291/4343 1894/2545/4341
f 1846/1502/1469 1848/1556/4344 390/1500/4345
f 1846/1502/1469 1345/1554/1468 1848/1556/4344
f 1345/1554/1468 700/1150/3431 1848/1556/4344
f 1012/1553/1465 1106/2546/4346 345/2294/4347
f 1012/1553/1465 1168/1552/1464 1106/2546/4346
f 1168/1552/1464 258/2292/3434 1106/2546/4346
f 2183/1550/1462 2030/2226/1462 808/2227/1462
f 2183/1550/1462 2029/1549/1462 2030/2226/1462
f 2029/1549/1462 111/1539/1462 2030/2226/1462
f 2028/1548/1461 1926/710/4348 327/2291/4349
f 2028/1548/1461 1344/1547/1460 1926/710/4348
f 1344/1547/1460 331/708/4350 1926/710/4348
f 2182/1546/1456 990/2547/4351 536/2270/3386
f 2182/1546/1456 1011/1545/1455 990/2547/4351
f 1011/1545/1455 345/2294/4352 990/2547/4351
f 1166/1543/1452 1167/2140/4353 82/1535/4353
f 1166/1543/1452 1343/1542/1451 1167/2140/4353
f 1343/1542/1451 716/300/4353 1167/2140/4353
f 2025/1541/1449 2027/2548/1449 487/2525/1449
f 2025/1541/1449 2026/1540/1449 2027/2548/1449
f 2026/1540/1449 696/2296/1449 2027/2548/1449
f 1164/1537/1447 2024/1711/1447 567/2351/1447
f 1164/1537/1447 1165/1536/1447 2024/1711/1447
f 1165/1536/1447 709/1709/1447 2024/1711/1447
f 1163/1534/1445 1100/846/4354 258/2292/4355
f 1163/1534/1445 1713/1533/1444 1100/846/4354
f 1713/1533/1444 589/844/4356 1100/846/4354
f 1712/1531/1441 1697/1380/4357 589/844/4358
f 1712/1531/1441 1342/1530/1440 1697/1380/4357
f 1342/1530/1440 635/1378/4359 1697/1380/4357
f 2153/1284/1437 1438/2549/4360 652/1282/4361
f 2153/1284/1437 1524/1528/1436 1438/2549/4360
f 1524/1528/1436 532/2297/4362 1438/2549/4360
f 984/1526/1434 1523/2372/4363 425/2373/4364
f 984/1526/1434 1522/1525/1433 1523/2372/4363
f 1522/1525/1433 316/2299/4365 1523/2372/4363
f 1253/578/1431 1711/2429/4366 637/579/4367
f 1253/578/1431 1341/1523/1430 1711/2429/4366
f 1341/1523/1430 782/2302/4368 1711/2429/4366
f 1227/278/1428 1340/2133/4369 179/276/4370
f 1227/278/1428 1521/1522/1427 1340/2133/4369
f 1521/1522/1427 639/1437/4371 1340/2133/4369
f 1519/1520/1425 1520/1998/4372 412/908/4373
f 1519/1520/1425 2181/1519/1424 1520/1998/4372
f 2181/1519/1424 637/579/4374 1520/1998/4372
f 1009/1517/1421 1162/2072/4375 290/1259/4376
f 1009/1517/1421 1010/1516/1420 1162/2072/4375
f 1010/1516/1420 406/1256/4377 1162/2072/4375
f 1007/1514/1418 1518/2550/4378 452/2437/3878
f 1007/1514/1418 1008/1513/1417 1518/2550/4378
f 1008/1513/1417 641/1225/4379 1518/2550/4378
f 1338/1511/1414 1517/2301/4380 772/2303/4381
f 1338/1511/1414 1339/1510/1413 1517/2301/4380
f 1339/1510/1413 782/2302/4382 1517/2301/4380
f 2021/1505/1405 2023/2027/4383 631/1039/4384
f 2021/1505/1405 2022/1504/1404 2023/2027/4383
f 2022/1504/1404 633/2307/4385 2023/2027/4383
f 1846/1502/1402 1160/2103/2874 635/1378/2873
f 1846/1502/1402 1847/1501/1401 1160/2103/2874
f 1847/1501/1401 634/2310/3570 1160/2103/2874
f 1330/1446/1398 1337/1882/4386 371/371/4387
f 1330/1446/1398 2020/1499/1397 1337/1882/4386
f 2020/1499/1397 503/2313/3478 1337/1882/4386
f 2179/1498/1395 1466/2551/4388 748/2443/4389
f 2179/1498/1395 2180/1497/1394 1466/2551/4388
f 2180/1497/1394 764/2315/4390 1466/2551/4388
f 2177/1495/1392 2178/2130/4391 208/1496/4392
f 2177/1495/1392 1005/1494/1391 2178/2130/4391
f 1005/1494/1391 625/2316/3483 2178/2130/4391
f 1709/1492/1389 1264/672/512 627/804/4393
f 1709/1492/1389 1710/1491/1388 1264/672/512
f 1710/1491/1388 630/670/510 1264/672/512
f 1515/1488/1382 1448/2552/4394 748/2443/4395
f 1515/1488/1382 1516/1487/1381 1448/2552/4394
f 1516/1487/1381 752/2319/4396 1448/2552/4394
f 1327/1486/1379 1256/2553/4397 603/2430/4398
f 1327/1486/1379 1845/1485/1378 1256/2553/4397
f 1845/1485/1378 619/266/4399 1256/2553/4397
f 1835/1483/1376 1003/1996/4400 726/903/4401
f 1835/1483/1376 1002/1482/1375 1003/1996/4400
f 1002/1482/1375 73/1861/4402 1003/1996/4400
f 1335/1479/1369 1336/2065/4403 99/1228/4404
f 1335/1479/1369 1844/1478/1368 1336/2065/4403
f 1844/1478/1368 623/1404/3493 1336/2065/4403
f 1105/902/1364 2013/2554/4405 733/900/4406
f 1105/902/1364 2019/1475/1363 2013/2554/4405
f 2019/1475/1363 375/2321/3496 2013/2554/4405
f 1333/1473/1361 1605/423/4407 613/1417/4408
f 1333/1473/1361 1334/1472/1360 1605/423/4407
f 1334/1472/1360 615/421/4409 1605/423/4407
f 2175/1471/1357 1809/875/4410 615/2555/4411
f 2175/1471/1357 2176/1470/1356 1809/875/4410
f 2176/1470/1356 614/873/4412 1809/875/4410
f 1513/1466/1352 1491/2556/4413 420/2394/4414
f 1513/1466/1352 1514/1465/1351 1491/2556/4413
f 1514/1465/1351 252/605/4415 1491/2556/4413
f 1601/1463/1349 1159/2476/4416 266/506/4417
f 1601/1463/1349 1707/1462/1348 1159/2476/4416
f 1707/1462/1348 678/705/4418 1159/2476/4416
f 1903/505/1346 1668/2557/4419 749/503/4420
f 1903/505/1346 2018/1461/1345 1668/2557/4419
f 2018/1461/1345 757/2325/4421 1668/2557/4419
f 2174/1459/1343 1158/1650/4422 781/395/4423
f 2174/1459/1343 1157/1458/1342 1158/1650/4422
f 1157/1458/1342 562/1651/4424 1158/1650/4422
f 1821/1455/1338 1332/2118/1338 778/1447/1338
f 1821/1455/1338 1331/1454/1338 1332/2118/1338
f 1331/1454/1338 131/2327/1338 1332/2118/1338
f 1328/1452/1337 1843/1456/1337 780/839/1337
f 1328/1452/1337 1842/1451/1337 1843/1456/1337
f 1842/1451/1337 238/1457/1337 1843/1456/1337
f 1078/1449/1336 1512/2119/4425 779/1450/1336
f 1078/1449/1336 1511/1448/1335 1512/2119/4425
f 1511/1448/1335 132/2329/3516 1512/2119/4425
f 2172/1445/1329 1987/2558/4426 777/1634/4427
f 2172/1445/1329 2173/1444/1328 1987/2558/4426
f 2173/1444/1328 775/1440/4428 1987/2558/4426
f 1282/854/1324 2169/1435/4429 771/852/4430
f 1282/854/1324 2171/1441/1323 2169/1435/4429
f 2171/1441/1323 232/1235/4431 2169/1435/4429
f 2016/1439/1320 1813/2559/4432 782/2302/4433
f 2016/1439/1320 2017/1438/1319 1813/2559/4432
f 2017/1438/1319 774/1453/3524 1813/2559/4432
f 2169/1435/1316 1329/2439/4434 771/852/4435
f 2169/1435/1316 2170/1434/1315 1329/2439/4434
f 2170/1434/1315 772/2303/4436 1329/2439/4434
f 1705/1430/1307 2168/2459/4437 616/2324/4438
f 1705/1430/1307 1706/1429/1306 2168/2459/4437
f 1706/1429/1306 694/2333/4439 2168/2459/4437
f 1470/867/1300 1611/2560/4440 501/865/4441
f 1470/867/1300 1509/1424/1299 1611/2560/4440
f 1509/1424/1299 611/2335/4442 1611/2560/4440
f 1099/838/1297 1328/1452/4443 780/839/1297
f 1099/838/1297 1156/1423/1296 1328/1452/4443
f 1156/1423/1296 779/1450/3536 1328/1452/4443
f 2149/1422/1294 2167/2461/4444 256/2444/4445
f 2149/1422/1294 1840/1421/1293 2167/2461/4444
f 1840/1421/1293 609/511/4446 2167/2461/4444
f 1703/1419/1291 1453/2561/4447 694/2333/4448
f 1703/1419/1291 1704/1418/1290 1453/2561/4447
f 1704/1418/1290 684/985/4449 1453/2561/4447
f 1507/1416/1287 1098/2562/4450 755/590/4451
f 1507/1416/1287 1508/1415/1286 1098/2562/4450
f 1508/1415/1286 754/396/4452 1098/2562/4450
f 1505/1413/1283 1327/1486/4453 603/2430/4454
f 1505/1413/1283 1506/1412/1282 1327/1486/4453
f 1506/1412/1282 606/1484/4455 1327/1486/4453
f 1000/1410/1280 1001/1926/4456 601/587/4457
f 1000/1410/1280 1702/1409/1279 1001/1926/4456
f 1702/1409/1279 605/2338/4458 1001/1926/4456
f 2014/1406/1275 1155/1928/4459 741/596/4460
f 2014/1406/1275 2015/1405/1274 1155/1928/4459
f 2015/1405/1274 730/1474/4461 1155/1928/4459
f 1935/1403/1272 2013/2554/4462 375/2321/4463
f 1935/1403/1272 999/1402/1271 2013/2554/4462
f 999/1402/1271 733/900/4464 2013/2554/4462
f 1699/1397/1268 1326/2125/4465 595/183/4466
f 1699/1397/1268 1701/1399/1267 1326/2125/4465
f 1701/1399/1267 600/2323/3557 1326/2125/4465
f 1699/1397/1265 1700/2123/4467 117/1398/4468
f 1699/1397/1265 1325/1396/1264 1700/2123/4467
f 1325/1396/1264 677/1209/3560 1700/2123/4467
f 2011/1395/1262 2166/2124/4469 618/1464/4470
f 2011/1395/1262 2012/1394/1261 2166/2124/4469
f 2012/1394/1261 616/2324/4471 2166/2124/4469
f 2163/1388/1253 1293/987/4472 683/2442/4473
f 2163/1388/1253 2164/1387/1252 1293/987/4472
f 2164/1387/1252 684/985/4474 1293/987/4472
f 1697/1380/1241 1698/1982/4475 589/844/4476
f 1697/1380/1241 1154/1379/1240 1698/1982/4475
f 1154/1379/1240 594/2342/4477 1698/1982/4475
f 996/1377/1238 2010/2132/4478 591/1503/4479
f 996/1377/1238 997/1376/1237 2010/2132/4478
f 997/1376/1237 593/2308/3572 2010/2132/4478
f 1151/1375/1236 1153/2144/4480 706/1551/4481
f 1151/1375/1236 1152/1374/1235 1153/2144/4480
f 1152/1374/1235 707/1532/3575 1153/2144/4480
f 1323/1370/1230 1324/2536/4482 147/2259/3381
f 1323/1370/1230 995/1369/1229 1324/2536/4482
f 995/1369/1229 344/1652/4483 1324/2536/4482
f 1503/1366/1226 1504/2326/4484 300/2116/4485
f 1503/1366/1226 2009/1365/1225 1504/2326/4484
f 2009/1365/1225 562/1651/4486 1504/2326/4484
f 1502/1363/1223 881/148/1223 692/2528/1223
f 1502/1363/1223 994/1362/1223 881/148/1223
f 994/1362/1223 369/149/1223 881/148/1223
f 1694/1358/1217 993/2156/4487 553/1599/4488
f 1694/1358/1217 1695/1357/1216 993/2156/4487
f 1695/1357/1216 556/2347/4489 993/2156/4487
f 2007/1354/1211 2146/2563/1211 737/757/1211
f 2007/1354/1211 2008/1353/1211 2146/2563/1211
f 2008/1353/1211 736/2349/1211 2146/2563/1211
f 1839/1350/1209 2006/2526/4490 808/2227/4490
f 1839/1350/1209 2005/1349/1208 2006/2526/4490
f 2005/1349/1208 567/2351/4490 2006/2526/4490
f 2098/1347/1206 2161/1741/1206 761/2523/1206
f 2098/1347/1206 2160/1346/1206 2161/1741/1206
f 2160/1346/1206 200/1739/1206 2161/1741/1206
f 991/1337/1198 1692/2154/4491 549/1584/4492
f 991/1337/1198 992/1336/1197 1692/2154/4491
f 992/1336/1197 551/2283/3586 1692/2154/4491
f 1499/1334/1195 1501/1995/4493 733/900/4494
f 1499/1334/1195 1500/1333/1194 1501/1995/4493
f 1500/1333/1194 308/1411/4495 1501/1995/4493
f 2158/1329/1191 1691/2190/1191 565/1719/1191
f 2158/1329/1191 2159/1328/1191 1691/2190/1191
f 2159/1328/1191 569/2225/1191 1691/2190/1191
f 1690/1324/1187 1631/812/4496 165/2422/4497
f 1690/1324/1187 2003/1323/1186 1631/812/4496
f 2003/1323/1186 541/810/4498 1631/812/4496
f 2002/1321/1183 2157/1867/1183 716/300/1183
f 2002/1321/1183 2156/1320/1183 2157/1867/1183
f 2156/1320/1183 192/1327/1183 2157/1867/1183
f 1420/313/1182 1149/2485/4499 306/311/4500
f 1420/313/1182 1498/1318/1181 1149/2485/4499
f 1498/1318/1181 690/998/4501 1149/2485/4499
f 989/1317/1178 990/2547/4502 345/2294/4503
f 989/1317/1178 1497/1316/1177 990/2547/4502
f 1497/1316/1177 536/2270/4504 990/2547/4502
f 1838/1308/1171 1418/284/1171 710/2293/1171
f 1838/1308/1171 1496/1307/1171 1418/284/1171
f 1496/1307/1171 92/282/1171 1418/284/1171
f 988/1305/1165 1257/616/1165 761/2523/1165
f 988/1305/1165 1322/1304/1165 1257/616/1165
f 1322/1304/1165 163/614/1165 1257/616/1165
f 1925/1299/1161 987/2363/4505 689/2364/4506
f 1925/1299/1161 1999/1298/1160 987/2363/4505
f 1999/1298/1160 690/998/4507 987/2363/4505
f 2154/1296/1158 1321/2187/4508 571/1702/4508
f 2154/1296/1158 2155/1295/1157 1321/2187/4508
f 2155/1295/1157 576/2231/4508 1321/2187/4508
f 1688/1290/1148 1248/2564/4509 646/1669/4510
f 1688/1290/1148 1689/1289/1147 1248/2564/4509
f 1689/1289/1147 643/2300/4511 1248/2564/4509
f 1320/1287/1145 1687/2565/4512 651/2081/4513
f 1320/1287/1145 1686/1286/1144 1687/2565/4512
f 1686/1286/1144 253/2369/4514 1687/2565/4512
f 2153/1284/1142 1997/2566/4515 648/1527/4516
f 2153/1284/1142 1996/1283/1141 1997/2566/4515
f 1996/1283/1141 407/2371/4517 1997/2566/4515
f 1478/941/1139 1995/2567/4518 644/939/4519
f 1478/941/1139 1994/1281/1138 1995/2567/4518
f 1994/1281/1138 399/963/4520 1995/2567/4518
f 1148/1277/1134 1495/2004/4521 644/939/4522
f 1148/1277/1134 1494/1276/1133 1495/2004/4521
f 1494/1276/1133 316/2299/4523 1495/2004/4521
f 885/188/1119 960/970/4524 649/186/4525
f 885/188/1119 983/1265/1118 960/970/4524
f 983/1265/1118 529/971/4526 960/970/4524
f 1146/1264/1115 1436/445/4527 532/2297/4528
f 1146/1264/1115 1147/1263/1114 1436/445/4527
f 1147/1263/1114 653/443/4529 1436/445/4527
f 1144/1261/1111 2075/272/4530 344/1652/4531
f 1144/1261/1111 1145/1260/1110 2075/272/4530
f 1145/1260/1110 518/270/4532 2075/272/4530
f 1836/1258/1108 1620/655/4533 518/270/3624
f 1836/1258/1108 1837/1257/1107 1620/655/4533
f 1837/1257/1107 517/653/4534 1620/655/4533
f 1318/1255/1105 1493/2183/4535 140/1686/4536
f 1318/1255/1105 1319/1254/1104 1493/2183/4535
f 1319/1254/1104 521/1683/4537 1493/2183/4535
f 1684/1252/1102 1685/2376/4538 293/2377/4539
f 1684/1252/1102 1143/1251/1101 1685/2376/4538
f 1143/1251/1101 517/653/4540 1685/2376/4538
f 1141/1249/1099 1142/2070/4541 378/1250/4542
f 1141/1249/1099 1683/1248/1098 1142/2070/4541
f 1683/1248/1098 519/763/4543 1142/2070/4541
f 1993/1247/1096 982/1965/4544 519/763/4545
f 1993/1247/1096 981/1246/1095 982/1965/4544
f 981/1246/1095 353/2379/4546 982/1965/4544
f 1891/1241/1088 1140/2040/4547 495/1085/4548
f 1891/1241/1088 1139/1240/1087 1140/2040/4547
f 1139/1240/1087 82/1535/4549 1140/2040/4547
f 2151/1237/1084 980/2568/4550 449/2491/4551
f 2151/1237/1084 2152/1236/1083 980/2568/4550
f 2152/1236/1083 463/2381/4552 980/2568/4550
f 1316/1230/1074 1835/1483/4553 726/903/4554
f 1316/1230/1074 1317/1229/1073 1835/1483/4553
f 1317/1229/1073 741/596/3647 1835/1483/4553
f 1991/1227/1071 1830/2569/4555 455/2404/4556
f 1991/1227/1071 1834/1226/1070 1830/2569/4555
f 1834/1226/1070 166/1436/4557 1830/2569/4555
f 1682/1218/1064 1084/2570/4558 510/2480/4559
f 1682/1218/1064 1138/1217/1063 1084/2570/4558
f 1138/1217/1063 218/295/4560 1084/2570/4558
f 1989/1216/1061 1990/2050/1061 167/1140/1061
f 1989/1216/1061 2150/1215/1061 1990/2050/1061
f 2150/1215/1061 454/2383/1061 1990/2050/1061
f 1681/1211/1058 1833/1951/4561 678/705/4562
f 1681/1211/1058 1832/1210/1057 1833/1951/4561
f 1832/1210/1057 326/2385/4563 1833/1951/4561
f 978/1205/1052 1680/2571/4564 489/2344/3573
f 978/1205/1052 979/1204/1051 1680/2571/4564
f 979/1204/1051 485/2387/4565 1680/2571/4564
f 2148/1199/1044 2149/1422/4566 256/2444/4567
f 2148/1199/1044 977/1198/1043 2149/1422/4566
f 977/1198/1043 502/1420/4568 2149/1422/4566
f 1487/1116/1038 1679/2152/4569 734/1114/4570
f 1487/1116/1038 1678/1195/1037 1679/2152/4569
f 1678/1195/1037 549/1584/4571 1679/2152/4569
f 1676/1189/1033 2100/2572/4572 784/2455/4573
f 1676/1189/1033 1677/1188/1032 2100/2572/4572
f 1677/1188/1032 786/2274/4574 2100/2572/4572
f 926/1186/1029 2146/2563/1029 736/2349/1029
f 926/1186/1029 976/1185/1029 2146/2563/1029
f 976/1185/1029 737/757/1029 2146/2563/1029
f 1638/1182/1027 1987/2558/4575 775/1440/4576
f 1638/1182/1027 1675/1181/1026 1987/2558/4575
f 1675/1181/1026 777/1634/4577 1987/2558/4575
f 1672/1179/1024 1674/2062/4578 677/1209/4579
f 1672/1179/1024 1673/1178/1023 1674/2062/4578
f 1673/1178/1023 301/329/3679 1674/2062/4578
f 1070/1176/1021 1265/678/1021 739/2524/1021
f 1070/1176/1021 1137/1175/1021 1265/678/1021
f 1137/1175/1021 723/676/1021 1265/678/1021
f 1490/1173/1020 1491/2556/4580 252/605/4581
f 1490/1173/1020 2145/1172/1019 1491/2556/4580
f 2145/1172/1019 420/2394/4582 1491/2556/4580
f 2144/1170/1017 1986/2003/4583 718/928/4584
f 2144/1170/1017 1985/1169/1016 1986/2003/4583
f 1985/1169/1016 631/1039/4585 1986/2003/4583
f 1134/1167/1013 1136/2304/3462 202/2305/3464
f 1134/1167/1013 1135/1166/1012 1136/2304/3462
f 1135/1166/1012 406/1256/3463 1136/2304/3462
f 1669/1158/1002 1671/1910/4586 749/503/4587
f 1669/1158/1002 1670/1157/1001 1671/1910/4586
f 1670/1157/1001 764/2315/4588 1671/1910/4586
f 1131/1154/998 1132/1869/4589 306/311/4590
f 1131/1154/998 2143/1153/997 1132/1869/4589
f 2143/1153/997 432/2397/4591 1132/1869/4589
f 1489/1152/995 2142/1866/4592 701/297/4593
f 1489/1152/995 2141/1151/994 2142/1866/4592
f 2141/1151/994 136/2399/4594 2142/1866/4592
f 1786/1149/992 1777/2573/4595 422/2482/4596
f 1786/1149/992 1831/1148/991 1777/2573/4595
f 1831/1148/991 326/2385/4597 1777/2573/4595
f 1981/1147/988 1812/905/4598 727/632/4599
f 1981/1147/988 1982/1146/987 1812/905/4598
f 1982/1146/987 726/903/4600 1812/905/4598
f 1314/1142/982 1315/2049/982 107/1137/982
f 1314/1142/982 1980/1141/982 1315/2049/982
f 1980/1141/982 457/2402/982 1315/2049/982
f 1312/1139/981 1830/2569/4601 166/1436/4602
f 1312/1139/981 1313/1138/980 1830/2569/4601
f 1313/1138/980 455/2404/4603 1830/2569/4601
f 972/1131/973 2140/2139/4604 707/1532/4605
f 972/1131/973 973/1130/972 2140/2139/4604
f 973/1130/972 704/1168/4606 2140/2139/4604
f 1488/1119/961 1130/1735/961 817/159/961
f 1488/1119/961 1129/1118/961 1130/1735/961
f 1129/1118/961 738/1733/961 1130/1735/961
f 1487/1116/960 1978/2092/4607 732/1194/4608
f 1487/1116/960 1977/1115/959 1978/2092/4607
f 1977/1115/959 295/1164/4609 1978/2092/4607
f 1975/1110/953 1668/2557/4610 757/2325/4611
f 1975/1110/953 1976/1109/952 1668/2557/4610
f 1976/1109/952 749/503/4612 1668/2557/4610
f 971/1103/947 1128/2057/4613 273/1184/4183
f 971/1103/947 1127/1102/946 1128/2057/4613
f 1127/1102/946 178/2391/4613 1128/2057/4613
f 970/1100/944 2084/342/240 153/728/4614
f 970/1100/944 2138/1099/944 2084/342/240
f 2138/1099/944 88/340/240 2084/342/240
f 1667/1097/943 1974/2149/4615 685/1567/4616
f 1667/1097/943 1973/1096/942 1974/2149/4615
f 1973/1096/942 399/2289/4617 1974/2149/4615
f 1125/1095/940 1126/1845/4618 74/165/4619
f 1125/1095/940 1666/1094/939 1126/1845/4618
f 1666/1094/939 77/467/3724 1126/1845/4618
f 1309/1093/937 1311/1983/4620 227/849/4621
f 1309/1093/937 1310/1092/936 1311/1983/4620
f 1310/1092/936 139/1253/4622 1311/1983/4620
f 1123/1090/933 1665/2021/4623 395/1011/4624
f 1123/1090/933 1124/1089/932 1665/2021/4623
f 1124/1089/932 373/894/3730 1665/2021/4623
f 1901/1087/929 1972/2350/929 570/2352/929
f 1901/1087/929 1971/1086/929 1972/2350/929
f 1971/1086/929 567/2351/929 1972/2350/929
f 1827/1084/928 1664/1993/2421 373/894/2420
f 1827/1084/928 1828/1083/927 1664/1993/2421
f 1828/1083/927 374/1052/3859 1664/1993/2421
f 1440/1081/925 1486/2163/4625 244/1627/4626
f 1440/1081/925 1308/1080/924 1486/2163/4625
f 1308/1080/924 715/1544/4627 1486/2163/4625
f 1825/1078/921 1826/2032/4628 222/1055/4629
f 1825/1078/921 2137/1077/920 1826/2032/4628
f 2137/1077/920 787/2261/4630 1826/2032/4628
f 2136/1075/917 2089/2574/4631 176/2418/4632
f 2136/1075/917 1663/1074/916 2089/2574/4631
f 1663/1074/916 789/2277/4633 2089/2574/4631
f 1662/1070/910 2135/2361/4634 245/2362/4635
f 1662/1070/910 2134/1069/909 2135/2361/4634
f 2134/1069/909 192/1327/4636 2135/2361/4634
f 1122/1068/907 1661/2053/4637 314/1165/4638
f 1122/1068/907 1660/1067/906 1661/2053/4637
f 1660/1067/906 293/2377/4639 1661/2053/4637
f 2132/1065/902 1659/2185/4640 381/1692/4641
f 2132/1065/902 2133/1064/901 1659/2185/4640
f 2133/1064/901 357/1689/4642 1659/2185/4640
f 1121/1062/899 1112/976/800 90/884/4643
f 1121/1062/899 1307/1061/898 1112/976/800
f 1307/1061/898 342/796/798 1112/976/800
f 969/1060/896 1970/1987/896 465/868/896
f 969/1060/896 1969/1059/896 1970/1987/896
f 1969/1059/896 151/2408/896 1970/1987/896
f 1657/1057/895 1658/1897/4644 221/439/4645
f 1657/1057/895 1824/1056/894 1658/1897/4644
f 1824/1056/894 260/2257/4646 1658/1897/4644
f 1484/1054/892 1485/2042/4647 228/1091/4648
f 1484/1054/892 968/1053/891 1485/2042/4647
f 968/1053/891 353/2379/4649 1485/2042/4647
f 1424/1051/889 967/1860/4650 477/2575/4651
f 1424/1051/889 966/1050/888 967/1860/4650
f 966/1050/888 73/1861/3760 967/1860/4650
f 1968/1049/886 1120/1945/4652 535/684/4653
f 1968/1049/886 1119/1048/885 1120/1945/4652
f 1119/1048/885 162/1373/4654 1120/1945/4652
f 1965/1046/883 1967/1957/4655 87/731/4656
f 1965/1046/883 1966/1045/882 1967/1957/4655
f 1966/1045/882 231/979/3766 1967/1957/4655
f 1306/1043/880 1964/1994/4657 171/897/4658
f 1306/1043/880 1963/1042/879 1964/1994/4657
f 1963/1042/879 95/2414/4659 1964/1994/4657
f 1655/1041/877 1656/1868/4660 85/308/4661
f 1655/1041/877 1483/1040/876 1656/1868/4660
f 1483/1040/876 492/2416/4662 1656/1868/4660
f 1117/1038/874 1962/2157/3114 223/1600/3113
f 1117/1038/874 1118/1037/873 1962/2157/3114
f 1118/1037/873 376/951/3404 1962/2157/3114
f 1304/1031/867 1961/2014/4663 231/979/4664
f 1304/1031/867 1305/1030/866 1961/2014/4663
f 1305/1030/866 322/1088/4665 1961/2014/4663
f 1302/1027/860 1654/2007/4666 376/951/4667
f 1302/1027/860 1303/1026/859 1654/2007/4666
f 1303/1026/859 341/923/4668 1654/2007/4666
f 1958/1024/857 1960/2251/4669 359/2250/4670
f 1958/1024/857 1959/1023/856 1960/2251/4669
f 1959/1023/856 381/1692/4671 1960/2251/4669
f 1115/1015/846 1301/1985/2397 243/862/2396
f 1115/1015/846 1116/1014/845 1301/1985/2397
f 1116/1014/845 360/1076/3876 1301/1985/2397
f 1822/1013/843 1823/1847/1892 78/171/1891
f 1822/1013/843 964/1012/842 1823/1847/1892
f 964/1012/842 81/567/3788 1823/1847/1892
f 1299/1010/840 1821/1455/840 778/1447/840
f 1299/1010/840 1300/1009/840 1821/1455/840
f 1300/1009/840 774/1453/840 1821/1455/840
f 1482/1008/839 1298/2029/4672 386/1044/4673
f 1482/1008/839 1297/1007/838 1298/2029/4672
f 1297/1007/838 75/1029/4674 1298/2029/4672
f 1820/1005/835 1247/2576/835 457/2472/835
f 1820/1005/835 1296/1004/835 1247/2576/835
f 1296/1004/835 131/2327/835 1247/2576/835
f 1081/1000/827 1295/2186/4675 691/1695/4675
f 1081/1000/827 1294/999/826 1295/2186/4675
f 1294/999/826 571/1702/4675 1295/2186/4675
f 1956/997/824 2130/2031/2565 374/1052/2564
f 1956/997/824 1957/996/823 2130/2031/2565
f 1957/996/823 352/2411/3758 2130/2031/2565
f 1293/987/812 1633/2577/4676 683/2442/4677
f 1293/987/812 1653/986/811 1633/2577/4676
f 1653/986/811 165/2422/4678 1633/2577/4676
f 1818/984/809 1819/1992/4679 70/890/4680
f 1818/984/809 1481/983/808 1819/1992/4679
f 1481/983/808 108/404/4681 1819/1992/4679
f 1954/981/806 1652/2011/4682 309/966/4683
f 1954/981/806 1955/980/805 1652/2011/4682
f 1955/980/805 395/1011/4684 1652/2011/4682
f 962/978/803 1114/2578/4685 501/1909/4686
f 962/978/803 963/977/802 1114/2578/4685
f 963/977/802 498/1359/4687 1114/2578/4685
f 1112/976/800 1113/1990/4688 90/884/4643
f 1112/976/800 1817/975/799 1113/1990/4688
f 1817/975/799 366/957/4688 1113/1990/4688
f 961/974/797 2129/1975/797 337/807/797
f 961/974/797 2128/973/797 2129/1975/797
f 2128/973/797 296/2241/797 2129/1975/797
f 1651/968/792 1816/1972/4689 342/796/4690
f 1651/968/792 1815/967/791 1816/1972/4689
f 1815/967/791 78/171/3808 1816/1972/4689
f 1952/965/789 1111/2374/4691 650/2375/3423
f 1952/965/789 1953/964/788 1111/2374/4691
f 1953/964/788 653/443/4692 1111/2374/4691
f 1951/959/782 959/2013/782 351/972/782
f 1951/959/782 958/958/782 959/2013/782
f 958/958/782 297/2244/782 959/2013/782
f 1291/953/780 1292/1933/2212 211/626/2211
f 1291/953/780 2127/952/779 1292/1933/2212
f 2127/952/779 389/508/4001 1292/1933/2212
f 1290/950/777 1480/1664/4693 654/2255/4694
f 1290/950/777 1479/949/776 1480/1664/4693
f 1479/949/776 284/1662/4695 1480/1664/4693
f 1950/944/770 2126/2009/4696 366/957/3806
f 1950/944/770 2125/943/769 2126/2009/4696
f 2125/943/769 304/2246/4696 2126/2009/4696
f 1478/941/767 1650/2534/4697 645/1280/4698
f 1478/941/767 1649/940/766 1650/2534/4697
f 1649/940/766 533/1288/4699 1650/2534/4697
f 1477/938/764 1110/2020/4700 364/1006/4701
f 1477/938/764 1109/937/763 1110/2020/4700
f 1109/937/763 74/165/4702 1110/2020/4700
f 1948/935/761 1108/2036/4703 388/1066/4704
f 1948/935/761 1949/934/760 1108/2036/4703
f 1949/934/760 378/1250/4705 1108/2036/4703
f 1476/930/757 1648/2052/4706 700/1150/4707
f 1476/930/757 1647/929/756 1648/2052/4706
f 1647/929/756 85/308/4708 1648/2052/4706
f 1645/925/750 1107/1911/4709 389/508/4710
f 1645/925/750 1646/924/749 1107/1911/4709
f 1646/924/749 386/1044/3832 1107/1911/4709
f 1598/334/747 1635/2579/4711 237/332/4712
f 1598/334/747 957/922/746 1635/2579/4711
f 957/922/746 433/2023/4713 1635/2579/4711
f 1101/919/740 1106/2546/4714 258/2292/4715
f 1101/919/740 956/918/739 1106/2546/4714
f 956/918/739 345/2294/3837 1106/2546/4714
f 1814/913/734 2124/2181/4716 294/1680/4717
f 1814/913/734 2123/912/733 2124/2181/4716
f 2123/912/733 248/2239/4718 2124/2181/4716
f 1474/910/731 1813/2559/4719 774/1453/4720
f 1474/910/731 1475/909/730 1813/2559/4719
f 1475/909/730 782/2302/4721 1813/2559/4719
f 1812/905/727 1946/1934/4722 727/632/4723
f 1812/905/727 1945/904/726 1946/1934/4722
f 1945/904/726 391/2413/4724 1946/1934/4722
f 1105/902/723 1289/2460/4725 730/1474/4726
f 1105/902/723 1288/901/722 1289/2460/4725
f 1288/901/722 603/2430/4727 1289/2460/4725
f 1103/899/720 1104/2026/4728 170/1036/4729
f 1103/899/720 1287/898/719 1104/2026/4728
f 1287/898/719 259/1025/4730 1104/2026/4728
f 954/896/717 955/1922/4731 81/567/4732
f 954/896/717 1473/895/716 955/1922/4731
f 1473/895/716 228/1091/4733 955/1922/4731
f 1810/892/713 1644/2456/4734 757/2325/4735
f 1810/892/713 1811/891/712 1644/2456/4734
f 1811/891/712 758/2432/4736 1644/2456/4734
f 952/889/709 1918/634/4737 736/2349/709
f 952/889/709 953/888/710 1918/634/4737
f 953/888/710 727/632/4738 1918/634/4737
f 950/886/708 951/1980/4739 89/832/4182
f 950/886/708 1102/885/707 951/1980/4739
f 1102/885/707 351/972/3867 951/1980/4739
f 1642/880/698 1643/2002/2450 341/923/748
f 1642/880/698 1472/879/697 1643/2002/2450
f 1472/879/697 364/1006/3833 1643/2002/2450
f 1471/878/695 1286/2048/695 812/1117/695
f 1471/878/695 1285/877/695 1286/2048/695
f 1285/877/695 579/452/695 1286/2048/695
f 1809/875/694 1284/2580/4740 615/2555/4741
f 1809/875/694 1283/874/693 1284/2580/4740
f 1283/874/693 419/179/4742 1284/2580/4740
f 1641/870/688 2122/1902/2086 437/460/2085
f 1641/870/688 2121/869/687 2122/1902/2086
f 2121/869/687 336/2436/4088 2122/1902/2086
f 1470/867/686 1640/2108/4743 188/1414/4744
f 1470/867/686 1639/866/685 1640/2108/4743
f 1639/866/685 149/1356/4745 1640/2108/4743
f 1943/864/683 1944/1919/4746 175/554/4747
f 1943/864/683 1808/863/682 1944/1919/4746
f 1808/863/682 222/1055/4748 1944/1919/4746
f 1937/860/679 949/2005/4749 343/942/4749
f 1937/860/679 1942/859/678 949/2005/4749
f 1942/859/678 305/2248/4750 949/2005/4749
f 1411/251/676 893/2581/4751 449/249/4752
f 1411/251/676 1469/857/675 893/2581/4751
f 1469/857/675 452/2437/4753 893/2581/4751
f 1282/854/672 1638/1182/4754 775/1440/4755
f 1282/854/672 1637/853/671 1638/1182/4754
f 1637/853/671 325/1180/4756 1638/1182/4754
f 1281/851/669 1468/2184/4757 357/1689/4758
f 1281/851/669 1467/850/668 1468/2184/4757
f 1467/850/668 140/1686/4759 1468/2184/4757
f 1100/846/665 1101/919/4760 258/2292/4761
f 1100/846/665 2120/845/664 1101/919/4760
f 2120/845/664 488/917/4762 1101/919/4760
f 1249/490/662 1280/2137/4763 339/491/4764
f 1249/490/662 2119/843/661 1280/2137/4763
f 2119/843/661 772/2303/4765 1280/2137/4763
f 947/834/654 2117/1977/654 152/819/654
f 947/834/654 948/833/654 2117/1977/654
f 948/833/654 337/807/654 2117/1977/654
f 1940/827/649 1636/2104/4766 599/1393/4767
f 1940/827/649 1941/826/648 1636/2104/4766
f 1941/826/648 597/1428/4768 1636/2104/4766
f 945/824/646 1635/2579/4769 433/2023/4770
f 945/824/646 1634/823/645 1635/2579/4769
f 1634/823/645 237/332/4771 1635/2579/4769
f 1938/821/642 1939/2435/642 151/2408/642
f 1938/821/642 2116/820/642 1939/2435/642
f 2116/820/642 336/2436/642 1939/2435/642
f 1807/818/641 1798/730/641 150/2409/641
f 1807/818/641 944/817/641 1798/730/641
f 944/817/641 153/728/641 1798/730/641
f 1279/815/640 2080/2582/4772 491/2488/4773
f 1279/815/640 2115/814/639 2080/2582/4772
f 2115/814/639 136/2399/4774 2080/2582/4772
f 1631/812/637 1633/2577/4775 165/2422/4776
f 1631/812/637 1632/811/636 1633/2577/4775
f 1632/811/636 683/2442/4777 1633/2577/4775
f 2114/809/634 1806/2473/634 336/2436/634
f 2114/809/634 1805/808/634 1806/2473/634
f 1805/808/634 278/2242/634 1806/2473/634
f 1277/806/633 1466/2551/4778 764/2315/4779
f 1277/806/633 1278/805/632 1466/2551/4778
f 1278/805/632 748/2443/4780 1466/2551/4778
f 906/803/630 1098/2562/4781 754/396/4782
f 906/803/630 943/802/629 1098/2562/4781
f 943/802/629 755/590/4783 1098/2562/4781
f 1804/798/624 1937/860/4784 343/942/4785
f 1804/798/624 1936/797/623 1937/860/4784
f 1936/797/623 79/858/3914 1937/860/4784
f 1630/792/619 942/1874/4786 237/332/4787
f 1630/792/619 941/791/618 942/1874/4786
f 941/791/618 225/2253/4788 942/1874/4786
f 1272/768/613 1276/2006/2470 523/766/2469
f 1272/768/613 1275/782/612 1276/2006/2470
f 1275/782/612 283/2425/3818 1276/2006/2470
f 1801/777/607 2071/197/607 88/340/607
f 1801/777/607 1802/776/606 2071/197/607
f 1802/776/606 91/195/3923 2071/197/607
f 2113/774/604 1274/1949/4789 528/699/4790
f 2113/774/604 1273/773/603 1274/1949/4789
f 1273/773/603 283/2425/4791 1274/1949/4789
f 1096/771/601 1097/2448/601 178/2391/601
f 1096/771/601 2112/770/601 1097/2448/601
f 2112/770/601 577/1730/601 1097/2448/601
f 1272/768/600 2111/2043/4792 524/781/4793
f 1272/768/600 2110/767/599 2111/2043/4792
f 2110/767/599 272/667/4794 2111/2043/4792
f 1629/765/597 2109/1937/4795 517/653/4796
f 1629/765/597 2108/764/596 2109/1937/4795
f 2108/764/596 352/2411/4797 2109/1937/4795
f 1913/762/594 1935/1403/4798 375/2321/4799
f 1913/762/594 940/761/593 1935/1403/4798
f 940/761/593 393/1335/4800 1935/1403/4798
f 909/759/591 939/2192/591 738/1733/591
f 909/759/591 938/758/591 939/2192/591
f 938/758/591 577/1730/591 939/2192/591
f 936/756/590 1800/2039/4801 190/1082/4802
f 936/756/590 937/755/589 1800/2039/4801
f 937/755/589 191/995/3938 1800/2039/4801
f 1934/753/587 935/2097/587 383/1352/587
f 1934/753/587 934/752/587 935/2097/587
f 934/752/587 321/887/587 935/2097/587
f 933/750/583 2107/1912/4803 609/511/4804
f 933/750/583 2106/749/582 2107/1912/4803
f 2106/749/582 208/1496/3941 2107/1912/4803
f 1270/740/574 1932/1920/4805 435/557/4806
f 1270/740/574 1931/739/573 1932/1920/4805
f 1931/739/573 223/1600/4807 1932/1920/4805
f 1929/733/569 1269/2034/4808 91/195/4809
f 1929/733/569 1930/732/568 1269/2034/4808
f 1930/732/568 309/966/3947 1269/2034/4808
f 1798/730/566 1799/2407/566 150/2409/566
f 1798/730/566 1928/729/566 1799/2407/566
f 1928/729/566 151/2408/566 1799/2407/566
f 1267/720/557 1628/2421/4810 291/2336/4811
f 1267/720/557 1627/719/556 1628/2421/4810
f 1627/719/556 165/2422/4812 1628/2421/4810
f 1923/701/553 1915/2583/4813 528/699/4814
f 1923/701/553 1927/715/552 1915/2583/4813
f 1927/715/552 95/2414/4815 1915/2583/4813
f 1926/710/547 1893/365/4816 327/2291/4817
f 1926/710/547 1266/709/546 1893/365/4816
f 1266/709/546 490/363/4818 1893/365/4816
f 1779/707/544 1925/1299/4819 689/2364/4820
f 1779/707/544 1924/706/543 1925/1299/4819
f 1924/706/543 279/1297/4821 1925/1299/4819
f 1095/704/541 1464/1859/4822 434/258/4822
f 1095/704/541 1463/703/540 1464/1859/4822
f 1463/703/540 220/816/4822 1464/1859/4822
f 1923/701/538 1462/1989/4823 527/714/4824
f 1923/701/538 1461/700/537 1462/1989/4823
f 1461/700/537 292/936/4825 1462/1989/4823
f 1625/696/534 2105/1738/534 826/1303/534
f 1625/696/534 2104/695/534 2105/1738/534
f 2104/695/534 760/1736/534 2105/1738/534
f 2103/689/526 1797/2182/4826 521/1683/4827
f 2103/689/526 1796/688/525 1797/2182/4826
f 1796/688/525 294/1680/4828 1797/2182/4826
f 1921/686/523 1094/2143/4829 715/1544/4830
f 1921/686/523 1922/685/522 1094/2143/4829
f 1922/685/522 706/1551/4831 1094/2143/4829
f 1089/645/520 2102/2022/4832 242/643/4833
f 1089/645/520 2101/683/519 2102/2022/4832
f 2101/683/519 176/2418/4834 2102/2022/4832
f 1459/681/517 1460/2328/517 132/2329/517
f 1459/681/517 1795/680/517 1460/2328/517
f 1795/680/517 238/1457/517 1460/2328/517
f 1265/678/516 932/1725/516 739/2524/4835
f 1265/678/516 931/677/516 932/1725/516
f 931/677/516 137/1723/516 932/1725/516
f 1093/675/515 930/2478/4836 554/189/4837
f 1093/675/515 929/674/514 930/2478/4836
f 929/674/514 329/801/4838 930/2478/4836
f 1264/672/512 1458/1974/4839 627/804/4393
f 1264/672/512 1457/671/511 1458/1974/4839
f 1457/671/511 164/608/4840 1458/1974/4839
f 1623/669/509 1624/1905/2095 77/467/2094
f 1623/669/509 1920/668/508 1624/1905/2095
f 1920/668/508 175/554/4080 1624/1905/2095
f 927/663/504 2100/2572/4841 786/2274/4842
f 927/663/504 928/662/503 2100/2572/4841
f 928/662/503 784/2455/4843 2100/2572/4841
f 1456/660/501 1092/1958/4844 436/738/4845
f 1456/660/501 1091/659/500 1092/1958/4844
f 1091/659/500 170/1036/4846 1092/1958/4844
f 1620/655/497 1622/1862/1948 518/270/1947
f 1620/655/497 1621/654/496 1622/1862/1948
f 1621/654/496 397/2420/4171 1622/1862/1948
f 1889/224/493 1619/2495/4847 205/222/4848
f 1889/224/493 1919/649/492 1619/2495/4847
f 1919/649/492 758/2432/4849 1619/2495/4847
f 1089/645/489 1618/1659/1615 647/682/4280
f 1089/645/489 1090/644/488 1618/1659/1615
f 1090/644/488 261/1657/1613 1618/1659/1615
f 2099/637/484 1262/1697/484 802/1361/484
f 2099/637/484 1261/636/484 1262/1697/484
f 1261/636/484 691/1695/484 1262/1697/484
f 1918/634/483 926/1186/4850 736/2349/4851
f 1918/634/483 925/633/482 926/1186/4850
f 925/633/482 273/1184/4852 926/1186/4850
f 923/631/480 1617/2584/4853 421/1875/4854
f 923/631/480 924/630/479 1617/2584/4853
f 924/630/479 424/1390/4855 1617/2584/4853
f 1260/628/476 1794/2045/2615 347/1098/2614
f 1260/628/476 1793/627/475 1794/2045/2615
f 1793/627/475 86/775/3719 1794/2045/2615
f 1791/625/474 1259/2441/4856 685/1567/4857
f 1791/625/474 1792/624/473 1259/2441/4856
f 1792/624/473 683/2442/4858 1259/2441/4856
f 1615/618/469 1616/2172/4859 261/1657/4860
f 1615/618/469 1790/617/468 1616/2172/4859
f 1790/617/468 654/2255/4861 1616/2172/4859
f 1257/616/466 2098/1347/466 761/2523/466
f 1257/616/466 1258/615/466 2098/1347/466
f 1258/615/466 744/1345/466 2098/1347/466
f 1454/610/461 1917/2334/3532 607/424/3534
f 1454/610/461 1455/609/460 1917/2334/3532
f 1455/609/460 611/2335/3533 1917/2334/3532
f 1451/607/458 1453/2561/4862 684/985/4863
f 1451/607/458 1452/606/457 1453/2561/4862
f 1452/606/457 694/2333/4864 1453/2561/4862
f 1916/604/455 1789/2122/4865 255/1460/4866
f 1916/604/455 1788/603/454 1789/2122/4865
f 1788/603/454 70/890/4867 1789/2122/4865
f 1914/601/452 1915/2583/4868 95/2414/3768
f 1914/601/452 2097/600/451 1915/2583/4868
f 2097/600/451 528/699/4869 1915/2583/4868
f 1254/598/449 1256/2553/4870 619/266/3491
f 1254/598/449 1255/597/448 1256/2553/4870
f 1255/597/448 603/2430/4871 1256/2553/4870
f 2087/592/444 911/513/4872 752/2319/4873
f 2087/592/444 922/591/443 911/513/4872
f 922/591/443 609/511/4024 911/513/4872
f 1912/589/441 1913/762/4874 375/2321/4875
f 1912/589/441 921/588/440 1913/762/4874
f 921/588/440 473/760/4027 1913/762/4874
f 919/584/437 920/1991/4876 321/887/4877
f 919/584/437 1911/583/436 920/1991/4876
f 1911/583/436 367/1145/4878 920/1991/4876
f 1449/576/428 1787/2041/4879 322/1088/4880
f 1449/576/428 1450/575/427 1787/2041/4879
f 1450/575/427 190/1082/4881 1787/2041/4879
f 2095/569/423 2096/2035/4882 80/1063/4883
f 2095/569/423 918/568/422 2096/2035/4882
f 918/568/422 227/849/4884 2096/2035/4882
f 1252/559/415 2093/1950/4885 440/702/4886
f 1252/559/415 2092/558/414 2093/1950/4885
f 2092/558/414 184/225/4039 2093/1950/4885
f 916/556/412 917/1962/4887 169/754/4888
f 916/556/412 1910/555/411 917/1962/4887
f 1910/555/411 221/439/4042 917/1962/4887
f 1908/553/409 1613/2128/2996 365/1156/1387
f 1908/553/409 1909/552/408 1613/2128/2996
f 1909/552/408 503/2318/3485 1613/2128/2996
f 915/541/402 1904/2585/4889 625/2316/3483
f 915/541/402 1907/540/401 1904/2585/4889
f 1907/540/401 255/1460/4890 1904/2585/4889
f 1612/529/393 914/1948/393 821/694/393
f 1612/529/393 913/528/393 914/1948/393
f 913/528/393 585/168/393 914/1948/393
f 1906/516/382 2091/2083/4891 279/1297/4892
f 1906/516/382 2090/515/381 2091/2083/4891
f 2090/515/381 160/1294/4893 2091/2083/4891
f 911/513/379 1448/2552/4894 752/2319/4895
f 911/513/379 912/512/378 1448/2552/4894
f 912/512/378 748/2443/4896 1448/2552/4894
f 1783/510/375 1784/1968/2326 86/775/605
f 1783/510/375 1905/509/374 1784/1968/2326
f 1905/509/374 87/731/3924 1784/1968/2326
f 1082/359/372 1599/2586/4897 421/357/4898
f 1082/359/372 1088/507/371 1599/2586/4897
f 1088/507/371 467/2468/4899 1599/2586/4897
f 1903/505/369 1904/2585/4900 255/1460/4901
f 1903/505/369 910/504/368 1904/2585/4900
f 910/504/368 625/2316/4902 1904/2585/4900
f 1782/494/359 1251/1938/4903 438/658/4904
f 1782/494/359 1250/493/358 1251/1938/4903
f 1250/493/358 171/897/4905 1251/1938/4903
f 1902/485/352 1446/2113/4906 639/1437/4907
f 1902/485/352 1445/484/351 1446/2113/4906
f 1445/484/351 380/461/4908 1446/2113/4906
f 1609/478/347 1087/2273/4909 790/2275/4910
f 1609/478/347 1610/477/346 1087/2273/4909
f 1610/477/346 786/2274/4911 1087/2273/4909
f 1444/472/341 2089/2574/4912 789/2277/4913
f 1444/472/341 2088/471/340 2089/2574/4912
f 2088/471/340 176/2418/4914 2089/2574/4912
f 1442/469/338 1443/1923/4915 76/574/4916
f 1442/469/338 1607/468/337 1443/1923/4915
f 1607/468/337 169/754/4917 1443/1923/4915
f 1440/466/335 1248/2564/4918 643/2300/4919
f 1440/466/335 1441/465/334 1248/2564/4918
f 1441/465/334 646/1669/4920 1248/2564/4918
f 1246/463/332 1247/2576/4921 131/2327/4921
f 1246/463/332 1439/462/331 1247/2576/4921
f 1439/462/331 457/2472/4921 1247/2576/4921
f 1780/457/328 1245/1939/4922 272/667/4923
f 1780/457/328 1244/456/327 1245/1939/4922
f 1244/456/327 243/862/4924 1245/1939/4922
f 1242/454/325 909/759/325 738/1733/325
f 1242/454/325 1243/453/325 909/759/325
f 1243/453/325 737/757/325 909/759/325
f 1436/445/322 1438/2549/4925 532/2297/4926
f 1436/445/322 1437/444/321 1438/2549/4925
f 1437/444/321 652/1282/4927 1438/2549/4925
f 1899/441/318 1900/2018/4928 191/995/4929
f 1899/441/318 1606/440/317 1900/2018/4928
f 1606/440/317 397/2420/4930 1900/2018/4928
f 1432/432/313 1779/707/4931 689/2364/4932
f 1432/432/313 1433/431/312 1779/707/4931
f 1433/431/312 678/705/4933 1779/707/4931
f 1897/426/309 2087/592/4934 752/2319/4935
f 1897/426/309 1898/425/308 2087/592/4934
f 1898/425/308 755/590/4936 2087/592/4934
f 1605/423/306 1241/2109/4937 613/1417/4938
f 1605/423/306 1240/422/305 1241/2109/4937
f 1240/422/305 291/2336/4939 1241/2109/4937
f 1428/412/296 1430/1888/4940 108/404/3802
f 1428/412/296 1429/411/295 1430/1888/4940
f 1429/411/295 583/1745/4941 1430/1888/4940
f 907/409/293 908/1898/4942 249/1643/4943
f 907/409/293 1604/408/292 908/1898/4942
f 1604/408/292 586/442/4944 908/1898/4942
f 1426/406/290 1771/2587/4945 758/2432/4946
f 1426/406/290 1427/405/289 1771/2587/4945
f 1427/405/289 760/1736/4947 1771/2587/4945
f 1086/398/287 906/803/4948 754/396/4949
f 1086/398/287 905/403/286 906/803/4948
f 905/403/286 329/801/4950 906/803/4948
f 1086/398/283 904/2155/3107 762/402/3106
f 1086/398/283 903/397/282 904/2155/3107
f 903/397/282 553/1599/3407 904/2155/3107
f 1417/391/278 1239/2588/4951 475/2589/4952
f 1417/391/278 1425/390/277 1239/2588/4951
f 1425/390/277 478/2427/4953 1239/2588/4951
f 1895/385/272 1238/2051/4954 367/1145/4955
f 1895/385/272 1237/384/271 1238/2051/4954
f 1237/384/271 99/1228/4956 1238/2051/4954
f 900/379/268 901/2102/4957 289/1368/4958
f 900/379/268 1085/378/267 901/2102/4957
f 1085/378/267 290/1259/4126 901/2102/4957
f 1083/373/262 1084/2570/4959 218/295/4960
f 1083/373/262 1235/372/261 1084/2570/4959
f 1235/372/261 510/2480/4961 1084/2570/4959
f 1602/370/259 899/2465/4962 588/2466/4963
f 1602/370/259 1603/369/258 899/2465/4962
f 1603/369/258 585/168/4964 899/2465/4962
f 1893/365/255 1894/2545/4965 327/2291/4966
f 1893/365/255 1778/364/254 1894/2545/4965
f 1778/364/254 390/1500/4967 1894/2545/4965
f 1082/359/251 1601/1463/4968 266/506/4969
f 1082/359/251 1600/358/250 1601/1463/4968
f 1600/358/250 117/1398/4970 1601/1463/4968
f 1232/351/244 1234/2365/244 819/2221/244
f 1232/351/244 1233/350/244 1234/2365/244
f 1233/350/244 163/614/244 1234/2365/244
f 1231/345/242 898/2345/242 795/2232/242
f 1231/345/242 897/344/242 898/2345/242
f 897/344/242 369/149/242 898/2345/242
f 2084/342/240 2086/1956/241 153/728/4614
f 2084/342/240 2085/341/241 2086/1956/241
f 2085/341/241 152/819/241 2086/1956/241
f 1598/334/235 2083/2028/2557 265/921/2556
f 1598/334/235 2082/333/234 2083/2028/2557
f 2082/333/234 96/599/450 2083/2028/2557
f 1596/331/232 1777/2573/4971 326/2385/4972
f 1596/331/232 1597/330/231 1777/2573/4971
f 1597/330/231 422/2482/4145 1777/2573/4971
f 2081/325/228 1423/2117/4973 560/1443/1565
f 2081/325/228 1422/324/227 1423/2117/4973
f 1422/324/227 172/2331/4974 1423/2117/4973
f 894/322/225 896/2166/4975 777/1634/4976
f 894/322/225 895/321/224 896/2166/4975
f 895/321/224 289/2264/4977 896/2166/4975
f 1594/319/222 1081/1000/4978 691/1695/4979
f 1594/319/222 1595/318/221 1081/1000/4978
f 1595/318/221 690/998/4980 1081/1000/4978
f 1420/313/218 1421/2467/4981 68/430/4982
f 1420/313/218 1080/312/217 1421/2467/4981
f 1080/312/217 467/2468/4983 1421/2467/4981
f 1592/310/215 2080/2582/4984 136/2399/4985
f 1592/310/215 1593/309/214 2080/2582/4984
f 1593/309/214 491/2488/4986 2080/2582/4984
f 1589/302/208 1591/2188/208 709/1709/208
f 1589/302/208 1590/301/208 1591/2188/208
f 1590/301/208 565/1719/208 1591/2188/208
f 1586/299/207 1588/2089/4987 711/1319/4988
f 1586/299/207 1587/298/206 1588/2089/4987
f 1587/298/206 245/2362/4989 1588/2089/4987
f 2077/290/200 2079/2055/2673 280/1171/2672
f 2077/290/200 2078/289/199 2079/2055/2673
f 2078/289/199 416/2395/3683 2079/2055/2673
f 1418/284/194 2076/2295/194 710/2293/194
f 1418/284/194 1419/283/194 2076/2295/194
f 1419/283/194 696/2296/194 2076/2295/194
f 1229/281/193 1417/391/4990 475/2589/4991
f 1229/281/193 1416/280/192 1417/391/4990
f 1416/280/192 340/389/4992 1417/391/4990
f 1227/278/190 893/2590/4993 452/1521/4994
f 1227/278/190 1228/277/189 893/2590/4993
f 1228/277/189 449/2491/4995 893/2590/4993
f 890/275/187 1226/2433/187 582/2434/187
f 890/275/187 892/274/187 1226/2433/187
f 892/274/187 579/452/187 1226/2433/187
f 2075/272/186 1415/2171/4996 344/1652/4997
f 2075/272/186 1414/271/185 1415/2171/4996
f 1414/271/185 260/2257/4998 1415/2171/4996
f 1079/260/176 1776/2033/176 516/1058/176
f 1079/260/176 1775/259/176 1776/2033/176
f 1775/259/176 150/2409/176 1776/2033/176
f 1411/251/173 1413/2115/4999 116/856/5000
f 1411/251/173 1412/250/172 1413/2115/4999
f 1412/250/172 300/2116/5001 1413/2115/4999
f 1409/248/170 1078/1449/5002 779/1450/5003
f 1409/248/170 1410/247/169 1078/1449/5002
f 1410/247/169 778/1447/4176 1078/1449/5002
f 2073/227/157 1408/1976/5004 220/816/5004
f 2073/227/157 2074/226/156 1408/1976/5004
f 2074/226/156 347/1098/5004 1408/1976/5004
f 1889/224/154 1890/1918/5005 135/551/5006
f 1889/224/154 1585/223/153 1890/1918/5005
f 1585/223/153 510/2464/5007 1890/1918/5005
f 1406/200/139 1407/1864/140 92/282/139
f 1406/200/139 1774/199/140 1407/1864/140
f 1774/199/140 486/2490/139 1407/1864/140
f 2071/197/138 2072/1876/138 88/340/138
f 2071/197/138 888/196/138 2072/1876/138
f 888/196/138 89/832/138 2072/1876/138
f 1888/194/137 887/2457/5008 391/2413/5009
f 1888/194/137 886/193/136 887/2457/5008
f 886/193/136 273/1184/5010 887/2457/5008
f 1582/191/134 1584/2591/5011 277/2537/5012
f 1582/191/134 1583/190/133 1584/2591/5011
f 1583/190/133 253/2494/5013 1584/2591/5011
f 885/188/131 1076/2535/5014 656/418/5015
f 885/188/131 1075/187/130 1076/2535/5014
f 1075/187/130 154/2254/5016 1076/2535/5014
f 1224/185/128 884/2332/5017 681/1177/5018
f 1224/185/128 1225/184/127 884/2332/5017
f 1225/184/127 694/2333/5019 884/2332/5017
f 1772/173/120 1886/2024/120 79/858/5020
f 1772/173/120 1773/172/119 1886/2024/120
f 1773/172/119 80/1063/5021 1886/2024/120
f 882/170/117 1771/2587/5022 760/1736/5023
f 882/170/117 883/169/116 1771/2587/5022
f 883/169/116 758/2432/5024 1771/2587/5022
f 1073/167/114 1223/2025/5025 75/1029/5026
f 1073/167/114 1074/166/113 1223/2025/5025
f 1074/166/113 76/574/4199 1223/2025/5025
f 1581/164/111 1072/2496/111 813/2222/111
f 1581/164/111 1071/163/111 1072/2496/111
f 1071/163/111 106/1174/111 1072/2496/111
f 1222/161/110 1070/1176/5027 739/2524/5028
f 1222/161/110 1069/160/109 1070/1176/5027
f 1069/160/109 106/1174/108 1070/1176/5027
f 1067/155/106 1770/2228/106 800/635/106
f 1067/155/106 1068/154/106 1770/2228/106
f 1068/154/106 798/2229/106 1770/2228/106
f 1768/139/97 1066/1838/97 841/129/97
f 1768/139/97 1065/138/97 1066/1838/97
f 1065/138/97 34/68/97 1066/1838/97
f 1766/135/89 1405/2592/89 837/2502/89
f 1766/135/89 1767/134/89 1405/2592/89
f 1767/134/89 836/2500/89 1405/2592/89
f 2070/131/87 1885/1833/87 840/112/87
f 2070/131/87 1884/130/87 1885/1833/87
f 1884/130/87 39/81/87 1885/1833/87
f 1220/128/86 1580/2593/86 842/2505/86
f 1220/128/86 1221/127/86 1580/2593/86
f 1221/127/86 837/2502/86 1580/2593/86
f 1403/125/85 1219/2594/85 844/2504/85
f 1403/125/85 1404/124/85 1219/2594/85
f 1404/124/85 843/2503/85 1219/2594/85
f 1579/122/84 1402/1832/84 845/109/84
f 1579/122/84 1401/121/84 1402/1832/84
f 1401/121/84 36/84/84 1402/1832/84
f 1883/119/83 1216/106/83 847/2595/83
f 1883/119/83 1218/118/83 1216/106/83
f 1218/118/83 35/104/83 1216/106/83
f 2069/114/81 1882/1835/81 846/120/81
f 2069/114/81 1881/113/81 1882/1835/81
f 1881/113/81 31/75/81 1882/1835/81
f 1576/111/80 1578/1834/80 848/117/80
f 1576/111/80 1577/110/80 1578/1834/80
f 1577/110/80 29/78/80 1578/1834/80
f 1216/106/78 1400/2596/5029 847/2595/78
f 1216/106/78 1217/105/77 1400/2596/5029
f 1217/105/77 844/2504/4206 1400/2596/5029
f 1574/103/75 1064/2597/75 843/2503/75
f 1574/103/75 1575/102/75 1064/2597/75
f 1575/102/75 842/2505/75 1064/2597/75
f 1572/93/68 1215/1830/68 37/101/68
f 1572/93/68 1573/92/68 1215/1830/68
f 1573/92/68 27/126/68 1215/1830/68
f 1878/91/67 1399/1831/5030 35/104/67
f 1878/91/67 1880/90/66 1399/1831/5030
f 1880/90/66 28/123/4209 1399/1831/5030
f 1571/86/63 1765/1827/63 29/78/63
f 1571/86/63 1764/85/63 1765/1827/63
f 1764/85/63 14/2507/63 1765/1827/63
f 1879/83/62 2068/1826/5031 31/75/4204
f 1879/83/62 2067/82/61 2068/1826/5031
f 2067/82/61 16/2510/5032 2068/1826/5031
f 1570/80/58 1878/91/58 35/104/58
f 1570/80/58 1877/79/58 1878/91/58
f 1877/79/58 7/89/58 1878/91/58
f 1876/77/57 2066/1829/5033 36/84/4203
f 1876/77/57 2065/76/56 2066/1829/5033
f 2065/76/56 8/2508/5034 2066/1829/5033
f 1874/74/54 1398/1836/54 28/123/54
f 1874/74/54 1875/73/54 1398/1836/54
f 1875/73/54 37/101/54 1398/1836/54
f 1568/72/53 1214/1837/53 27/126/53
f 1568/72/53 1569/71/53 1214/1837/53
f 1569/71/53 38/133/53 1214/1837/53
f 1061/70/52 1063/1828/5035 39/81/4202
f 1061/70/52 1062/69/51 1063/1828/5035
f 1062/69/51 10/2511/5035 1063/1828/5035
f 1212/65/48 1763/1840/5036 38/133/5036
f 1212/65/48 1213/64/47 1763/1840/5036
f 1213/64/47 41/2501/5036 1763/1840/5036
f 1060/53/37 879/1825/5037 34/68/4201
f 1060/53/37 878/52/36 879/1825/5037
f 878/52/36 17/2515/5037 879/1825/5037
f 1058/44/28 2064/1819/28 48/30/28
f 1058/44/28 1059/43/28 2064/1819/28
f 1059/43/28 8/2508/28 2064/1819/28
f 1873/41/27 1567/144/27 47/1676/27
f 1873/41/27 1566/40/27 1567/144/27
f 1566/40/27 5/145/27 1567/144/27
f 1056/38/26 1057/1823/5038 2/42/26
f 1056/38/26 1762/37/25 1057/1823/5038
f 1762/37/25 14/2507/4223 1057/1823/5038
f 1760/35/23 877/2533/5039 64/2238/5040
f 1760/35/23 1761/34/22 877/2533/5039
f 1761/34/22 49/2236/5041 877/2533/5039
f 2061/32/20 2063/1817/20 62/22/20
f 2061/32/20 2062/31/20 2063/1817/20
f 2062/31/20 16/2510/20 2063/1817/20
f 1564/27/18 876/2530/5042 66/2234/5043
f 1564/27/18 1565/26/17 876/2530/5042
f 1565/26/17 65/2233/5044 876/2530/5042
f 1053/24/15 1055/1816/5045 50/19/15
f 1053/24/15 1054/23/14 1055/1816/5045
f 1054/23/14 10/2511/4230 1055/1816/5045
f 1052/21/12 875/1822/12 51/39/12
f 1052/21/12 874/20/12 875/1822/12
f 874/20/12 17/2515/12 875/1822/12
f 1210/18/11 873/2532/5046 49/2236/5047
f 1210/18/11 1211/17/10 873/2532/5046
f 1211/17/10 53/2235/4232 873/2532/5046
f 1871/9/6 872/2529/6 65/2233/6
f 1871/9/6 1872/8/5 872/2529/6
f 1872/8/5 67/36/5 872/2529/6
f 1561/6/4 1563/2531/5048 53/2235/5049
f 1561/6/4 1562/5/3 1563/2531/5048
f 1562/5/3 66/2234/5050 1563/2531/5048
f 833/98/74 836/2598/74 880/99/74
f 26/62/98 41/100/1850 1769/140/99
f 60/143/102 47/1676/102 1567/144/102
f 673/147/104 692/2528/104 881/148/104
f 239/177/122 415/1326/5051 1887/178/123
f 251/201/141 446/1613/5052 889/202/142
f 580/204/144 481/1135/144 890/205/144
f 84/213/147 493/1853/5053 1077/214/148
f 622/264/178 73/1861/5054 891/265/179
f 206/285/195 496/523/5055 1891/286/196
f 470/291/201 295/1164/5056 1892/292/202
f 156/303/209 502/1427/5057 1230/304/210
f 189/337/237 421/1875/5058 1599/338/238
f 348/157/245 476/1244/5059 1424/352/246
f 1236/374/263 522/800/5060 526/375/264
f 610/386/273 505/1490/1386 902/387/274
f 413/413/297 484/1310/5061 1431/414/298
f 1896/416/300 655/1285/5062 534/417/301
f 448/433/314 196/246/314 1434/434/314
f 350/436/315 630/1896/315 1435/437/315
f 194/449/324 495/287/324 1901/450/324
f 1781/458/329 278/2242/329 466/459/329
f 540/473/342 485/235/5063 1608/474/343
f 450/489/354 400/713/5064 1249/490/355
f 608/495/360 501/1909/5065 1611/496/361
f 101/498/363 508/629/5066 1447/499/364
f 827/524/390 822/2197/392 1785/525/391
f 142/536/397 468/1302/5067 1786/537/398
f 281/560/416 480/945/416 2094/561/416
f 404/479/417 469/1343/5068 1614/563/418
f 451/577/429 339/491/5069 1253/578/430
f 458/650/494 412/908/494 1263/651/494
f 462/711/548 325/1180/5070 1626/712/549
f 555/211/558 499/305/5071 1268/721/559
f 729/741/575 207/2012/5072 1933/742/576
f 453/743/578 195/652/578 1271/744/578
f 811/787/616 582/206/616 1803/788/616
f 1465/799/625 428/2446/5073 526/375/626
f 251/201/651 441/203/5074 946/830/652
f 765/837/656 210/435/656 1099/838/656
f 626/840/657 504/1197/5075 2118/841/658
f 83/316/689 423/315/5076 1940/871/690
f 1947/914/735 207/2012/5077 624/915/736
f 479/969/794 649/186/5078 960/970/795
f 129/1019/849 433/2023/5079 965/1020/849
f 121/1021/851 440/702/5080 1095/704/852
f 574/1033/869 432/1113/5081 2131/1034/870
f 109/354/949 494/1340/949 1829/1107/949
f 189/337/955 467/339/5082 2139/1112/956
f 1979/1120/962 446/1613/5083 323/1121/963
f 430/931/968 247/1161/5084 1948/1127/969
f 123/565/974 497/1108/5085 1279/1132/975
f 410/231/977 482/279/977 974/1134/977
f 429/907/983 202/906/5086 975/1143/984
f 673/147/1004 418/2498/1004 1133/1159/1004
f 514/932/1005 248/1679/5087 1983/1160/1006
f 474/1162/1008 308/1411/2907 1984/1163/1009
f 408/1193/1039 511/500/5088 2147/1196/1040
f 120/1200/1045 444/2060/3711 1988/1201/1046
f 128/1219/1076 439/492/5089 1782/494/1077
f 183/1232/1079 791/2067/5090 1992/1233/1080
f 348/157/1090 483/562/5091 1492/1243/1091
f 385/794/1123 512/2074/5092 984/1268/1124
f 385/794/1126 425/1269/5093 985/1270/1127
f 534/417/1149 651/2081/5094 986/1291/1150
f 572/366/1152 576/1706/5095 1998/1292/1153
f 143/1300/1162 431/1293/5096 2000/1301/1163
f 799/1312/1175 575/1035/1175 2001/1313/1175
f 370/697/1188 544/1565/5097 2004/1325/1189
f 807/1330/1192 570/451/1192 1150/1331/1192
f 552/1339/1202 551/2599/5098 1693/1342/1203
f 564/1371/1231 561/320/1533 1696/1372/1232
f 413/413/1242 488/415/5099 2162/1381/1243
f 319/181/1247 593/1509/5100 998/1385/1248
f 324/1073/1254 600/1469/2886 2165/1389/1255
f 617/253/1257 599/872/5101 2011/1391/1258
f 338/380/1302 612/388/5102 1841/1426/1303
f 770/994/1325 300/2116/5103 1510/1442/1326
f 763/1192/1331 628/438/5104 1330/1446/1332
f 765/837/1339 780/839/1339 1843/1456/1340
f 617/253/1257 618/1392/1259 1513/1467/1353
f 602/216/1370 605/2600/5105 1708/1480/1371
f 282/716/1384 629/842/5106 1004/1489/1385
f 590/1506/1406 594/1382/2876 1161/1507/1407
f 592/1208/1409 633/347/5107 1006/1508/1410
f 368/1557/1475 487/1715/1475 2027/1558/1475
f 545/1344/1482 426/2147/5108 1169/1564/1483
f 1346/1570/1490 427/2286/5109 543/1571/1491
f 666/1573/1498 538/475/5110 2186/1577/1499
f 479/1590/1515 547/293/5111 1347/1588/1516
f 513/1597/1525 651/2279/5112 1013/1598/1526
f 250/1612/1552 445/2601/5113 1718/1622/1553
f 398/212/1574 557/722/5114 1360/1640/1575
f 743/296/1580 218/295/5115 1175/1642/1581
f 793/393/1591 781/395/5116 1158/1650/1592
f 54/50/1653 64/146/5117 2198/1678/1654
f 130/1355/1672 798/1314/1672 1185/1698/1672
f 796/238/1676 797/255/1676 2200/1705/1676
f 368/1557/1683 806/1332/1683 2038/1714/1683
f 185/360/1692 816/789/1692 2201/1728/1692
f 745/1222/1709 299/2198/3288 1373/1751/1710
f 1534/1764/1724 836/1803/1765 858/1765/1725
f 839/1767/1727 838/2204/3301 1855/1768/1728
f 1/1805/1773 863/1770/1730 1856/1772/1732
f 1/1805/1774 864/1812/1785 1376/1806/1775
f 1/1805/1774 866/1791/1784 1032/1807/1776
f 1/1805/1773 868/1778/1738 1375/1780/1777
f 1/1805/1774 870/1787/1779 1739/1809/1779
f 1/1805/1773 862/1784/1744 1857/1786/1746
f 1/1805/1773 867/1808/1778 1377/1810/1781
f 1/1805/1774 869/1781/1780 1194/1811/1783
f 1/1805/1774 865/1775/1735 2210/1795/1754
f 1/1805/1769 860/1769/1729 1537/1799/1759
f 24/66/1830 5/145/1830 1743/1824/1830
f 33/67/1866 40/51/1866 2213/1839/1866
f 23/49/1878 22/141/5118 1760/1841/1879
f 471/1844/1886 106/1174/1886 1071/163/1886
f 580/204/1913 100/611/1913 1538/1852/1913
f 319/181/1247 489/1386/1249 1680/1856/1928
f 622/264/1943 477/2575/5119 967/1860/1944
f 410/231/1954 340/389/5120 1416/280/1955
f 543/1571/1959 416/2395/5121 2078/289/1960
f 750/294/1963 371/371/5122 1083/373/1964
f 134/314/1978 422/538/5123 1862/1870/1979
f 189/337/1994 409/480/5124 923/631/1995
f 417/1842/1998 369/149/1998 897/344/1999
f 141/346/2001 492/566/5125 1541/1877/2002
f 500/1878/2004 163/614/2004 1233/350/2004
f 185/360/2010 472/1729/2010 2216/1880/2010
f 127/399/2036 420/1468/5126 2217/1887/2037
f 587/1890/2048 583/1745/5127 1429/411/2049
f 350/436/2067 506/1425/5128 1200/1895/2068
f 742/233/2073 249/1643/5129 908/1898/2074
f 608/495/2114 241/594/5130 962/978/2115
f 84/213/2137 490/215/5131 1202/1914/2138
f 1372/1915/2140 299/2198/2140 827/524/2140
f 123/565/2163 491/1133/5132 1381/1921/2164
f 500/1878/2202 744/1345/2202 1258/615/2202
f 324/1073/2215 424/1390/5133 924/630/2216
f 330/646/2227 486/2602/2227 1860/1936/2227
f 458/650/2231 456/1518/5134 1519/1520/2232
f 461/691/531 201/1144/5135 1033/1947/2268
f 464/723/2292 388/1128/5136 1122/1955/2293
f 581/1966/2322 577/1730/2322 2112/770/2322
f 1753/1969/2327 493/1853/5137 224/779/609
f 312/795/2338 776/1367/5138 2174/1459/2339
f 239/177/2404 419/179/5139 1283/874/2405
f 515/725/2433 314/724/5140 1134/1997/2434
f 138/1136/2493 498/1359/5141 963/977/2494
f 103/1123/2631 516/1058/2631 969/1060/2631
f 1538/1852/2639 100/611/2639 410/231/2639
f 1186/1701/2662 692/2528/2662 673/147/2662
f 471/1844/2675 723/676/2675 1137/1175/2675
f 144/1124/2684 465/868/2684 1641/870/2684
f 945/824/2688 433/2023/5142 349/1190/2689
f 120/1200/2699 443/1224/5143 1350/1617/2700
f 318/1206/2707 436/738/5144 1270/740/2708
f 128/1219/2723 438/658/5145 1456/660/2724
f 148/1223/2727 442/1618/5146 1172/1620/2728
f 122/1207/2730 435/557/5147 1252/559/2731
f 183/1232/2739 459/2603/5148 1393/2066/2740
f 104/1245/2752 434/258/2752 1079/260/2752
f 534/417/2776 529/971/5149 983/1265/2777
f 986/1291/2791 651/2081/5150 513/1278/2792
f 534/417/2806 655/1285/5151 1320/1287/2807
f 537/1309/1172 539/1623/5152 1556/2087/2824
f 566/1104/2848 569/1718/2848 1869/2094/2848
f 558/1351/1218 556/1595/5153 1209/2099/2861
f 1037/2106/2900 605/2600/5105 602/216/1370
f 474/1162/1008 606/1484/5154 1506/1412/2906
f 608/495/360 611/497/362 1203/2111/2923
f 765/1431/2929 447/2384/2929 2230/2063/2929
f 783/545/1309 640/1512/5155 1049/2112/2930
f 1989/1216/2931 167/1140/5156 769/327/2932
f 768/1212/2934 209/1433/5157 1550/1984/2935
f 773/1183/2940 107/1137/5158 1312/1139/2941
f 769/327/2944 167/1140/2944 1314/1142/2944
f 770/994/2948 116/856/5159 1413/2115/2949
f 1865/2121/2960 447/2450/2960 765/837/2960
f 596/2085/2974 614/873/5160 2176/1470/2975
f 622/264/2988 619/266/5161 1845/1485/2989
f 767/1400/3014 166/1436/5162 1868/2134/3015
f 642/1924/3024 637/579/5163 2181/1519/3025
f 1861/2148/3078 486/2602/3078 330/646/3078
f 1559/2153/3094 551/2599/5164 552/1339/3095
f 993/2156/3110 556/2347/5165 513/1597/3111
f 460/1603/3117 363/2484/5166 1382/1871/3118
f 1176/1647/3162 442/1618/5167 148/1223/3163
f 1355/2169/3171 459/2268/5168 793/393/3172
f 1016/2170/3175 785/1644/5169 792/1645/3176
f 466/459/3219 278/2242/3219 2060/2180/3219
f 804/648/3264 805/647/3264 1050/2189/3264
f 581/1966/3272 815/162/3272 1029/1731/3272
f 1190/2195/3276 822/2197/5170 825/336/3277
f 587/1890/3282 823/349/3282 2041/1746/3282
