# Blender 5.0.0
# www.blender.org
mtllib leftHand.mtl
o Hand_-_Stylized_
v 0.170127 -0.504315 0.049083
v 0.161750 -0.282147 0.241179
v 0.382026 -0.310878 0.064407
v -0.119987 -0.402048 -0.018065
v -0.121390 -0.388757 0.118426
v 0.308322 -0.322206 -0.097991
v 0.236497 -0.352135 0.225308
v 0.110509 -0.361441 0.245206
v 0.046438 -0.370724 -0.139152
v -0.020781 -0.382105 0.216176
v -0.021536 -0.383131 -0.116975
v 0.186391 -0.345581 -0.150219
v 0.332282 -0.321309 0.163310
v 0.174792 -0.350923 0.240310
v 0.287496 -0.330166 0.199057
v 0.044122 -0.371846 0.238366
v -0.077485 -0.391815 0.175406
v 0.251658 -0.333179 -0.132124
v -0.080245 -0.394650 -0.076669
v 0.116821 -0.358450 -0.149077
v 0.364978 -0.314668 0.117899
v 0.377258 -0.310903 0.005935
v 0.352467 -0.313728 -0.050461
v -0.135957 -0.403856 0.050562
v 0.269233 -0.401500 -0.136437
v 0.368795 -0.375313 -0.044659
v 0.376481 -0.385389 0.122091
v 0.302203 -0.402705 0.205047
v 0.190912 -0.425058 0.245437
v -0.055755 -0.464353 -0.075790
v 0.062728 -0.446682 0.240405
v 0.135208 -0.428643 -0.159337
v -0.115192 -0.475578 0.050497
v -0.057255 -0.466083 0.176604
v 0.252898 -0.426382 0.232292
v 0.127753 -0.436059 0.248841
v 0.345400 -0.392991 0.168596
v 0.392891 -0.380613 0.067604
v -0.000870 -0.456832 0.217211
v -0.100615 -0.460541 0.119027
v 0.390363 -0.379654 0.008069
v -0.095819 -0.471910 -0.017941
v -0.000124 -0.453984 -0.119494
v 0.325810 -0.389759 -0.100834
v 0.204491 -0.414880 -0.156476
v 0.065452 -0.441839 -0.147143
v -0.146719 -0.326269 0.119928
v 0.094683 -0.292578 0.244885
v 0.375791 -0.249365 0.055388
v -0.039454 -0.313962 0.213819
v -0.098150 -0.325177 0.175011
v 0.099368 -0.292164 -0.144047
v 0.359443 -0.250857 0.110758
v 0.338639 -0.251722 -0.058854
v 0.297792 -0.259851 -0.104577
v 0.025606 -0.304427 -0.136531
v -0.047692 -0.319190 -0.122517
v -0.114778 -0.335558 -0.088127
v -0.152549 -0.342162 -0.021970
v -0.157221 -0.339381 0.050152
v 0.241412 -0.269489 -0.135294
v 0.026526 -0.303136 0.236351
v 0.171919 -0.280411 -0.147812
v 0.370870 -0.250930 -0.004254
v 0.280145 -0.262775 0.198030
v 0.326664 -0.255487 0.158959
v 0.225457 -0.282981 0.224634
v 0.035711 0.370409 -0.206802
v 0.083172 -0.228991 -0.145463
v -0.484727 0.373028 -0.228208
v 0.148682 0.348431 -0.253171
v -0.164400 0.369021 -0.043187
v -0.337747 0.397038 -0.272853
v 0.010346 0.185964 0.284367
v 0.025934 0.111973 0.279524
v 0.130513 0.134422 0.270527
v 0.122129 0.211621 0.270005
v 0.141217 -0.086124 0.253706
v 0.139232 -0.158581 0.250024
v 0.220077 -0.142808 0.234282
v 0.223645 -0.074492 0.238756
v 0.286654 0.411679 -0.082193
v -0.096212 0.415140 -0.165840
v 0.277631 0.523313 -0.116849
v 0.129476 0.505791 -0.251579
v -0.147174 -0.001529 0.241012
v -0.057880 0.018998 0.262558
v -0.137933 -0.071683 0.229401
v -0.101389 -0.132336 0.227490
v -0.029914 -0.123175 0.245379
v -0.046396 -0.055536 0.252805
v 0.188140 0.319256 0.043767
v -0.079060 -0.264575 -0.145589
v -0.129677 0.541454 -0.080346
v -0.321829 0.246871 0.248428
v -0.337043 0.313362 0.232668
v 0.106642 0.194434 -0.120826
v 0.139578 0.239236 -0.130897
v -0.188088 0.432994 -0.309694
v -0.137250 0.427015 -0.043212
v -0.469479 0.420875 -0.160148
v -0.465211 0.417705 -0.118306
v -0.350402 -0.122741 -0.042000
v -0.384436 -0.049348 -0.035573
v 0.284004 0.579758 0.225665
v -0.206749 0.266640 0.045942
v 0.024045 0.406634 -0.242608
v -0.463237 0.352746 -0.181921
v 0.115117 0.488413 -0.063724
v 0.113014 0.462536 0.007967
v 0.274144 0.338741 0.048954
v -0.282723 -0.096228 -0.146621
v -0.251619 -0.172579 -0.150022
v -0.147564 0.336693 -0.071152
v -0.036829 0.327981 -0.059899
v 0.219746 0.413506 -0.147713
v 0.048856 0.449577 -0.281024
v -0.385518 0.344497 0.025360
v 0.351632 0.464717 0.012925
v 0.318455 0.400876 -0.029226
v -0.411746 0.023886 -0.022167
v -0.433916 0.094925 0.002099
v 0.112946 0.504020 -0.118136
v -0.300526 -0.017360 -0.125096
v -0.186863 0.013234 -0.155089
v -0.169794 -0.063346 -0.189100
v -0.093387 0.496483 -0.089367
v -0.455419 0.223223 0.049247
v -0.455068 0.275562 0.074686
v -0.012522 0.405844 -0.043783
v 0.032149 0.480504 -0.299605
v 0.001062 0.461708 -0.324264
v -0.184962 0.473374 0.046914
v -0.089014 0.394546 -0.193102
v -0.391774 0.411725 -0.262535
v 0.134460 0.448535 -0.208664
v -0.119563 0.284764 0.032107
v -0.346500 0.451294 -0.049513
v 0.355346 -0.132370 0.165008
v 0.336771 -0.194950 0.162631
v 0.107820 0.492827 -0.126017
v -0.094725 0.410144 -0.186002
v -0.107799 0.417696 -0.134039
v -0.308991 -0.191557 -0.042903
v 0.135005 0.129077 -0.217294
v 0.141243 0.208871 -0.204776
v 0.319341 0.253087 -0.135446
v 0.261777 0.330102 -0.081512
v -0.353713 0.514835 0.053153
v -0.301655 -0.110159 0.155713
v -0.260065 -0.165981 0.149768
v -0.178848 -0.153047 0.197256
v -0.222451 -0.094768 0.200007
v -0.194299 0.461245 0.248918
v -0.082895 0.396378 -0.044821
v -0.494426 0.413390 -0.005827
v 0.230978 0.366810 -0.059307
v 0.257251 0.435925 -0.043824
v 0.035626 0.433980 -0.139234
v -0.108543 0.360530 -0.135881
v -0.285087 0.499125 -0.061138
v 0.172871 0.686955 -0.013157
v -0.401561 0.320306 -0.061677
v -0.445517 0.553153 -0.147964
v 0.074338 0.616890 -0.145127
v 0.075443 0.405014 -0.202660
v -0.004737 0.414461 -0.279213
v -0.016307 0.409243 -0.309606
v 0.231427 0.156822 0.226779
v -0.387306 0.162335 0.214980
v -0.403891 0.226405 0.221663
v 0.308544 0.345063 -0.191050
v 0.038167 0.514553 0.028394
v 0.143549 0.546915 0.057297
v 0.222334 0.236559 0.226242
v 0.286029 0.420844 0.240358
v 0.041908 0.542540 0.243533
v -0.276609 0.313499 -0.083853
v 0.227451 0.477627 -0.230747
v -0.365040 0.261481 -0.037656
v -0.372306 0.311263 0.000335
v -0.255071 0.301320 -0.058605
v 0.182571 0.263086 -0.154124
v -0.348461 0.021971 0.185536
v -0.134009 0.337902 0.061861
v -0.071557 0.469342 0.048745
v -0.174800 0.445492 0.027283
v -0.387018 0.549185 0.009930
v 0.051325 0.424396 -0.197104
v 0.230352 0.075948 0.239210
v 0.312135 0.091718 0.181546
v 0.148359 0.392581 -0.086338
v 0.156120 0.661853 -0.118714
v 0.284434 0.488344 0.008701
v 0.043894 0.402674 -0.359626
v 0.010555 0.404648 -0.364817
v -0.128187 0.257844 -0.055741
v -0.021134 0.287896 -0.043796
v -0.143861 -0.140088 -0.192840
v -0.334459 0.344062 -0.081434
v 0.307434 0.106324 -0.240450
v 0.346012 0.038556 -0.209934
v -0.083172 0.519888 -0.024873
v 0.252602 0.579070 0.029277
v -0.356672 0.386361 -0.213787
v 0.284000 0.505650 -0.060412
v -0.157754 0.489963 -0.222892
v -0.542987 0.493702 -0.109367
v 0.182081 0.416918 -0.157928
v -0.008186 0.406938 -0.363662
v -0.259509 0.043927 0.222732
v -0.320339 0.451647 -0.179695
v 0.151777 0.359134 -0.266853
v 0.154320 -0.151009 -0.162449
v 0.142243 -0.079876 -0.184508
v 0.211747 -0.079110 -0.229503
v 0.227373 -0.150418 -0.190363
v -0.354509 0.457572 -0.204316
v 0.162346 -0.217387 -0.147876
v -0.322507 -0.047753 0.173107
v 0.309240 0.179917 0.162567
v 0.300040 0.263190 0.168163
v -0.369134 0.094759 0.203504
v 0.288688 0.505507 -0.148229
v -0.368050 0.366211 0.209569
v -0.010467 0.370401 -0.034790
v 0.291505 -0.135328 0.207002
v 0.301720 -0.066126 0.207260
v 0.159604 0.341686 -0.043254
v 0.169718 0.417428 -0.038715
v 0.037914 0.038896 0.271676
v 0.285426 0.402135 -0.220470
v -0.200531 0.083816 -0.109486
v -0.217000 0.153882 -0.074374
v -0.108112 0.182243 -0.074256
v -0.089417 0.109516 -0.108006
v -0.425643 0.345862 0.200811
v -0.016208 0.441106 -0.334648
v 0.066015 0.492590 -0.115029
v -0.205219 -0.298170 -0.031639
v -0.367643 0.482787 -0.064665
v 0.183251 0.385595 0.267764
v 0.201693 0.312265 0.252089
v 0.267768 0.633677 0.191331
v 0.149877 0.415920 -0.151280
v -0.001907 0.210799 -0.063727
v 0.429321 -0.155475 -0.061007
v 0.400125 -0.203558 -0.024681
v -0.344708 0.445278 -0.160909
v 0.347682 0.588282 0.066625
v 0.356090 0.559265 0.049517
v -0.108578 0.565461 -0.184861
v -0.375551 0.418240 0.178872
v -0.312833 0.056665 -0.094147
v -0.515153 0.408987 -0.224446
v -0.510427 0.514180 0.048295
v 0.038792 0.327525 -0.326530
v 0.318306 0.688314 -0.108053
v -0.301781 0.182956 0.244148
v 0.356857 0.208202 0.058313
v 0.063076 0.464092 0.277290
v 0.074438 0.359829 0.291424
v 0.156118 0.577375 0.008096
v 0.233187 -0.210109 -0.152385
v -0.415622 0.288154 0.217493
v 0.056798 0.396813 -0.261004
v -0.327989 0.126604 -0.069226
v -0.037723 -0.113269 -0.191248
v -0.055692 -0.036935 -0.187365
v 0.046446 -0.022364 -0.142682
v 0.058689 -0.094709 -0.157933
v 0.096690 0.286484 0.283509
v -0.279176 0.331282 -0.146113
v -0.009160 0.373770 -0.345424
v 0.004659 0.350919 -0.340751
v 0.051270 0.432053 -0.033418
v -0.432286 0.394884 0.180189
v -0.182038 -0.273435 0.127599
v -0.087545 0.358730 -0.193252
v -0.091008 0.612517 -0.110038
v -0.282643 0.397741 0.004580
v -0.476767 0.450078 -0.064785
v -0.142066 0.300863 0.288020
v -0.158372 0.389800 0.281588
v 0.287635 0.507640 0.245573
v 0.302145 -0.205481 -0.131664
v 0.187393 0.080830 -0.278466
v 0.171323 0.152412 -0.270934
v 0.317332 0.212349 -0.207745
v 0.357292 0.144637 -0.163507
v 0.065289 0.578632 -0.216048
v -0.117673 0.230183 0.282126
v 0.446637 -0.019116 -0.055145
v 0.406233 -0.198974 0.048654
v -0.324920 0.603250 0.007386
v -0.122599 -0.266795 0.180665
v -0.058436 -0.252427 0.215336
v 0.032168 0.558580 0.060624
v -0.339946 0.366779 -0.070873
v 0.230432 0.373959 -0.142403
v -0.105425 0.431201 -0.250232
v 0.289268 -0.087928 -0.222788
v 0.306001 -0.152301 -0.176226
v 0.009967 -0.239887 0.236429
v 0.080513 -0.228382 0.246513
v 0.047223 0.373425 -0.156964
v 0.020169 0.131512 -0.082920
v -0.354146 0.574782 -0.114077
v 0.047852 -0.031913 0.263243
v 0.070051 -0.163924 -0.154214
v -0.209928 -0.238099 -0.137654
v 0.149912 0.305604 -0.246907
v -0.397994 0.365392 0.009584
v 0.408192 -0.024445 -0.152899
v -0.072546 0.037690 -0.150884
v 0.150655 0.590209 0.144141
v -0.278449 0.404286 0.041779
v -0.449804 0.161790 0.023404
v 0.155780 0.570808 -0.044880
v 0.034178 0.233107 -0.057579
v -0.143255 0.360880 -0.171884
v 0.134892 0.057901 0.266838
v 0.343489 0.507807 0.021900
v 0.056289 0.440462 -0.197208
v 0.220248 0.295289 -0.293848
v -0.098258 0.384725 -0.246290
v 0.277901 0.471376 -0.225457
v -0.202915 0.322500 0.073356
v -0.481132 0.480606 0.095600
v 0.169435 0.371658 0.095206
v 0.279360 0.438543 -0.152906
v -0.259202 -0.250423 -0.038845
v 0.067298 0.394412 -0.047022
v 0.079313 0.315670 -0.037476
v -0.347857 0.195994 -0.057824
v -0.221107 -0.222007 0.138325
v -0.150221 -0.211207 0.189165
v -0.502415 0.448671 -0.032467
v 0.183680 0.410129 -0.314935
v -0.163543 0.466396 -0.177047
v -0.190352 0.135991 0.254604
v 0.051651 -0.105681 0.256465
v 0.061773 -0.172637 0.250185
v 0.340804 0.199436 -0.076350
v 0.331678 0.698119 -0.018957
v -0.290768 0.512571 -0.026670
v -0.235258 -0.024297 0.214218
v -0.306665 0.440171 -0.128336
v -0.467935 0.313327 0.070918
v -0.366646 0.519577 -0.115438
v -0.079510 -0.193306 0.221222
v 0.380060 0.013968 0.133616
v 0.371673 -0.063230 0.156635
v 0.161045 0.203896 -0.271912
v -0.112336 -0.207640 -0.174061
v -0.018225 -0.182352 -0.170417
v 0.281755 -0.199687 0.201474
v 0.084993 0.325885 -0.307192
v 0.144797 -0.225056 0.245816
v 0.291124 0.337942 0.199896
v 0.236557 -0.009595 -0.263629
v -0.401469 0.368402 -0.052701
v 0.265810 0.173618 -0.268704
v -0.093839 0.160664 0.276191
v -0.433337 0.475021 -0.258317
v -0.006513 -0.178188 0.241033
v -0.162533 0.389778 -0.243497
v 0.261511 0.391708 0.103142
v -0.088459 0.363320 -0.035286
v 0.075397 0.518504 -0.058762
v -0.356704 0.465585 -0.199121
v 0.036319 0.052874 -0.112484
v 0.227186 -0.001641 0.240673
v 0.309390 0.009371 0.200541
v -0.219289 0.618496 -0.181868
v -0.281402 0.114196 0.234345
v 0.258665 0.502272 -0.023357
v 0.456369 -0.082664 -0.004253
v 0.108729 0.148815 -0.057202
v 0.082303 0.492883 -0.259223
v 0.214453 -0.212966 0.231578
v 0.130551 0.000564 -0.183926
v -0.134440 0.337867 -0.120019
v 0.172061 0.295865 -0.080010
v 0.145581 0.565554 0.092451
v -0.074444 0.089574 0.270236
v 0.179696 0.012398 -0.249096
v 0.438988 -0.095496 -0.104621
v -0.169073 0.067168 0.248642
v 0.291215 0.516034 -0.254578
v -0.304842 0.355077 -0.223180
v -0.235626 0.227276 -0.062270
v -0.183515 0.640012 -0.078393
v 0.094494 0.261709 -0.070844
v 0.138140 -0.015817 0.260010
v -0.161626 -0.289847 -0.114432
v 0.373241 0.102019 0.094945
v -0.475885 0.348534 0.057122
v 0.038362 0.615562 0.162567
v 0.199169 0.357876 -0.306163
v -0.296953 0.424354 -0.057112
v 0.124067 0.082418 -0.140184
v 0.003039 -0.243783 -0.146971
v -0.142894 0.536585 -0.110931
v 0.438996 -0.146233 0.027712
v 0.400877 0.059798 -0.113476
v -0.205573 0.540102 0.201437
v -0.450439 0.403478 -0.150625
v 0.063950 0.416355 -0.218955
v -0.149449 0.445216 -0.102747
v 0.257785 0.546880 0.021330
v 0.088006 0.402520 -0.346134
v 0.322658 0.580529 -0.060411
v 0.325741 0.580192 -0.001896
v 0.107358 0.572423 -0.099732
v -0.114854 0.573227 -0.053006
v -0.097143 0.379873 -0.034136
v -0.001520 0.389981 -0.035399
v 0.091800 0.544226 -0.169193
v -0.127977 0.535311 -0.126300
v 0.082232 0.420193 -0.256248
v -0.124122 0.391235 -0.222123
v -0.128368 0.421525 -0.207137
v 0.084274 0.449148 -0.246867
v 0.144350 0.578419 0.120716
v 0.135808 0.602312 0.088623
v -0.079292 0.571307 0.107185
v -0.092849 0.558347 0.077026
v 0.269215 0.047399 -0.270935
v 0.379169 -0.158689 -0.139932
v -0.127386 0.385323 -0.128186
v 0.070712 0.405631 -0.145828
v -0.460635 0.318555 0.151106
v -0.377191 -0.057977 0.083552
v -0.418959 0.088226 0.118627
v -0.433243 0.155487 0.135274
v -0.249201 -0.242293 0.057435
v -0.452294 0.215558 0.152270
v -0.453314 0.267368 0.156893
v -0.398234 0.016012 0.096613
v 0.387067 0.580190 0.126126
v 0.336214 0.328593 0.019312
v 0.360554 0.390323 0.053772
v 0.377365 0.452659 0.079603
v 0.384358 0.618618 0.114972
v 0.385717 0.523749 0.119883
v -0.021027 0.428347 -0.320361
v -0.011766 0.383622 -0.364969
v 0.270325 0.424933 -0.158871
v 0.158235 0.344011 -0.304143
v 0.160142 0.375848 -0.318066
v 0.217802 0.470366 -0.169867
v 0.008308 0.368136 -0.371745
v -0.009799 0.450025 -0.296416
v 0.071014 0.468556 -0.214704
v 0.089767 0.358321 -0.358776
v 0.023981 0.467658 -0.253874
v 0.042227 0.354974 -0.370869
v 0.199341 0.288945 -0.159984
v 0.195023 0.177061 -0.296560
v 0.225970 0.115783 -0.288210
v 0.166393 0.291432 -0.297506
v 0.284505 0.371387 -0.148123
v 0.371756 -0.098014 -0.189469
v -0.296956 -0.188156 0.063925
v -0.201605 -0.290441 0.052633
v 0.076671 0.398991 -0.209269
v -0.125156 0.381688 -0.186186
v -0.125277 0.608285 -0.080021
v -0.334964 0.552228 0.002042
v -0.214591 0.291198 0.075585
v -0.115486 0.312943 0.054464
v -0.146181 0.588031 -0.155385
v -0.346628 0.527178 -0.078055
v -0.140479 0.434270 -0.223972
v -0.343845 0.387342 -0.163961
v -0.361244 0.411840 -0.219369
v -0.146901 0.469009 -0.280854
v -0.289128 0.478215 0.116870
v -0.300210 0.337210 -0.030709
v -0.105476 0.385290 -0.084913
v -0.125153 0.414013 -0.152677
v -0.326278 0.364312 -0.094573
v 0.361569 0.641899 -0.009860
v 0.137806 0.634965 0.000308
v 0.159750 0.336289 0.080942
v 0.281684 0.361554 0.085302
v 0.352942 0.642030 -0.092400
v 0.126726 0.624007 -0.066962
v 0.307650 0.497149 -0.181453
v 0.100053 0.476957 -0.178156
v 0.098439 0.505199 -0.193983
v 0.312413 0.513652 -0.199965
v 0.109746 0.423146 -0.039384
v 0.319200 0.453285 -0.039831
v 0.308689 0.478610 -0.108832
v 0.110431 0.448127 -0.114027
v -0.328331 0.495076 0.008624
v -0.512825 0.444678 0.060755
v -0.409681 0.343870 -0.045020
v -0.352175 0.527268 -0.028357
v -0.532171 0.475799 0.018776
v -0.377369 0.480024 -0.241530
v -0.506387 0.393309 -0.182197
v -0.534189 0.461181 -0.082010
v -0.392420 0.550227 -0.146516
v -0.470751 0.370000 0.133762
v -0.484911 0.377918 -0.143122
v -0.336900 0.416638 -0.186939
v -0.350944 0.442152 -0.243223
v -0.500851 0.385176 -0.189478
v 0.154857 0.600155 0.112459
v -0.300074 0.440680 0.082678
v 0.361797 -0.204770 -0.091266
v 0.322024 -0.027399 -0.236275
v -0.340469 -0.126153 0.072408
v 0.428528 0.012043 0.038765
v 0.391905 0.107681 -0.016204
v 0.427249 -0.068971 0.083946
v 0.408099 -0.136028 0.105774
v 0.380762 -0.194810 0.112474
v -0.072846 0.535683 0.152611
v -0.036527 0.330581 0.293512
v -0.011239 0.258856 0.289405
v -0.075513 0.512742 0.081020
v -0.074184 0.514976 0.111024
v -0.211606 0.205444 0.261693
v -0.234699 0.272983 0.263453
v -0.279708 0.420495 0.149568
v -0.279538 0.421083 0.072981
v -0.279415 0.431987 0.108975
v -0.076349 0.521243 0.196990
v 0.158281 0.574719 0.182824
v -0.271085 0.397112 0.182264
v 0.182677 0.676969 0.082273
v 0.342131 0.690378 0.075427
v 0.341102 0.589875 0.044703
v 0.152790 0.633912 0.070279
v 0.374685 0.644247 0.066740
v 0.159966 0.583826 0.056994
v 0.093484 0.642675 -0.013569
v -0.075629 0.636904 -0.003888
v -0.099323 0.596218 0.027409
v 0.123166 0.593540 -0.011883
v 0.092348 0.553572 0.016062
v -0.066928 0.550577 0.043984
v -0.297268 0.572578 0.107897
v -0.280127 0.493040 0.027912
v -0.151002 0.621239 0.059957
v -0.316891 0.530125 0.072772
v -0.102230 0.592597 0.010699
v -0.111810 0.520254 -0.031255
v -0.337410 0.475945 0.107183
v -0.452452 0.432513 0.145409
v -0.482999 0.380312 0.027024
v -0.306187 0.463865 0.049140
v -0.492182 0.406252 0.099502
v -0.328625 0.426538 -0.019798
v 0.147848 0.253157 -0.251615
v 0.316451 0.300351 -0.174637
v 0.253826 0.233988 -0.279272
v 0.213960 0.320774 -0.154121
v 0.271721 0.321706 -0.138946
v 0.176320 0.233903 -0.295770
v 0.160228 0.361571 -0.034614
v 0.125176 0.424191 0.056913
v 0.298422 0.387577 -0.026580
v 0.290675 0.458345 0.070505
v 0.119624 0.383869 0.001303
v 0.321842 0.427260 0.019335
v -0.102005 0.355813 -0.091376
v -0.105784 0.412463 -0.089510
v 0.035188 0.371610 -0.102824
v 0.034584 0.431575 -0.096029
v 0.062362 0.403161 -0.095674
v -0.125820 0.379266 -0.090195
v -0.256476 0.291489 -0.033414
v -0.256272 0.366585 0.048737
v -0.116435 0.323620 -0.060308
v -0.124773 0.395323 0.001759
v -0.282625 0.317927 0.017431
v -0.091191 0.360923 -0.023106
v -0.454467 0.335248 -0.126038
v -0.446766 0.403717 -0.076399
v -0.341583 0.366203 -0.159639
v -0.339670 0.424042 -0.113527
v -0.471344 0.363036 -0.092503
v -0.323830 0.397770 -0.134930
v 0.310730 0.637136 -0.185087
v 0.314706 0.549408 -0.083256
v 0.139202 0.616628 -0.173441
v 0.141631 0.551777 -0.059927
v 0.113625 0.589784 -0.110313
v 0.340860 0.592513 -0.146707
v 0.035374 0.499203 -0.270026
v 0.061670 0.466488 -0.178565
v -0.114398 0.474002 -0.235000
v -0.099834 0.443552 -0.141653
v -0.135314 0.456092 -0.183785
v 0.080776 0.482949 -0.228745
v -0.210180 0.577510 -0.248277
v -0.145253 0.504921 -0.159083
v -0.359494 0.529304 -0.210933
v -0.291137 0.464534 -0.117715
v -0.151496 0.551005 -0.220083
v -0.355610 0.483435 -0.153687
v -0.422667 0.567393 -0.050869
v -0.374862 0.511823 -0.093379
v -0.526931 0.526948 -0.017236
v -0.508732 0.468991 -0.060079
v -0.373527 0.553843 -0.076803
v -0.542972 0.490245 -0.026905
v 0.040201 0.546307 -0.253230
v 0.060903 0.488004 -0.157858
v 0.080973 0.521654 -0.220962
v -0.124629 0.510842 -0.212565
v -0.096175 0.473210 -0.128638
v -0.136920 0.490963 -0.164342
v -0.364232 0.459585 -0.264215
v -0.303530 0.431959 -0.168787
v -0.153289 0.509648 -0.276016
v -0.363571 0.436337 -0.213385
v -0.212579 0.516368 -0.309769
v -0.142151 0.479289 -0.214217
v -0.533957 0.453424 -0.174627
v -0.460070 0.422011 -0.107269
v -0.453209 0.516425 -0.212861
v -0.361595 0.492093 -0.157735
v -0.521136 0.425740 -0.135374
v -0.389548 0.518007 -0.199165
v 0.136492 0.569247 -0.220261
v 0.121810 0.517595 -0.095878
v 0.110066 0.545603 -0.148581
v 0.324827 0.544023 -0.183136
v 0.287797 0.575921 -0.240489
v 0.287717 0.515846 -0.117612
v 0.139601 0.404855 -0.332355
v 0.130538 0.333283 -0.287464
v 0.150695 0.495905 -0.246109
v 0.129508 0.402552 -0.175613
v 0.142046 0.473743 -0.187114
v 0.134862 0.365941 -0.340337
v 0.187226 0.612001 0.168971
v 0.125176 0.612553 0.143974
v 0.123149 0.556360 0.222353
v 0.202161 0.558388 0.217259
v 0.181195 0.483813 0.253013
v -0.122666 0.563858 0.160636
v -0.266590 0.498385 0.183548
v -0.053351 0.598562 0.150549
v -0.315798 0.432735 0.158685
v -0.111954 0.483728 0.240921
v -0.037829 0.522363 0.226445
v -0.049257 0.425390 0.275181
v -0.304710 0.386447 0.205355
v -0.252631 0.417358 0.220176
v -0.250634 0.350025 0.247695
v -0.029502 0.084691 -0.042490
v -0.318737 0.408646 0.013287
v -0.258818 0.461081 0.069473
v -0.042651 0.543194 0.078108
v -0.108780 0.503541 0.029273
v -0.272699 0.367774 -0.019215
v 0.110526 0.573357 0.067629
v 0.153611 0.496961 -0.013448
v 0.168600 0.580376 0.053495
v 0.108828 0.532874 0.047227
v 0.179546 0.540727 0.029665
v -0.102707 0.435448 0.032313
v -0.030352 0.467723 0.037939
v -0.243231 0.417830 0.037443
v -0.311679 0.378542 0.028548
v -0.051950 0.385148 -0.028803
v -0.049924 0.402744 -0.043002
v -0.013988 0.452702 -0.144923
v -0.016858 0.490536 -0.096193
v -0.034732 0.443035 -0.276476
v -0.021898 0.386831 -0.261182
v -0.013965 0.402668 -0.198449
v -0.013632 0.423170 -0.165991
v -0.049756 0.482679 -0.265571
v -0.002806 0.506694 -0.029279
v -0.005073 0.643227 -0.107119
v -0.019251 0.598411 -0.206487
v 0.003509 0.659078 0.008255
v 0.013990 0.533404 0.038443
v -0.032420 0.437109 -0.139142
v -0.022940 0.425190 -0.192167
v -0.028980 0.356964 -0.200535
v -0.031883 0.357327 -0.142830
v -0.039427 0.353009 -0.087562
v -0.053526 0.362211 -0.028101
v -0.039274 0.428094 -0.094536
v -0.049460 0.532411 -0.247559
v -0.018677 0.481576 -0.139062
v 0.222909 0.344592 0.088559
v 0.213920 0.382331 0.106381
v 0.223322 0.543086 -0.062375
v 0.234601 0.561800 -0.051369
v 0.210641 0.504744 -0.272429
v 0.210894 0.440468 -0.214624
v 0.192094 0.517953 -0.109905
v 0.195020 0.492479 -0.114945
v 0.218399 0.632762 -0.204125
v 0.239402 0.560224 0.001559
v 0.250995 0.709652 -0.018421
v 0.239431 0.687210 -0.135678
v 0.245409 0.566775 0.047394
v 0.230352 0.360752 -0.042222
v 0.228913 0.317813 0.047158
v 0.209177 0.408763 -0.150198
v 0.202695 0.450210 0.073622
v 0.196718 0.492847 0.031571
v 0.194342 0.510552 -0.047794
v 0.259777 0.696104 0.089952
v 0.220496 0.391091 -0.094309
v 0.207768 0.508945 -0.086112
v 0.202593 0.570692 -0.252195
v -0.168003 0.331317 0.071162
v -0.186367 0.391244 0.037325
v -0.200089 0.427769 -0.005624
v -0.216494 0.448249 -0.072196
v -0.161242 0.297510 0.077393
v -0.209960 0.473374 -0.122965
v -0.210843 0.511345 -0.078808
v -0.256494 0.394568 -0.296546
v -0.228471 0.351485 -0.229513
v -0.230888 0.461209 -0.142920
v -0.239301 0.480533 -0.189840
v -0.289912 0.563387 -0.249366
v -0.215046 0.515880 -0.060340
v -0.260584 0.638164 -0.017584
v -0.294755 0.612393 -0.152681
v -0.229559 0.616306 0.097946
v -0.199007 0.486186 -0.013624
v -0.200681 0.328540 -0.164888
v -0.201632 0.313970 -0.100887
v -0.180735 0.287464 -0.049557
v -0.160209 0.262233 0.043408
v -0.215046 0.448723 -0.176087
v -0.300913 0.482016 -0.309153
v -0.400404 0.443179 -0.130215
v -0.408134 0.448024 -0.173332
v -0.366395 0.352921 -0.050406
v -0.370964 0.374930 -0.057686
v -0.441840 0.483545 -0.092370
v -0.433310 0.458951 -0.058377
v -0.505163 0.527826 -0.134966
v -0.482117 0.439057 -0.255987
v -0.392561 0.432269 -0.167501
v -0.408315 0.477592 -0.082536
v -0.477431 0.554969 -0.048895
v -0.420988 0.425881 -0.037743
v -0.410492 0.509842 0.088032
v -0.455787 0.540240 0.034422
v -0.407784 0.393279 -0.015011
v -0.447720 0.385811 -0.257895
v -0.407086 0.358993 -0.207319
v -0.390241 0.423029 -0.090127
v -0.394379 0.334126 -0.148422
v -0.361079 0.323235 -0.066121
v -0.395892 0.465930 0.136379
v -0.395229 0.449490 -0.122177
v -0.500256 0.486817 -0.205098
v -0.018692 0.405937 -0.343220
v -0.016756 0.389629 -0.325660
v 0.077054 0.337919 -0.238136
v 0.170376 0.360255 -0.193928
v -0.003968 0.369380 -0.304163
v 0.172620 0.370560 -0.183214
v 0.246954 0.369035 -0.279408
v 0.225491 0.430816 -0.283659
v 0.028667 0.343716 -0.272887
v 0.082839 0.455214 -0.313682
v 0.277262 0.323546 -0.252246
v 0.170310 0.335453 -0.176774
v 0.290889 0.269178 -0.241755
v 0.033726 0.445259 -0.339028
v 0.001874 0.434383 -0.350275
v -0.014118 0.423711 -0.354572
v 0.159639 0.289803 -0.187470
v 0.145827 0.456176 -0.299643
v 0.130863 0.342804 -0.211332
v 0.352595 0.649219 0.156573
v 0.304676 0.274062 -0.035083
v 0.361319 0.585531 0.189998
v 0.347228 0.296903 0.096336
v 0.353992 0.369445 0.140604
v 0.368393 0.455916 0.184135
v 0.368440 0.523337 0.207901
v 0.261632 0.285523 -0.124255
v 0.211266 0.280618 -0.109942
v 0.148423 0.247443 -0.215251
v 0.272499 0.259356 -0.096759
v -0.097858 0.352925 -0.056735
v -0.096323 0.404199 -0.059011
v -0.123469 0.376782 -0.054516
v 0.036209 0.392332 -0.057529
v 0.010960 0.419159 -0.060174
v 0.009808 0.363504 -0.060069
v -0.045163 0.416466 -0.062789
v -0.049066 0.351996 -0.047358
v 0.170313 0.334144 0.007086
v 0.146255 0.392933 0.084287
v 0.136880 0.357184 0.040604
v 0.310574 0.383853 0.051122
v 0.277736 0.421111 0.094744
v 0.284371 0.351827 0.004676
v 0.208401 0.414867 0.093812
v 0.228940 0.328638 0.004479
v -0.122739 0.363116 0.048602
v -0.116497 0.292917 -0.015795
v -0.228332 0.267325 0.003419
v -0.226477 0.339827 0.069244
v -0.265385 0.295268 0.055429
v -0.095174 0.329638 0.015942
v -0.167386 0.264285 -0.001719
v -0.175980 0.358648 0.059052
v -0.424339 0.314731 -0.095474
v -0.422321 0.382521 -0.055428
v -0.334650 0.345400 -0.120443
v -0.338935 0.398745 -0.083090
v -0.455113 0.344609 -0.055756
v -0.323847 0.376378 -0.102957
v -0.379499 0.397554 -0.067890
v -0.370714 0.318383 -0.102316
v -0.350678 0.382308 -0.069674
v 0.082323 -0.518080 -0.164283
v 0.154477 -0.503647 -0.176741
v 0.225561 -0.489432 -0.168707
v 0.290738 -0.475893 -0.144581
v 0.345512 -0.464681 -0.104351
v 0.377120 -0.439329 -0.049195
v -0.076317 -0.550455 -0.022075
v -0.038066 -0.542432 -0.083352
v 0.398750 -0.445044 0.014192
v 0.402964 -0.441633 0.074875
v -0.079647 -0.532029 0.117696
v -0.093552 -0.554701 0.048310
v 0.017622 -0.523138 0.215826
v -0.037167 -0.532014 0.174730
v 0.386292 -0.451627 0.127676
v 0.356372 -0.455055 0.177458
v 0.316689 -0.467204 0.209805
v 0.148606 -0.503156 0.250760
v 0.079697 -0.512988 0.240901
v 0.271502 -0.482825 0.233896
v 0.216225 -0.488630 0.248278
v 0.016162 -0.531433 -0.132108
v 0.089441 -0.517245 -0.141306
v 0.155253 -0.504081 -0.152673
v 0.220405 -0.491020 -0.145303
v 0.279968 -0.478533 -0.123247
v 0.329430 -0.468266 -0.086902
v 0.365676 -0.461472 -0.039961
v -0.054699 -0.546438 -0.012446
v -0.020239 -0.539311 -0.067617
v 0.385035 -0.459018 0.013712
v 0.388898 -0.460182 0.067964
v -0.059106 -0.548833 0.110850
v -0.069819 -0.550054 0.049216
v 0.028554 -0.534743 0.201349
v -0.023034 -0.543025 0.163085
v 0.376587 -0.464796 0.118523
v 0.350542 -0.472029 0.162375
v 0.311540 -0.481663 0.196349
v 0.148113 -0.514895 0.235247
v 0.087199 -0.525236 0.225172
v 0.263159 -0.492554 0.220586
v 0.207796 -0.503861 0.233581
v 0.029107 -0.529377 -0.111968
v 0.252851 -0.272874 0.211523
v 0.367617 -0.250112 0.082939
v -0.058470 -0.352889 0.194613
v -0.087818 -0.358496 0.175208
v 0.303604 -0.259115 0.178555
v 0.373271 -0.250152 0.025510
v -0.089050 -0.426178 0.147217
v -0.067370 -0.428949 0.176005
v 0.394556 -0.412349 0.011131
v -0.070993 0.362766 -0.031694
v -0.367981 0.350165 -0.154031
v -0.372774 0.361215 -0.180717
v -0.051061 0.508694 -0.255874
v -0.258989 0.453671 0.206791
v -0.312109 0.360595 -0.155029
v -0.291672 0.342333 -0.184931
v -0.073893 -0.093936 0.240147
v 0.386596 0.552124 0.124458
v -0.098333 0.373107 -0.054010
v -0.353645 0.427873 -0.282359
v -0.110956 0.354455 -0.072610
v 0.251948 0.451640 -0.163542
v 0.265486 0.251797 -0.262077
v 0.283302 0.223318 -0.246606
v 0.307226 0.240591 -0.221545
v -0.105964 0.370051 -0.044901
v -0.093158 0.358123 -0.046010
v -0.332706 0.381987 -0.147285
v 0.290079 0.192934 -0.239285
v 0.336439 0.178328 -0.186571
v -0.540775 0.479629 -0.053447
v -0.375474 0.495775 0.094553
v -0.367146 0.471233 0.120401
v -0.439815 0.475590 0.114301
v -0.445807 0.495203 0.091884
v -0.341082 0.431291 -0.173765
v -0.342384 0.434666 -0.138822
v -0.191184 0.300717 -0.075222
v -0.510046 0.448950 -0.215940
v -0.501994 0.540734 -0.032934
v -0.518441 0.529912 -0.077552
v -0.332715 0.371291 -0.131298
v -0.338116 0.355802 -0.140041
v -0.527449 0.439361 -0.155264
v 0.227565 0.196687 0.222937
v 0.273268 0.168596 0.193742
v 0.257450 -0.104920 0.222817
v -0.134204 0.387446 -0.162281
v -0.151513 0.373835 -0.204398
v -0.178609 0.585557 -0.198263
v -0.492345 0.536674 0.009396
v 0.072740 0.420380 -0.239626
v 0.074664 0.430664 -0.235690
v -0.252773 0.340076 -0.185692
v -0.239929 0.329911 -0.155501
v 0.323170 0.584009 0.207069
v 0.318755 0.617766 0.195214
v -0.485825 0.444158 0.099928
v -0.467191 0.458530 0.120800
v -0.140403 0.291137 0.054750
v -0.139886 0.273499 0.037758
v -0.534934 0.508343 -0.022242
v -0.124366 0.373085 -0.128399
v -0.138847 0.349373 -0.145952
v 0.230499 0.116384 0.234068
v 0.271979 0.124267 0.202981
v -0.229054 0.302729 -0.067151
v -0.218606 0.289476 -0.041486
v -0.168620 0.616375 -0.127022
v -0.400064 0.382174 0.195372
v -0.396753 0.357526 0.204637
v -0.466813 0.511607 0.068541
v -0.272479 -0.071261 0.186557
v -0.465734 0.343599 0.144135
v 0.387336 0.602372 0.124386
v -0.140119 -0.142692 0.212373
v -0.125805 -0.171772 0.208327
v 0.071143 -0.200509 0.248349
v -0.065652 -0.127755 0.236434
v -0.090450 -0.162821 0.224356
v -0.171968 0.344710 -0.168386
v -0.184154 0.354341 -0.196604
v 0.225318 -0.038064 0.240267
v 0.263310 -0.070254 0.223375
v 0.342494 0.673060 -0.059383
v -0.437936 0.306353 0.185555
v -0.032474 -0.215308 0.228185
v -0.068973 -0.222867 0.218279
v -0.272347 0.447178 0.174102
v -0.114865 -0.202257 0.205193
v -0.358820 0.505646 -0.044225
v -0.350524 0.493383 -0.030835
v 0.180953 -0.045150 0.249303
v -0.456942 0.293440 0.155633
v -0.339180 0.387696 -0.220759
v -0.349269 0.403968 -0.246083
v 0.339511 -0.026942 0.179429
v -0.318713 -0.157155 0.068166
v -0.228855 -0.059533 0.207112
v -0.302727 0.347797 -0.120343
v 0.197696 0.673370 -0.130687
v 0.187273 0.647576 -0.164243
v -0.115315 0.399651 -0.118795
v 0.326156 0.072332 -0.225394
v -0.240404 0.322626 -0.123500
v -0.507686 0.479847 0.054824
v 0.141482 0.643834 -0.091996
v 0.147385 0.654910 -0.054084
v 0.280363 0.398295 -0.153151
v 0.389728 -0.099655 0.131427
v 0.400929 -0.066025 0.120587
v -0.265899 0.423075 0.188981
v 0.149506 0.587729 0.117787
v 0.140258 0.593123 0.106628
v -0.297899 0.424320 0.154511
v -0.030164 0.355900 -0.171886
v -0.365897 0.320809 -0.084218
v 0.346648 0.670395 -0.014251
v 0.337139 0.697950 0.027441
v -0.164532 0.636933 -0.003388
v -0.138598 0.621644 -0.023938
v -0.324826 0.475196 0.067070
v -0.068762 0.357658 -0.041322
v 0.333544 0.205445 -0.141335
v 0.147685 0.639699 -0.149224
v 0.134835 0.625329 -0.118273
v 0.120338 0.609497 -0.090779
v -0.240170 0.630174 -0.117131
v -0.213484 0.546888 -0.282792
v -0.181173 0.564486 -0.234468
v -0.318759 0.433629 -0.301579
v -0.297539 0.396418 -0.285328
v -0.528142 0.443575 -0.111178
v -0.533726 0.457957 -0.128542
v 0.112160 0.568229 -0.128877
v 0.198903 0.446192 -0.163842
v 0.164849 0.444261 -0.172383
v 0.331022 0.125410 -0.203924
v 0.354819 0.082935 -0.182973
v 0.296105 0.703149 0.031202
v 0.291335 0.703843 -0.018147
v -0.325553 0.455306 0.134156
v 0.374311 0.585299 0.157476
v 0.331531 0.286069 0.032699
v 0.288399 0.266535 -0.067776
v 0.285558 0.542825 0.237202
v 0.243079 0.566500 0.224110
v 0.051787 0.502672 0.264822
v 0.002140 0.534060 0.233916
v 0.391462 -0.224130 0.052297
v 0.378161 -0.222093 0.084100
v 0.281005 -0.231223 0.200038
v 0.247220 -0.237877 0.214721
v -0.143475 0.274524 0.015194
v -0.107369 0.307201 0.024024
v -0.117525 0.298853 0.043285
v -0.242404 0.279407 -0.014998
v -0.260931 0.293379 0.011007
v -0.048136 -0.540423 0.142790
v -0.030100 -0.537519 0.168907
v 0.331041 -0.476846 0.179362
v 0.289148 0.140131 -0.254145
v 0.276153 0.607041 0.212172
v -0.434443 0.278162 0.186943
v -0.516992 0.469956 -0.189768
v -0.148938 0.570882 -0.185637
v -0.496799 0.462713 0.078598
v -0.153850 0.624935 -0.080352
v -0.371866 0.391137 0.196710
v 0.112655 -0.226719 0.246165
v -0.321207 0.374619 -0.250846
v -0.024234 -0.246157 0.225883
v 0.040126 0.578661 0.212611
v -0.219844 0.639091 -0.041723
v 0.082326 0.546281 0.232843
v -0.336481 0.374768 0.206604
v -0.250163 0.570442 -0.248968
v 0.156318 0.410458 -0.166698
v 0.128252 0.370527 0.020953
v -0.118030 0.288840 0.008156
v -0.068802 -0.319570 0.194415
v -0.006464 -0.308549 0.225085
v 0.002873 -0.342620 0.226263
v -0.030117 -0.348034 0.214998
v 0.193603 -0.282564 0.232907
v 0.168271 -0.316535 0.240745
v 0.128216 -0.287363 0.243032
v 0.136129 -0.321794 0.243193
v -0.078935 -0.463312 0.147815
v -0.029062 -0.461457 0.196907
v -0.039018 -0.424094 0.196390
v -0.010825 -0.419469 0.216693
v 0.371332 -0.453341 0.152567
v -0.068451 -0.499056 0.147150
v -0.047211 -0.499048 0.175667
v -0.000329 0.366952 -0.047430
v 0.012871 0.381366 -0.046160
v -0.187068 0.265462 0.022112
v -0.183479 0.264437 0.044675
v -0.236067 0.280954 0.050686
v -0.217541 0.266983 0.024681
v 0.018516 0.148996 0.281695
v 0.071679 0.160303 0.278377
v -0.230954 0.479265 0.215670
v -0.222769 0.437947 0.236654
v 0.308866 0.509309 -0.195969
v 0.017800 0.439821 -0.344651
v -0.358830 -0.092065 0.077980
v 0.061923 0.386280 -0.182905
v -0.035736 0.355056 -0.112742
v 0.069510 0.408522 -0.258583
v -0.354520 0.459106 -0.211153
v -0.352549 0.449646 -0.223898
v 0.314057 0.159264 -0.219637
v -0.404113 0.489919 0.111601
v 0.364970 0.553808 0.200909
v 0.067599 0.393717 -0.235024
v 0.181637 0.429658 0.263119
v 0.124319 0.422263 0.276706
v -0.419789 0.189128 0.183228
v -0.410254 0.159226 0.175393
v -0.472215 0.419590 0.122305
v 0.255713 0.708054 0.034209
v -0.387738 -0.021353 0.088864
v -0.288410 0.325354 -0.057281
v -0.266543 0.302494 -0.058634
v -0.432437 0.526641 0.062957
v -0.011152 0.415325 -0.359117
v 0.314793 0.663431 -0.154847
v 0.335632 0.665288 -0.100114
v -0.054712 -0.158240 0.233300
v -0.395625 0.193950 0.218497
v -0.344533 0.172808 0.229545
v -0.294214 0.587681 -0.206602
v 0.325191 0.696307 -0.062250
v -0.123243 0.078257 0.260046
v 0.448204 -0.089052 -0.054749
v -0.052260 0.208191 0.283746
v -0.041146 0.173371 0.280691
v -0.045489 0.561869 0.195236
v 0.010561 -0.114452 0.251217
v -0.018213 -0.150681 0.243206
v -0.340494 0.512314 -0.011503
v 0.192246 0.348932 0.261343
v 0.242079 0.362294 0.240683
v -0.378228 0.128413 0.209445
v -0.334316 0.138848 0.225531
v 0.162950 0.662233 0.031558
v 0.178041 0.686179 0.033437
v -0.038155 -0.089355 0.249092
v 0.427586 -0.059674 -0.127732
v 0.136374 0.021035 0.263493
v 0.181457 0.028160 0.253454
v -0.000230 0.222425 0.286841
v 0.065480 0.198790 0.280294
v -0.301443 0.338905 -0.089213
v -0.277892 0.322390 -0.114983
v -0.148616 0.290190 -0.032676
v -0.174061 0.275874 -0.025638
v 0.041067 0.372402 -0.126075
v 0.059042 0.389195 -0.151540
v -0.005993 0.380191 -0.035094
v 0.377426 0.007002 -0.182299
v 0.400267 0.017369 -0.132838
v 0.372983 0.049135 -0.164139
v -0.183996 0.282075 0.061668
v -0.348658 0.440005 -0.198737
v 0.298382 0.447267 -0.091143
v 0.302927 0.432482 -0.061012
v 0.449341 -0.114348 0.012136
v 0.442741 -0.075778 0.039654
v 0.442843 -0.035247 0.018987
v 0.350584 0.171770 -0.119060
v 0.379937 0.126161 -0.089119
v -0.075011 0.533500 0.173715
v -0.054563 0.531722 0.191249
v 0.130666 0.610232 0.113811
v 0.007652 0.365386 -0.149517
v 0.316208 0.405556 0.035228
v 0.211942 0.698466 -0.016462
v 0.206559 0.693366 -0.069584
v 0.245613 0.704590 -0.072146
v 0.314180 0.586116 -0.192417
v -0.298160 0.523900 -0.284148
v -0.003156 0.420661 -0.356968
v 0.200194 0.330362 -0.158063
v 0.201102 0.307188 -0.153240
v 0.017846 0.389445 -0.258790
v 0.306234 0.559465 -0.212056
v 0.332694 0.567687 -0.166667
v 0.376492 0.101953 -0.141326
v 0.278981 0.689421 -0.117639
v 0.292538 0.399628 -0.054387
v 0.258503 0.386215 -0.062208
v 0.283615 0.425011 -0.114249
v 0.253575 0.401385 -0.088251
v 0.284844 0.702037 -0.063865
v 0.130309 0.603444 0.037807
v 0.115813 0.623404 0.043105
v -0.023458 0.639602 0.082860
v 0.347004 0.358190 0.034381
v 0.347564 0.347738 0.078385
v 0.237102 0.321110 -0.153221
v -0.350556 0.452228 -0.184570
v 0.320880 0.301430 -0.007834
v 0.340426 0.312629 0.057192
v -0.175710 0.422839 0.268218
v 0.188058 -0.247559 0.236956
v 0.153273 -0.253601 0.243498
v -0.014743 -0.276925 0.225124
v -0.048945 -0.283195 0.214578
v 0.331488 -0.225235 0.160366
v 0.303974 -0.227605 0.180164
v 0.017345 0.391156 -0.046464
v -0.031997 0.366306 -0.031446
v -0.029766 0.361198 -0.041074
v -0.204534 0.277395 -0.023069
v -0.331900 0.411146 -0.123695
v -0.339402 0.411730 -0.096622
v 0.387595 -0.455905 0.097820
v 0.368417 -0.461828 0.145025
v 0.381439 -0.458211 0.123099
v 0.287349 -0.487109 0.208468
v -0.049133 -0.386960 0.195791
v 0.011671 -0.376976 0.227271
v -0.200359 0.501566 0.228501
v -0.424193 0.449362 0.140955
v -0.062623 0.564873 0.163778
v -0.392733 0.536241 -0.171992
v 0.129455 0.372775 0.280187
v 0.308015 0.487986 -0.145959
v -0.387309 0.557764 -0.114295
v -0.239121 0.313734 -0.092370
v -0.098555 0.554028 0.154808
v 0.155366 0.661394 -0.006692
v 0.164851 0.679988 -0.066134
v -0.153915 0.468126 0.247304
v -0.316826 0.478824 0.026866
v 0.379460 -0.280075 0.060297
v 0.370590 -0.280875 0.087808
v 0.387479 -0.345744 0.066023
v 0.386214 -0.345264 0.036255
v 0.384686 -0.383001 0.094848
v 0.360941 -0.389190 0.145344
v 0.262200 -0.454604 0.233094
v 0.284794 -0.446793 0.221048
v 0.234562 -0.457506 0.240285
v 0.336530 -0.461129 0.193631
v 0.381386 -0.418508 0.124883
v 0.389722 -0.413511 0.098483
v -0.163798 0.263259 0.020845
v 0.078361 0.123237 0.276732
v -0.007150 0.490805 -0.267922
v -0.008042 0.515587 -0.258312
v -0.103813 0.342272 -0.041707
v 0.221080 0.475335 -0.200347
v 0.257360 0.449041 -0.193783
v -0.132452 0.423842 -0.187241
v -0.522786 0.461559 0.039223
v -0.110663 0.364854 -0.055625
v -0.439726 0.329670 -0.075615
v -0.428337 0.332458 -0.058717
v -0.412950 0.317519 -0.078576
v -0.360616 0.460096 -0.231656
v -0.075305 0.556507 0.134559
v -0.162559 0.429334 -0.268217
v -0.174229 0.408389 -0.278147
v -0.143946 0.451387 -0.254221
v 0.071541 0.547924 -0.221491
v 0.051954 0.563322 -0.237302
v -0.148585 0.305542 -0.054932
v -0.159034 0.318795 -0.080598
v 0.139043 0.336212 0.276278
v 0.150410 0.299509 0.269439
v 0.056933 0.486588 -0.279439
v 0.028065 0.474081 -0.276740
v 0.194706 0.585364 0.194416
v 0.191837 0.385198 -0.310461
v -0.428592 0.247080 0.188576
v -0.428058 0.221528 0.187162
v -0.408597 0.052102 0.108002
v 0.163831 0.411527 -0.323294
v -0.332567 0.470811 -0.286635
v -0.332840 0.507450 -0.264846
v -0.362939 0.497854 -0.237808
v -0.381320 0.321771 -0.063899
v -0.383978 0.336614 -0.056041
v -0.000501 0.655508 -0.053853
v -0.247384 0.009815 0.218475
v -0.014809 0.358256 -0.073816
v -0.044246 0.352502 -0.067460
v 0.065950 0.402597 -0.352880
v -0.421637 0.516903 -0.206885
v -0.160725 0.279872 0.060401
v 0.293254 0.470712 -0.167888
v 0.078926 0.562858 -0.192812
v -0.502396 0.425798 0.080733
v 0.000319 -0.043750 0.258766
v -0.426113 0.121673 0.126934
v 0.027224 0.403661 -0.362222
v -0.023019 0.294778 0.291172
v -0.196276 0.326589 0.268711
v -0.188411 0.286491 0.275190
v -0.077956 0.278432 0.289459
v -0.090634 0.315673 0.291464
v -0.476793 0.501564 -0.209037
v -0.481121 0.521626 -0.177652
v 0.104945 0.462294 -0.147773
v 0.203382 0.419761 -0.299415
v 0.286642 -0.167503 0.204277
v 0.261377 0.344519 -0.266875
v 0.072459 0.513790 -0.168485
v 0.084343 0.533441 -0.200087
v -0.105805 0.326629 -0.022183
v -0.116466 0.308269 -0.038051
v -0.352880 0.204011 0.232472
v -0.328951 0.569919 -0.188591
v -0.324591 0.545923 -0.230418
v -0.044458 0.372418 0.287573
v -0.270504 0.078333 0.227665
v -0.214291 0.055547 0.235687
v -0.012000 0.623779 -0.159456
v -0.067025 0.356459 -0.114649
v -0.070716 0.354411 -0.089469
v 0.011175 0.465264 -0.298010
v -0.032860 0.136409 0.278128
v -0.023633 0.100831 0.275200
v 0.038810 0.423966 -0.349327
v 0.063366 0.428944 -0.336654
v 0.248973 0.325339 0.227259
v -0.291576 0.148811 0.239933
v -0.246103 0.158913 0.249036
v 0.031980 0.075440 0.275506
v 0.081097 0.084994 0.273471
v -0.409800 0.256590 0.220100
v 0.002431 -0.080624 0.254855
v 0.223497 0.653438 0.151682
v 0.296791 -0.100703 0.207698
v 0.328232 -0.099270 0.186213
v 0.323829 -0.133815 0.186136
v 0.048459 0.404006 -0.222813
v 0.047043 0.437289 -0.228705
v 0.009654 0.410548 -0.260911
v 0.024013 0.437146 -0.248241
v -0.221854 0.413072 -0.302609
v -0.246304 0.455300 -0.323119
v 0.346343 -0.163630 0.164239
v 0.367867 -0.163601 0.138925
v -0.310219 0.410106 0.183742
v -0.113912 0.367539 -0.090785
v -0.386138 0.319344 -0.081996
v 0.321600 0.232715 -0.174053
v 0.325583 0.225817 -0.108246
v -0.000046 0.471606 -0.275566
v 0.057963 0.490673 -0.249879
v -0.357163 0.507730 -0.179169
v -0.006122 0.429047 -0.352423
v 0.239431 0.399236 -0.281348
v -0.357984 0.476932 -0.179340
v 0.057494 0.467859 -0.306644
v 0.032937 0.462882 -0.319317
v 0.036267 0.522958 -0.261929
v 0.057436 0.512940 -0.245481
v -0.167857 0.451928 -0.294932
v -0.203856 0.474797 -0.326485
v -0.367057 0.472854 -0.220127
v 0.232896 0.451743 -0.256886
v 0.184116 0.473432 -0.265043
v 0.187356 0.492644 -0.238253
v 0.170671 0.435954 -0.306744
v 0.252745 0.602842 -0.224951
v 0.250536 0.414717 -0.120307
v 0.245124 0.438961 -0.183911
v 0.247490 0.543695 -0.263393
v -0.076097 0.606438 0.086547
v -0.281447 0.541001 0.150807
v -0.354433 0.448051 0.146055
v -0.314374 0.068553 0.211797
v 0.370866 0.422775 0.069455
v 0.369159 0.424936 0.122731
v 0.357242 0.381047 0.098726
v 0.364016 0.652678 0.110326
v 0.233859 0.305323 -0.148044
v 0.204961 0.303931 -0.160846
v 0.265459 0.303662 -0.132186
v 0.313996 0.260923 -0.188720
v 0.317635 0.276623 -0.151719
v -0.461507 0.401317 0.140593
v -0.481411 0.388974 0.117476
v 0.292296 0.255693 -0.115372
v 0.219911 -0.247976 0.228683
v -0.078293 -0.288802 0.195173
v -0.110375 -0.295986 0.177838
v -0.068642 0.352967 -0.072148
v -0.073462 0.352461 -0.052046
v -0.099931 0.354369 -0.074055
v -0.112737 0.366298 -0.072946
v 0.199627 0.331391 0.005782
v 0.153597 0.345664 0.023845
v -0.397526 0.316557 -0.098895
v -0.331897 0.371579 -0.086915
v -0.353170 0.359850 -0.060640
v 0.353457 -0.463542 0.169917
v 0.117656 -0.520066 0.230210
v 0.382742 -0.462489 0.093243
v 0.177954 -0.509378 0.234414
v 0.373522 -0.312772 0.091170
v 0.379535 -0.310899 0.035081
v 0.266521 0.440117 -0.225296
v 0.097577 0.491853 -0.195005
v 0.258543 0.203732 -0.274501
v -0.066364 0.584774 0.130735
v -0.130778 0.264109 0.284827
v 0.293878 0.459100 -0.131545
v -0.256665 0.194651 0.253063
v -0.150150 0.346375 0.286559
v 0.023341 0.588707 -0.211096
v 0.016605 0.471106 -0.311935
v 0.349573 0.330698 0.115177
v 0.363680 -0.097689 0.162561
v -0.263255 0.594514 0.103524
v 0.228336 0.287325 -0.143392
v 0.382010 -0.134103 0.136505
v 0.245129 0.572086 -0.246242
v 0.244877 0.423553 -0.148252
v 0.290927 0.269222 -0.127493
v 0.323802 -0.397847 0.186821
v 0.277551 -0.414543 0.218669
v 0.294095 -0.475015 0.221850
v 0.103725 -0.474523 0.244871
v 0.138179 -0.469607 0.249800
v 0.309446 -0.434954 0.207426
v 0.329288 -0.428880 0.191252
v 0.400857 -0.443338 0.044533
v 0.179227 0.326700 0.025426
v 0.173945 0.327773 0.062354
v -0.278882 -0.036025 0.193662
v 0.006214 0.419516 -0.357546
v 0.022140 0.424954 -0.351923
v 0.243665 0.421439 -0.153582
v 0.252608 0.398156 -0.149421
v 0.227280 0.396387 -0.144130
v 0.373301 0.157684 0.019454
v 0.354379 0.204178 -0.007932
v -0.144818 0.441931 -0.163229
v -0.151919 0.450281 -0.200182
v 0.208527 0.318535 0.045462
v 0.205525 0.331924 0.066163
v 0.041664 0.370879 -0.181439
v 0.056144 0.384825 -0.207534
v 0.298209 0.332210 -0.160030
v 0.313199 0.321826 -0.183947
v -0.353203 0.399903 -0.194140
v -0.153919 0.464295 -0.230357
v -0.435013 0.355779 -0.194049
v -0.428033 0.342991 -0.161968
v -0.474070 0.365283 -0.162855
v -0.470593 0.357078 -0.138490
v -0.458586 0.343665 -0.154233
v 0.357451 0.644997 -0.049668
v 0.003373 0.363578 -0.203314
v 0.008145 0.372366 -0.232572
v 0.001184 0.405793 -0.364240
v -0.375730 0.505262 -0.178349
v -0.056402 0.520070 0.213431
v -0.074498 0.502135 0.235079
v -0.094349 0.503891 0.218421
v 0.052848 0.480165 -0.256574
v 0.227369 0.620741 0.183763
v 0.234754 0.592552 0.211167
v 0.126568 0.173038 0.269754
v 0.183386 0.145868 0.251526
v 0.363516 0.414333 0.166940
v 0.113734 0.483685 -0.223043
v 0.117168 0.495897 -0.252545
v -0.493453 0.381787 -0.169323
v -0.496216 0.544083 -0.097425
v 0.132432 0.096147 0.268850
v 0.181694 0.105276 0.254333
v -0.064009 0.582300 -0.195827
v -0.080730 0.545237 -0.219033
v -0.036793 0.565082 -0.232507
v -0.440192 0.564417 -0.106216
v -0.413823 0.560120 -0.114257
v -0.442791 0.185161 0.143894
v -0.421092 0.535972 -0.177963
v -0.451990 0.536670 -0.181741
v -0.004369 0.455866 -0.310340
v -0.007573 0.451407 -0.329456
v -0.177098 0.250106 0.272670
v -0.165525 0.216765 0.271326
v -0.360396 -0.016241 0.133641
v -0.349849 -0.052865 0.128329
v -0.084913 0.558311 0.112381
v -0.504717 0.507184 -0.174625
v 0.313969 -0.165151 0.184836
v 0.309408 -0.197307 0.181880
v 0.227975 0.440094 -0.157187
v -0.370099 0.539022 -0.009416
v -0.105836 0.311277 0.000074
v -0.155123 0.181512 0.268601
v 0.264229 -0.033902 0.223803
v 0.085422 0.428867 -0.329908
v 0.114482 0.429219 -0.323062
v 0.205188 0.541629 -0.269213
v -0.105448 0.195446 0.279118
v 0.124364 0.587508 0.187724
v -0.099309 0.359502 0.289761
v -0.104166 0.402029 0.280366
v -0.484630 0.371455 -0.188766
v -0.083842 0.125142 0.273117
v 0.117291 0.533803 -0.208867
v 0.305909 -0.028328 0.205013
v 0.336995 -0.064569 0.183031
v 0.263829 0.665477 0.152601
v -0.243786 0.633111 0.041749
v -0.141942 0.278601 -0.008757
v 0.210341 0.465979 -0.247390
v -0.100079 0.590435 -0.154821
v -0.118259 0.550508 -0.156041
v -0.335286 0.375758 -0.130509
v 0.358979 -0.194863 0.137587
v 0.143421 0.599285 0.114625
v 0.137948 0.601915 0.143458
v 0.208540 0.323947 0.024123
v 0.352202 0.671852 0.025592
v 0.002145 0.362783 -0.174953
v -0.281555 0.630357 -0.093754
v -0.312312 0.611784 -0.075926
v -0.324391 0.593111 -0.133710
v -0.051296 0.357103 -0.037730
v 0.255972 0.373508 -0.146874
v 0.226773 0.348404 -0.144693
v -0.358473 0.551848 -0.167647
v -0.356625 0.527606 -0.139978
v -0.421438 0.544786 0.022174
v -0.397669 0.530009 0.050815
v -0.382690 0.552764 -0.036440
v 0.201117 0.354613 -0.158740
v 0.017394 0.453483 -0.331646
v 0.001468 0.448045 -0.337269
v -0.134626 0.510577 -0.149958
v -0.125353 0.523119 -0.177071
v -0.475651 0.540491 -0.141471
v -0.466175 0.554347 -0.105964
v 0.183258 0.457687 -0.291108
v 0.178790 0.475455 -0.178399
v 0.089287 0.378666 -0.352515
v 0.114677 0.404029 -0.339168
v 0.184179 0.484137 -0.207943
v 0.152689 0.594087 0.130002
v 0.147582 0.585569 0.132011
v -0.100011 0.543651 0.180241
v -0.121453 0.593343 0.069624
v -0.108222 0.571983 0.112596
v 0.373250 0.455158 0.132557
v 0.310357 0.644259 0.171518
v 0.305347 0.668117 0.139716
v -0.135138 0.429983 0.266724
v -0.080167 0.454354 0.259731
v -0.205437 0.404587 0.251364
v -0.331382 0.398258 -0.109010
v 0.393824 -0.452613 0.041078
v 0.333615 -0.469616 0.186090
v 0.314115 -0.474433 0.203077
v -0.041070 -0.545929 0.136967
v -0.121363 0.406152 -0.064062
v 0.363600 0.154900 0.072785
v 0.296777 0.359509 -0.168655
v 0.103574 0.524296 -0.174505
v -0.403724 0.560506 -0.016873
v 0.046890 0.380799 -0.235113
v 0.076626 0.480678 -0.236968
v -0.323839 0.387074 -0.118944
v -0.118804 0.534613 -0.201887
v -0.419511 0.551306 -0.148438
v -0.204434 0.370997 0.264609
v -0.063753 0.244583 0.286073
v 0.204997 0.419271 -0.151410
v 0.154567 0.584050 0.162685
v 0.348553 0.252338 0.075230
v 0.381605 0.486850 0.099250
v 0.298574 0.374277 -0.206084
v 0.168867 0.599898 0.158583
v 0.368313 0.646002 0.028625
v 0.082278 0.473944 -0.286478
v 0.293658 0.333405 -0.222159
v -0.097886 0.580266 0.043571
v 0.332073 0.241131 0.010332
v 0.362935 -0.282702 0.115143
v 0.345933 -0.285067 0.138872
v 0.343238 -0.253158 0.134863
v 0.330186 -0.288338 0.162426
v 0.306264 -0.292038 0.180861
v -0.109770 -0.356967 0.146718
v -0.134054 -0.357513 0.119177
v 0.370729 -0.350029 0.119995
v 0.378935 -0.347641 0.092752
v 0.221905 -0.425720 0.238864
v 0.159332 -0.430559 0.247139
v 0.338841 -0.357150 0.165953
v 0.354381 -0.353349 0.142700
v 0.350886 -0.424023 0.173027
v 0.365846 -0.422309 0.148136
v 0.182415 -0.495893 0.249519
v 0.169759 -0.464107 0.248099
v 0.203568 -0.456844 0.246857
v 0.114151 -0.508072 0.245831
v 0.394628 -0.446630 0.101275
v -0.246859 0.281297 0.029424
v -0.442213 0.414742 0.163484
v -0.413766 0.427704 0.161132
v -0.403866 0.407409 0.178892
v -0.353858 0.414104 -0.230073
v 0.210485 0.423283 -0.180265
v 0.180882 0.426819 -0.180559
v 0.179527 0.412341 -0.150739
v 0.225424 0.375922 -0.068266
v 0.190362 0.376331 -0.064462
v 0.195290 0.361162 -0.038418
v 0.131082 0.471685 -0.236225
v 0.114386 0.484350 -0.218559
v -0.002120 0.362310 -0.095193
v 0.001571 0.364357 -0.120373
v -0.101895 0.409567 -0.254826
v -0.114067 0.407987 -0.236992
v -0.420571 0.317929 0.210988
v 0.080261 0.406614 -0.237236
v 0.066331 0.431378 -0.270006
v 0.052872 0.425023 -0.280988
v -0.330292 0.407020 -0.161708
v -0.339334 0.391633 -0.172472
v -0.337686 0.419519 -0.151355
v 0.060503 0.533654 -0.237149
v 0.339144 0.140917 0.129018
v 0.180498 0.184495 0.247462
v 0.145474 0.637207 0.034923
v 0.328370 0.516583 0.226362
v 0.323882 0.546877 0.218704
v -0.362181 0.542120 -0.050239
v -0.329249 0.360889 -0.111700
v -0.405302 0.477472 -0.249869
v -0.137795 0.602180 -0.121034
v 0.069129 0.410557 0.286767
v 0.006384 0.447045 0.275774
v 0.083551 0.434086 -0.255709
v 0.122673 0.470944 0.264202
v -0.381460 0.372316 -0.209729
v 0.408326 0.059682 0.008291
v 0.396474 0.056555 0.063407
v 0.385378 0.104994 0.039534
v 0.108866 0.249019 0.277770
v 0.174985 0.224346 0.249734
v -0.352682 0.331891 -0.111379
v 0.208539 0.326650 -0.300429
v 0.082401 0.578278 -0.164554
v 0.069716 0.597424 -0.188601
v 0.430979 -0.028194 0.063273
v -0.429002 0.369743 0.192100
v 0.084429 0.634201 -0.079000
v 0.044317 0.644586 -0.060039
v 0.034712 0.630664 -0.125103
v -0.448121 0.359108 0.168021
v -0.443098 0.332856 0.176038
v -0.124913 0.465155 -0.209693
v 0.231117 0.329598 -0.287247
v 0.247276 0.309464 -0.273410
v -0.353441 0.522029 0.009887
v -0.369429 0.532934 0.032978
v -0.273079 -0.215225 0.060680
v -0.201012 0.170216 0.257932
v -0.143941 0.148188 0.265995
v -0.424666 0.368968 -0.235344
v -0.179713 0.101580 0.251623
v -0.133785 0.112676 0.263024
v 0.165320 0.542040 -0.254910
v 0.170060 0.504700 -0.262129
v 0.141763 0.594078 0.167764
v 0.140821 0.567254 0.200971
v 0.049555 -0.068809 0.259964
v 0.093440 -0.023824 0.261895
v 0.027503 0.609036 -0.178441
v -0.235901 0.124742 0.243890
v 0.131958 0.541801 -0.240535
v 0.113802 0.509049 -0.222809
v 0.303792 0.221431 0.162396
v 0.334216 0.194292 0.110827
v 0.248480 -0.206294 0.216779
v 0.443521 -0.057222 -0.077703
v 0.428496 -0.021717 -0.104832
v 0.130550 0.432435 -0.130395
v 0.330950 0.483041 0.217366
v 0.269601 0.003982 0.221338
v 0.183318 -0.008665 0.251096
v 0.053989 0.235195 0.284183
v 0.048351 0.651211 -0.004044
v -0.468801 0.415792 -0.264450
v -0.457851 0.457179 -0.257141
v -0.467989 0.482098 -0.232595
v -0.493170 0.464938 -0.232145
v -0.042522 0.463163 -0.272257
v -0.077731 0.456347 -0.257996
v -0.070106 0.437264 -0.263421
v 0.254636 0.282319 -0.269875
v 0.368583 0.635624 0.134413
v 0.373925 0.610344 0.151871
v -0.205246 0.635229 0.019453
v -0.190424 0.618502 0.079245
v 0.132353 0.630912 -0.036121
v -0.028438 0.417462 -0.278284
v -0.342430 0.427477 -0.216925
v 0.432939 -0.107608 0.056563
v 0.454622 -0.050646 -0.028373
v 0.438259 -0.003539 -0.008430
v -0.340297 0.399676 0.194073
v -0.345663 0.425716 0.167229
v 0.180204 0.566264 0.201044
v 0.172630 0.591374 0.177757
v 0.091005 0.595619 -0.121723
v 0.139926 0.372720 -0.016655
v -0.126663 0.608071 0.034644
v -0.113350 0.604125 -0.035603
v -0.346892 0.498103 0.076991
v -0.330281 0.490892 0.047364
v 0.231081 0.264857 -0.289037
v 0.298907 0.606120 -0.216169
v 0.325745 0.613654 -0.165778
v 0.041749 0.474380 -0.277717
v 0.007113 0.446063 -0.278762
v 0.064615 0.468557 -0.258203
v -0.184376 0.536460 -0.266630
v -0.004718 0.539540 -0.250491
v 0.008815 0.570321 -0.233584
v -0.120298 0.492674 -0.223236
v -0.083135 0.502891 -0.240651
v 0.013423 0.420195 -0.279510
v -0.152986 0.528837 -0.250961
v -0.444773 0.497846 -0.236126
v -0.413005 0.498676 -0.229180
v 0.142021 0.429066 -0.316119
v 0.264542 0.634474 -0.194633
v 0.275398 0.663392 -0.162319
v 0.108368 0.619153 -0.013361
v -0.135879 0.597548 0.112571
v -0.384201 0.442425 0.159394
v 0.369492 0.489323 0.198313
v 0.379641 0.633187 0.096062
v -0.451484 0.382989 0.156686
v 0.245346 0.530747 0.235435
v 0.092280 0.507628 0.252960
v 0.151892 0.520535 0.243202
v 0.012005 0.494008 0.253811
v 0.162642 0.557157 0.220296
v 0.370084 -0.222832 0.111545
v 0.347653 -0.222939 0.136391
v 0.048775 0.387386 -0.099249
v 0.035699 0.381971 -0.080176
v 0.257361 0.356290 -0.018773
v 0.229646 0.344695 -0.018872
v 0.200333 0.347448 -0.017568
v 0.165271 0.347858 -0.013764
v 0.148554 0.359378 0.002995
v -0.197859 0.265805 0.000850
v 0.395931 -0.450908 0.071419
v 0.117902 -0.514196 0.237966
v 0.148359 -0.509025 0.243004
v 0.178201 -0.503508 0.242171
v 0.235477 -0.498208 0.227084
v 0.348630 -0.317989 0.140605
v 0.309889 -0.325738 0.181184
v -0.099438 -0.390286 0.146916
v -0.111003 -0.424649 0.118726
v -0.348240 0.375386 -0.185963
v -0.346673 0.401420 -0.200012
v -0.116928 0.426612 -0.229164
v 0.066546 0.449607 -0.264681
v -0.382249 0.512407 0.070681
v -0.043472 0.474903 0.253951
v 0.022498 0.367557 -0.081446
v 0.234630 0.493492 0.251316
v 0.424332 -0.141092 0.066663
v 0.317769 0.527185 -0.197788
v -0.109972 0.452013 -0.243748
v -0.341546 0.506102 0.030078
v 0.111064 0.637842 0.066108
v 0.423339 0.020268 -0.084986
v -0.082071 0.478362 -0.250397
v -0.183398 0.514335 -0.292134
v 0.374348 -0.280891 0.000943
v 0.376498 -0.280130 0.031016
v 0.200124 -0.316952 0.232472
v 0.391627 -0.380133 0.037837
v 0.151272 -0.393491 0.244575
v 0.182852 -0.387991 0.242874
v 0.397927 -0.411123 0.071240
v 0.395820 -0.412828 0.040898
v -0.058407 -0.532021 0.146213
v 0.383932 -0.345269 0.007079
v 0.023009 0.377918 -0.058799
v -0.398834 0.344914 -0.174223
v 0.140125 -0.122357 0.252002
v 0.180652 -0.114466 0.243950
v 0.165032 0.335217 0.044014
v -0.339423 -0.084068 0.119632
v -0.321062 -0.118156 0.114060
v -0.111184 0.388012 -0.234495
v 0.298919 0.502455 -0.221777
v -0.024346 0.366595 -0.230665
v 0.085274 0.323139 0.287963
v -0.215620 -0.257864 0.092517
v -0.452837 0.240938 0.154727
v -0.158123 0.032820 0.244827
v -0.103619 0.008649 0.252240
v -0.331391 0.387562 -0.093024
v -0.123899 0.383870 -0.208879
v 0.183897 0.067050 0.254429
v -0.501253 0.388305 -0.214642
v -0.501480 0.391439 -0.234953
v 0.011780 0.388463 0.285315
v -0.036260 0.648557 -0.001331
v -0.040322 0.641668 -0.056579
v -0.203341 0.021199 0.231872
v -0.191216 -0.012913 0.227615
v -0.013004 0.445565 -0.315532
v 0.406991 -0.167500 0.077783
v 0.393670 -0.196879 0.080567
v -0.262053 -0.102464 0.177860
v -0.280860 -0.138070 0.152740
v 0.274172 0.084099 0.212187
v -0.142553 -0.036606 0.235206
v -0.096785 -0.028532 0.246908
v -0.093182 0.345281 -0.003582
v 0.056404 -0.139183 0.253620
v -0.166129 -0.242321 0.158382
v -0.201573 -0.247721 0.132962
v -0.312081 -0.078956 0.164410
v 0.257044 0.288130 0.206727
v 0.070987 0.505003 -0.188910
v -0.465602 0.378750 -0.242849
v -0.446021 0.365816 -0.220200
v -0.241438 0.370330 -0.264077
v 0.111739 0.455266 -0.306862
v 0.423863 -0.172501 0.039093
v 0.094849 -0.058994 0.258325
v 0.096722 -0.095873 0.255555
v 0.022262 -0.141958 0.249044
v -0.492515 0.378825 -0.208609
v -0.472951 0.361434 -0.207291
v 0.007091 0.458841 -0.275145
v 0.058283 0.450237 -0.326355
v 0.139515 -0.050980 0.257061
v 0.182763 -0.080277 0.246611
v 0.328836 0.235897 0.113207
v 0.295264 0.300467 0.181201
v 0.323931 0.280048 0.131035
v 0.228569 0.037155 0.240689
v 0.269674 0.042637 0.219298
v 0.110527 0.436041 -0.074215
v 0.073139 0.436250 -0.208715
v -0.110110 0.375205 -0.214708
v -0.066465 0.414775 -0.266441
v -0.060156 0.386279 -0.254332
v 0.107929 0.441165 -0.194854
v -0.281653 0.437034 -0.319944
v 0.397105 0.083641 -0.065259
v 0.419727 0.036104 -0.038726
v 0.228927 0.323226 0.025818
v 0.297472 0.367840 0.027899
v -0.526579 0.505071 0.008595
v -0.538811 0.486550 -0.003326
v -0.007167 0.437745 -0.342461
v -0.015163 0.432409 -0.344610
v -0.180265 0.487617 -0.309310
v -0.360880 0.482882 -0.199410
v 0.288184 0.543643 -0.254504
v 0.306633 0.534784 -0.224044
v 0.250946 0.510323 -0.263420
v -0.062816 0.630494 0.077923
v 0.376701 0.524743 0.163291
v 0.375810 0.490658 0.151728
v 0.374393 0.554326 0.158564
v 0.053519 -0.265758 0.241432
v 0.018247 -0.271511 0.236390
v -0.069377 -0.540431 0.114273
v 0.002760 -0.538884 0.182217
v 0.057877 -0.529989 0.213261
v 0.054126 -0.523865 0.221125
v 0.083448 -0.519112 0.233037
v 0.148315 0.346737 0.060773
v 0.191330 0.340440 0.084750
v -0.125905 0.405445 -0.218049
v 0.301771 0.516595 -0.226896
v 0.020136 0.345297 0.292392
v -0.018617 0.434727 -0.327505
v -0.152319 -0.270115 0.154132
v -0.153004 0.489042 -0.293137
v 0.103498 0.404639 -0.189023
v 0.114685 0.403508 -0.019041
v 0.191429 0.523508 0.235868
v 0.283871 -0.296466 0.198734
v 0.256476 -0.306574 0.211846
v -0.122434 -0.325723 0.147469
v 0.294850 -0.366435 0.202052
v 0.316448 -0.361578 0.183827
v 0.095241 -0.441371 0.244623
v 0.213704 -0.388597 0.235372
v 0.244697 -0.389258 0.228800
v 0.030929 -0.451757 0.228808
v 0.269350 -0.377420 0.215177
v 0.040175 -0.484910 0.228115
v 0.071213 -0.479835 0.240653
v 0.243864 -0.485728 0.241087
v -0.019018 -0.494423 0.195970
v 0.008376 -0.489985 0.216518
v 0.180054 -0.150658 0.242439
v 0.099160 0.556438 -0.139382
v -0.324254 0.371170 -0.193228
v -0.371728 0.395999 -0.240001
v -0.371181 0.426778 -0.252584
v 0.314281 0.466987 -0.072251
v -0.310668 0.593636 0.059121
v 0.292864 0.485170 -0.202758
v 0.283615 0.493645 -0.245181
v -0.151492 0.412174 -0.233325
v -0.278908 0.398165 0.213014
v -0.449914 0.561601 -0.049328
v -0.437252 0.554658 -0.004299
v 0.310017 0.135741 0.169527
v 0.344872 0.097092 0.139160
v 0.320521 0.440272 -0.010248
v 0.146170 0.484904 -0.216621
v -0.498592 0.423840 -0.240090
v -0.525799 0.433348 -0.200301
v -0.114442 0.043007 0.256021
v -0.106380 0.370218 -0.189048
v -0.519834 0.421037 -0.179862
v -0.418528 0.448645 -0.271184
v -0.392534 0.453572 -0.261339
v 0.268243 0.208381 0.191860
v -0.142698 0.400328 -0.196099
v -0.215786 0.598425 -0.217122
v -0.182946 0.603010 -0.169164
v -0.329466 0.279635 0.241177
v -0.278269 0.259852 0.255653
v -0.510181 0.400259 -0.203912
v -0.402676 0.561630 -0.070597
v -0.212867 0.338171 -0.193106
v -0.396299 0.381682 -0.236156
v 0.162433 0.261857 0.261184
v 0.221233 0.686634 0.085942
v 0.217085 0.697195 0.032504
v -0.223138 0.239429 0.263141
v -0.053497 0.366666 -0.226138
v -0.058257 0.357793 -0.196754
v 0.278502 0.454071 -0.190087
v -0.266708 0.226302 0.255504
v -0.241258 -0.130375 0.174888
v -0.052531 -0.018299 0.257827
v -0.004762 -0.006435 0.263103
v -0.401169 0.125427 0.169380
v -0.394028 0.091775 0.161480
v -0.162307 0.479889 -0.204120
v -0.119958 0.361578 -0.102466
v -0.204051 0.632485 -0.137544
v 0.095511 -0.132125 0.253250
v 0.100199 -0.165632 0.250755
v -0.219457 -0.159514 0.173512
v -0.240586 -0.193994 0.144046
v -0.131351 0.437541 -0.196761
v -0.121087 0.445071 -0.220609
v 0.109569 -0.193504 0.248919
v 0.213064 0.274431 0.236774
v 0.263484 0.250038 0.195933
v -0.279475 0.372221 -0.259977
v -0.266785 0.353448 -0.226587
v -0.149947 0.481401 -0.264129
v 0.436492 -0.125318 -0.082224
v 0.443253 -0.119027 -0.031099
v 0.027630 -0.175412 0.245609
v -0.043011 -0.185747 0.231127
v -0.007474 0.607376 0.156466
v 0.000290 0.569025 0.206511
v 0.043054 0.003506 0.267250
v 0.088400 0.011569 0.265848
v 0.311459 0.050649 0.193336
v 0.345162 0.052804 0.159021
v 0.141711 -0.191841 0.248571
v 0.176828 -0.185775 0.240743
v 0.179582 -0.219013 0.239274
v 0.086600 0.048428 0.270220
v -0.325254 0.104698 0.219021
v -0.368802 0.266321 0.232614
v -0.362850 0.236813 0.234816
v -0.066013 0.054298 0.266309
v -0.017067 0.064331 0.270835
v -0.009352 0.029004 0.267328
v 0.167814 0.656768 0.073958
v -0.300267 -0.146067 0.111088
v -0.278511 -0.177069 0.106847
v 0.308811 0.420431 -0.033206
v 0.310132 0.407418 -0.003623
v 0.067518 0.646330 0.064475
v 0.022304 0.649198 0.080921
v -0.419127 0.398112 -0.259924
v -0.441815 0.429641 -0.268387
v -0.278011 0.615596 0.048558
v -0.292962 0.620374 -0.005396
v 0.360758 0.488619 0.057703
v 0.009622 0.441060 -0.266544
v -0.195436 0.370584 -0.236296
v -0.208156 0.389137 -0.270325
v 0.416296 -0.179416 -0.042408
v -0.342666 0.593968 -0.058300
v 0.177366 0.600026 -0.213430
v 0.169591 0.570523 -0.235834
v 0.283384 0.296422 -0.248397
v 0.362086 0.458010 0.044682
v -0.010522 0.411852 -0.294410
v -0.007268 0.432243 -0.287814
v 0.107554 0.472472 -0.200773
v 0.262110 0.272037 -0.112809
v 0.418996 -0.102383 0.096026
v 0.080544 0.582420 0.201540
v 0.081674 0.612604 0.151714
v -0.160018 0.509352 0.224831
v -0.164632 0.548596 0.183705
v -0.126677 0.382532 -0.108607
v -0.059539 0.357306 -0.168614
v -0.126008 0.382584 -0.158879
v 0.049286 0.397746 -0.076602
v 0.214836 0.399927 -0.122254
v 0.100692 0.613682 -0.058173
v 0.115213 0.585444 -0.053278
v 0.304498 0.385715 0.012271
v 0.291397 0.369702 -0.010952
v -0.168036 0.325919 -0.110453
v -0.167561 0.333203 -0.142454
v 0.250965 0.346252 -0.147685
v 0.126409 0.603125 -0.141322
v -0.136601 0.472889 -0.174740
v -0.130795 0.481615 -0.198427
v -0.257107 0.615350 -0.167372
v -0.257005 0.499744 -0.309466
v -0.253091 0.538356 -0.283941
v 0.148064 0.476160 -0.272884
v 0.113320 0.476559 -0.280082
v -0.487956 0.403508 -0.249110
v -0.255821 0.591590 -0.218792
v -0.370598 0.486930 -0.200555
v 0.137897 0.593502 -0.196737
v 0.125037 0.580103 -0.159658
v 0.123350 0.557373 -0.183306
v 0.264387 0.374164 -0.034401
v 0.277914 0.350147 0.067128
v 0.248526 0.341666 0.068757
v 0.252296 0.353073 0.086931
v 0.244441 0.456273 -0.219725
v 0.251542 0.333689 0.026716
v 0.279257 0.345284 0.026815
v 0.244141 0.481784 -0.251104
v 0.184949 0.644060 0.141390
v -0.216364 0.584620 0.154287
v -0.251227 0.566760 0.149775
v -0.236304 0.518274 0.192774
v -0.277700 0.367758 0.227735
v -0.134659 -0.296532 0.150297
v 0.296129 0.372703 0.068212
v 0.292359 0.361297 0.050038
v -0.439403 0.324990 -0.110756
v -0.454790 0.339929 -0.090897
v 0.267330 -0.487690 0.227241
v 0.291521 -0.482244 0.215123
v 0.261996 -0.341150 0.212182
v 0.230977 -0.317558 0.224971
v 0.205644 -0.351529 0.232809
v -0.125437 0.330744 -0.090163
v 0.282907 0.346118 -0.143167
v -0.366508 0.462418 -0.252223
v -0.151802 0.478069 -0.252538
v -0.424423 0.334687 -0.137230
v 0.047010 0.467801 -0.234338
v -0.015413 0.439186 -0.308388
v -0.091787 0.366783 -0.221816
v -0.311825 0.214607 0.246482
v 0.434500 -0.150839 -0.016909
v 0.178753 0.623939 -0.189198
v -0.384347 0.498542 -0.222946
v 0.251528 0.328277 0.048056
v -0.164379 -0.299852 0.123763
v 0.060604 -0.297857 0.240618
v 0.069402 -0.332212 0.241626
v 0.035324 -0.337491 0.237358
v 0.102596 -0.327009 0.245045
v 0.086618 -0.404062 0.242805
v 0.119131 -0.398750 0.247023
v 0.021626 -0.414339 0.227788
v 0.053425 -0.409264 0.239386
v 0.048660 -0.518063 0.228364
v -0.009772 -0.527575 0.195278
v -0.092165 -0.063610 0.241103
v -0.119661 -0.102010 0.228445
v -0.335501 -0.013142 0.178805
v -0.291876 -0.001414 0.199360
v 0.365572 0.153446 -0.049021
v 0.225911 0.331203 0.067858
v -0.083336 0.627907 -0.062057
v -0.096587 0.605927 -0.045143
v -0.103171 0.592030 -0.085175
v 0.117289 0.463789 -0.192990
v 0.294031 0.310872 -0.151640
v -0.381375 0.329109 0.217105
v -0.376318 0.300995 0.224590
v -0.180192 -0.083226 0.214704
v -0.158391 -0.112365 0.213329
v -0.200650 -0.123908 0.198632
v -0.465336 0.551131 -0.002352
v 0.326170 0.397029 0.194300
v 0.327368 0.440944 0.211641
v -0.116862 0.371481 -0.162564
v -0.097786 0.358438 -0.164807
v -0.383680 0.055557 0.152357
v -0.373336 0.019168 0.141377
v -0.313244 0.350761 -0.062641
v 0.221819 -0.108649 0.236813
v 0.256103 -0.139041 0.220839
v -0.285951 0.291910 0.248195
v -0.363737 0.338078 -0.058263
v -0.019629 0.357750 -0.053714
v 0.358753 0.622425 0.178283
v 0.235008 0.447951 0.252848
v 0.235513 0.401036 0.253616
v 0.394900 -0.165301 0.110681
v -0.364514 0.339763 -0.134432
v -0.382546 0.326254 -0.125369
v -0.541094 0.495068 -0.061012
v -0.540017 0.514287 -0.066956
v 0.403719 -0.027531 0.109538
v 0.406701 0.013074 0.085531
v 0.030586 0.308600 0.290102
v 0.042984 0.272710 0.287326
v -0.278343 0.314350 -0.032062
v -0.242793 0.309518 0.255525
v -0.185664 -0.216607 0.163745
v 0.122460 0.447119 -0.161548
v -0.199978 -0.187527 0.167791
v -0.164535 -0.182127 0.193211
v -0.513945 0.410515 -0.160037
v 0.216297 0.390985 -0.294807
v 0.332219 0.641762 -0.138248
v -0.259032 -0.205082 0.101125
v -0.235154 -0.232150 0.097880
v 0.419771 -0.174881 0.002634
v 0.403350 -0.201246 0.012019
v 0.035870 -0.206262 0.243307
v 0.001727 -0.209037 0.238731
v -0.225325 0.089355 0.239710
v -0.101055 -0.230051 0.200944
v -0.136410 -0.239001 0.184915
v 0.346060 0.011866 0.168763
v 0.066365 0.404869 -0.119027
v 0.217247 -0.177884 0.233117
v 0.250779 -0.171259 0.217629
v 0.129834 0.420759 -0.097692
v 0.149118 0.404250 -0.118809
v 0.287038 0.465571 0.245690
v 0.322499 0.317627 0.145767
v -0.186595 -0.047990 0.221809
v 0.073982 0.401019 -0.178080
v 0.228916 0.660134 -0.176231
v 0.172634 0.469064 -0.241845
v 0.172969 0.443792 -0.210216
v 0.052778 0.389094 -0.122601
v 0.210108 0.601585 -0.231281
v -0.110162 0.573053 -0.124845
v -0.201157 0.321255 -0.132888
v -0.503741 0.388212 -0.194622
v -0.495404 0.498991 0.073057
v -0.521010 0.495083 0.034087
v -0.013053 0.429634 -0.303011
v 0.278332 0.414607 -0.189012
v 0.288597 0.385956 -0.182293
v -0.117626 0.526698 0.204736
v -0.105373 0.358295 -0.111899
v -0.117281 0.370022 -0.111308
v 0.178768 0.400672 -0.118268
v 0.184427 0.391836 -0.090324
v 0.154294 0.377076 -0.060476
v 0.133991 0.388225 -0.042517
v -0.350427 0.348491 -0.065920
v -0.347769 0.333648 -0.073777
v 0.347243 0.615906 -0.122738
v -0.048069 0.628225 -0.108272
v -0.054940 0.606566 -0.160107
v 0.082959 0.465500 -0.238603
v -0.130735 0.500824 -0.188378
v -0.518154 0.523607 0.018799
v -0.087117 0.521267 -0.229891
v 0.266819 0.384614 -0.250335
v 0.256245 0.416582 -0.252396
v 0.283156 0.361194 -0.236603
v 0.304973 0.284796 -0.210262
v 0.299829 0.311967 -0.216396
v 0.167278 0.313408 -0.179132
v 0.079857 0.502025 -0.225466
v 0.070247 0.486872 -0.195119
v -0.538580 0.477202 -0.096160
v -0.539734 0.473018 -0.146278
v -0.524029 0.510430 -0.122478
v -0.522422 0.489708 -0.160272
v 0.113785 0.377461 -0.345833
v 0.300965 0.693421 0.082512
v 0.256656 0.340233 0.004577
v 0.171230 0.609120 0.137501
v 0.168948 0.641147 0.107558
v 0.154004 0.619664 0.099833
v -0.175700 0.591566 0.132880
v -0.358813 0.058116 0.194498
v -0.304002 0.032698 0.203617
v 0.347355 0.669410 0.126542
v 0.291543 0.292621 -0.141081
v 0.304798 0.229114 -0.087403
v 0.321390 0.236472 -0.056005
v -0.293950 0.329964 0.239251
v -0.320963 0.348547 0.219296
v 0.119740 -0.258817 0.245350
v 0.087598 -0.260480 0.245699
v 0.386192 -0.227162 -0.014065
v 0.388601 -0.224941 0.022518
v -0.124644 0.378024 -0.072355
v -0.105330 0.321291 0.035203
v -0.409359 0.324428 -0.121948
v -0.352586 0.331222 -0.091875
v -0.329153 0.360220 -0.092196
v -0.337202 0.355420 -0.076154
v -0.002706 -0.533081 0.189455
v 0.023088 -0.528940 0.208588
v 0.239692 -0.490592 0.234432
v 0.212010 -0.496246 0.240930
v 0.363564 -0.468413 0.140449
v 0.077315 -0.366644 0.241786
v 0.142650 -0.356182 0.242758
v -0.090131 -0.496285 0.118361
v 0.142099 0.431526 -0.180515
v -0.352584 0.339169 0.222477
v -0.138364 0.305226 0.065928
v -0.121861 0.554499 -0.093361
v -0.251692 0.382749 0.234656
v 0.322243 0.352354 0.167618
v 0.289414 0.377120 0.222987
v -0.117955 0.372829 -0.131787
v -0.483043 0.527176 0.041436
v 0.376380 0.057930 0.112220
v 0.377368 -0.024489 0.146819
v 0.222319 0.362471 -0.292886
v 0.045240 -0.234134 0.241471
v -0.090518 -0.259611 0.198001
v -0.070230 0.358909 -0.138853
v 0.129053 0.407863 -0.062861
v -0.018667 0.418795 -0.314984
v 0.135585 0.438190 -0.181374
v 0.358460 0.668157 0.069924
v -0.334554 0.344731 -0.100938
vn 0.4799 -0.0116 -0.8772
vn 0.8038 0.1019 0.5861
vn 0.8027 0.1296 0.5821
vn 0.8043 0.1293 0.5800
vn 0.4150 0.0533 0.9082
vn 0.4171 0.0567 0.9071
vn -0.7585 -0.4436 -0.4774
vn -0.0613 0.0595 -0.9963
vn 0.9450 0.1222 0.3033
vn 0.9492 0.1292 0.2870
vn 0.9437 0.1354 0.3019
vn -0.5236 -0.1574 0.8373
vn -0.3130 -0.0544 0.9482
vn -0.3159 -0.0508 0.9474
vn -0.3148 -0.0535 0.9476
vn 0.6035 0.0597 0.7951
vn 0.6062 0.0918 0.7900
vn 0.6080 0.0942 0.7883
vn -0.3502 -0.3714 -0.8599
vn -0.1238 -0.0026 0.9923
vn 0.9938 0.0842 -0.0732
vn 0.9930 0.0902 -0.0768
vn 0.9929 0.0912 -0.0758
vn 0.2471 0.0399 0.9682
vn 0.2438 0.0440 0.9688
vn 0.2516 0.0355 0.9672
vn -0.7116 -0.3037 0.6335
vn 0.0526 0.0167 0.9985
vn -0.1567 -0.1487 -0.9764
vn -0.1025 0.0071 -0.9947
vn 0.1657 0.0731 -0.9835
vn 0.7333 0.0634 -0.6770
vn 0.7312 0.0601 -0.6795
vn 0.7372 0.0735 -0.6717
vn -0.7887 -0.2221 0.5733
vn -0.7910 -0.2017 0.5776
vn -0.7917 -0.2234 0.5686
vn -0.5931 -0.1511 -0.7908
vn -0.1885 0.0932 -0.9776
vn 0.2690 0.1294 -0.9544
vn 0.2690 0.1295 -0.9544
vn 0.7677 0.1442 -0.6244
vn -0.7724 -0.2774 -0.5713
vn -0.7802 -0.2723 -0.5632
vn -0.7721 -0.2785 -0.5712
vn 0.9875 0.1526 -0.0395
vn 0.9876 0.1518 -0.0395
vn 0.9876 0.1520 -0.0395
vn -0.9284 -0.2690 0.2565
vn -0.5556 -0.1786 0.8120
vn -0.5665 -0.1443 0.8113
vn -0.5638 -0.1661 0.8090
vn 0.9393 0.1704 0.2978
vn 0.6086 0.1871 0.7711
vn -0.1267 -0.0152 0.9918
vn -0.1355 0.0125 0.9907
vn -0.1348 -0.0037 0.9909
vn 0.2083 0.1371 0.9684
vn -0.3885 -0.0003 -0.9215
vn -0.3270 -0.0952 0.9402
vn -0.3361 -0.0618 0.9398
vn -0.3343 -0.0839 0.9387
vn 0.0402 0.0776 0.9962
vn -0.9087 -0.3148 -0.2741
vn 0.4051 0.1662 0.8991
vn 0.4021 0.1640 0.9008
vn 0.4105 0.1749 0.8949
vn 0.8020 0.1886 0.5668
vn 0.5005 0.1653 -0.8498
vn 0.4998 0.1683 -0.8497
vn 0.0221 0.0956 -0.9952
vn 0.0744 0.1819 -0.9805
vn 0.5410 0.2445 -0.8047
vn 0.9449 0.0918 -0.3142
vn 0.8294 0.2199 0.5136
vn 0.4205 0.1645 0.8922
vn 0.4151 0.1605 0.8955
vn 0.4195 0.1636 0.8929
vn -0.9440 -0.2215 -0.2445
vn 0.0249 0.0545 0.9982
vn -0.3611 -0.0855 0.9286
vn -0.4513 0.0995 -0.8868
vn 0.2399 0.1065 0.9649
vn -0.1395 -0.0150 0.9901
vn 0.5849 0.1895 0.7887
vn 0.9311 0.1653 0.3253
vn -0.5722 -0.1763 0.8009
vn -0.9266 -0.2609 0.2709
vn 0.9852 0.1534 -0.0770
vn -0.8322 -0.1365 -0.5374
vn 0.7929 0.2349 -0.5623
vn 0.3057 0.1905 -0.9329
vn -0.2011 0.1722 -0.9643
vn -0.2010 0.1722 -0.9643
vn -0.2009 0.1721 -0.9644
vn -0.6664 -0.0187 -0.7454
vn -0.7759 -0.2528 0.5780
vn 0.9171 0.1637 -0.3636
vn 0.9192 0.1488 -0.3646
vn 0.9175 0.1604 -0.3641
vn 0.9163 0.1673 -0.3638
vn -0.9484 -0.3131 -0.0494
vn -0.9051 -0.3718 0.2061
vn 0.8539 0.1220 -0.5059
vn -0.1999 0.0437 0.9788
vn -0.0613 -0.2214 -0.9732
vn 0.5605 -0.5665 0.6041
vn -0.2216 0.9502 0.2192
vn -0.0961 -0.9949 -0.0302
vn -0.0962 -0.9949 -0.0300
vn -0.0961 -0.9949 -0.0298
vn -0.4055 -0.8939 0.1914
vn 0.0772 -0.0480 0.9959
vn 0.1099 -0.0245 0.9936
vn 0.0696 -0.0480 0.9964
vn 0.4080 -0.8153 -0.4109
vn 0.4038 -0.8127 -0.4202
vn 0.4079 -0.8153 -0.4110
vn 0.2044 -0.0521 0.9775
vn 0.2048 -0.0462 0.9777
vn 0.2005 -0.0520 0.9783
vn -0.0822 0.5296 -0.8443
vn 0.8859 -0.4638 -0.0102
vn 0.0121 -0.5123 0.8587
vn -0.1161 0.3555 -0.9274
vn -0.1114 0.3521 -0.9293
vn -0.1139 0.3530 -0.9286
vn -0.5362 0.3158 0.7828
vn -0.5395 0.3014 0.7862
vn -0.5439 0.2762 0.7924
vn -0.2246 0.6282 0.7449
vn -0.2126 0.5948 0.7752
vn -0.2164 0.6022 0.7685
vn -0.6432 -0.7657 -0.0075
vn -0.6578 -0.7532 -0.0005
vn -0.6549 -0.7556 -0.0093
vn -0.2176 -0.1615 0.9626
vn -0.5678 -0.8212 -0.0574
vn 0.9267 0.0193 -0.3754
vn 0.7441 0.6621 0.0890
vn 0.2204 -0.9345 0.2796
vn -0.2596 -0.6941 -0.6715
vn 0.9305 0.1197 0.3462
vn 0.5502 -0.7763 0.3076
vn -0.7568 -0.6482 -0.0844
vn 0.7215 -0.4035 -0.5627
vn 0.6753 -0.3578 -0.6449
vn 0.6718 -0.3415 -0.6573
vn -0.3406 -0.2967 0.8922
vn -0.3459 -0.2818 0.8950
vn -0.3439 -0.2874 0.8939
vn -0.2019 -0.0617 -0.9775
vn 0.1156 0.9809 0.1562
vn -0.1780 0.8604 0.4776
vn -0.9538 -0.2975 0.0430
vn 0.0723 -0.9956 0.0595
vn -0.1776 -0.8570 -0.4837
vn -0.0907 -0.9507 -0.2965
vn -0.2009 0.9313 0.3039
vn -0.6130 0.1440 -0.7768
vn 0.3375 -0.5532 -0.7616
vn 0.1564 0.4646 -0.8716
vn 0.1549 0.4648 -0.8718
vn 0.1470 0.4692 -0.8708
vn 0.1598 0.2328 0.9593
vn 0.1792 0.2043 0.9624
vn 0.1640 0.2421 0.9563
vn 0.1496 -0.1733 0.9734
vn -0.4708 0.7285 0.4976
vn -0.7563 -0.4800 0.4445
vn -0.3880 0.1601 -0.9076
vn -0.9216 -0.3784 -0.0862
vn -0.5844 -0.7169 -0.3802
vn -0.5845 -0.7171 -0.3797
vn -0.5849 -0.7165 -0.3800
vn 0.8964 0.4244 -0.1275
vn 0.9279 0.3587 -0.1017
vn 0.9155 0.3703 -0.1572
vn 0.9015 -0.2888 -0.3222
vn 0.5562 0.8118 0.1778
vn 0.6502 0.7553 0.0817
vn 0.5333 0.8320 0.1527
vn 0.8193 0.5733 -0.0100
vn 0.8105 0.5855 -0.0167
vn 0.8127 0.5825 -0.0149
vn -0.0742 -0.8422 0.5340
vn 0.7978 0.5951 0.0969
vn -0.8458 0.5327 0.0296
vn -0.8600 0.5102 -0.0073
vn -0.8593 0.5115 -0.0016
vn -0.9434 0.1378 0.3016
vn -0.3218 -0.5916 -0.7392
vn -0.1018 -0.8892 -0.4460
vn -0.1016 -0.8920 -0.4405
vn -0.1015 -0.8915 -0.4415
vn -0.0637 -0.8675 -0.4933
vn -0.8566 -0.5159 0.0123
vn -0.8142 -0.3098 -0.4910
vn -0.7900 -0.2822 -0.5443
vn -0.7805 -0.4678 -0.4147
vn -0.7924 -0.4137 -0.4483
vn 0.6018 -0.7968 -0.0538
vn 0.5894 -0.8039 -0.0796
vn 0.5923 -0.8015 -0.0825
vn -0.6115 -0.7006 0.3678
vn 0.2328 -0.9715 -0.0453
vn 0.2328 -0.9715 -0.0449
vn 0.2326 -0.9716 -0.0447
vn 0.7565 0.1245 -0.6420
vn 0.7246 0.0445 -0.6878
vn 0.7290 0.0481 -0.6829
vn 0.5405 0.1462 0.8285
vn 0.7916 0.1470 0.5931
vn 0.6596 0.2424 0.7115
vn -0.8593 -0.5086 0.0540
vn -0.8527 0.0176 -0.5221
vn -0.8261 -0.0437 -0.5618
vn -0.7955 -0.1313 -0.5915
vn -0.2337 0.2857 0.9294
vn -0.2477 0.2420 0.9381
vn -0.2283 0.2359 0.9446
vn -0.0101 0.6551 0.7554
vn 0.7827 0.5274 0.3307
vn -0.2606 -0.2375 0.9358
vn -0.2602 -0.2388 0.9356
vn -0.5448 -0.6357 0.5468
vn -0.9396 0.1676 0.2984
vn -0.3481 -0.8587 0.3762
vn -0.8548 0.3189 0.4094
vn -0.2900 0.9490 0.1236
vn 0.4647 -0.3433 -0.8162
vn 0.6233 -0.1631 -0.7648
vn 0.5435 -0.3701 -0.7534
vn 0.2178 0.2189 0.9511
vn 0.7986 -0.5496 -0.2452
vn 0.7875 -0.5408 -0.2957
vn 0.8031 -0.5356 -0.2611
vn -0.2142 0.9633 0.1618
vn 0.8948 -0.2857 -0.3432
vn 0.8984 -0.2762 -0.3416
vn 0.8989 -0.2810 -0.3362
vn 0.7597 0.6200 -0.1959
vn 0.8295 0.5282 -0.1813
vn 0.8982 0.4257 -0.1096
vn -0.9938 -0.0739 0.0831
vn 0.7269 0.1798 -0.6628
vn 0.7665 0.1470 -0.6252
vn 0.7400 0.1112 -0.6633
vn -0.2117 -0.5729 -0.7918
vn 0.8746 -0.2636 -0.4070
vn 0.8551 -0.2581 -0.4496
vn 0.8728 -0.2598 -0.4133
vn -0.2704 -0.7914 0.5482
vn -0.2838 -0.8229 0.4923
vn -0.2022 -0.8776 0.4347
vn -0.2026 -0.8791 0.4314
vn 0.8888 0.4354 0.1433
vn 0.8937 0.4246 0.1450
vn 0.8900 0.4332 0.1423
vn -0.5712 -0.7922 0.2149
vn -0.9732 0.2245 0.0507
vn 0.1992 0.7743 0.6006
vn 0.2026 0.7518 0.6275
vn 0.2101 0.7500 0.6271
vn -0.8832 -0.3784 0.2772
vn -0.2131 0.6657 0.7152
vn -0.2231 0.6937 0.6849
vn -0.2202 0.6886 0.6908
vn -0.0544 -0.9316 -0.3595
vn -0.0801 -0.9298 -0.3593
vn -0.0682 -0.9294 -0.3627
vn 0.9614 0.2753 -0.0010
vn 0.9582 0.2860 0.0082
vn 0.9629 0.2699 0.0040
vn -0.7487 -0.6627 0.0123
vn -0.7966 -0.5992 -0.0797
vn -0.7416 -0.6707 0.0142
vn 0.8826 -0.4608 -0.0930
vn -0.4727 0.8684 -0.1500
vn -0.6130 -0.0459 -0.7887
vn 0.6833 0.2314 -0.6925
vn 0.7033 0.2288 -0.6731
vn 0.6906 0.2089 -0.6924
vn -0.1927 0.9602 0.2022
vn -0.1219 0.9657 0.2292
vn -0.1919 0.9657 0.1748
vn -0.9830 -0.0209 -0.1824
vn 0.1731 -0.9507 -0.2573
vn 0.1501 -0.9262 -0.3460
vn 0.1662 -0.9501 -0.2640
vn -0.0536 0.0641 -0.9965
vn 0.8253 0.5131 -0.2359
vn 0.8007 0.1069 0.5894
vn 0.7927 0.2018 0.5752
vn 0.7829 0.1721 0.5979
vn 0.1706 0.8971 0.4076
vn -0.3744 0.8433 0.3857
vn -0.3227 0.8352 0.4454
vn -0.3403 0.8456 0.4113
vn -0.2114 0.8583 -0.4676
vn 0.8198 0.5368 0.1995
vn 0.3432 -0.7703 -0.5375
vn 0.3433 -0.7703 -0.5375
vn 0.2187 -0.0274 0.9754
vn 0.2614 -0.0823 0.9617
vn 0.2345 -0.0445 0.9711
vn -0.6560 -0.6809 0.3257
vn -0.3750 0.9077 0.1880
vn -0.3754 0.9076 0.1879
vn -0.3306 0.6119 0.7185
vn -0.3821 0.5754 0.7232
vn -0.3668 0.5946 0.7155
vn 0.3750 0.0371 0.9263
vn 0.3867 0.1080 0.9158
vn 0.3559 0.0594 0.9326
vn 0.6521 -0.4818 0.5854
vn 0.6502 -0.3487 0.6750
vn 0.6414 -0.4001 0.6547
vn -0.9629 -0.1773 0.2035
vn 0.3590 0.2784 0.8909
vn 0.3436 0.2896 0.8933
vn 0.3564 0.2727 0.8936
vn 0.5087 -0.6477 0.5672
vn -0.2767 0.1543 -0.9485
vn -0.1023 0.9351 0.3394
vn -0.1171 0.9252 0.3610
vn -0.0943 0.9332 0.3467
vn -0.3634 0.7838 -0.5035
vn 0.0128 -0.1618 -0.9867
vn -0.8059 -0.0628 0.5887
vn -0.8100 -0.0519 0.5842
vn -0.8090 -0.0642 0.5842
vn 0.9450 0.1256 -0.3019
vn 0.9303 0.1092 -0.3501
vn 0.9422 0.1223 -0.3118
vn -0.8322 0.4275 0.3531
vn -0.2468 0.4448 -0.8609
vn -0.7744 0.2180 -0.5939
vn -0.7895 0.2343 -0.5673
vn -0.7758 0.2222 -0.5905
vn 0.6689 -0.6526 -0.3559
vn 0.6756 -0.6926 -0.2528
vn 0.6568 -0.6552 -0.3733
vn -0.2044 -0.1676 0.9644
vn -0.1879 -0.1605 0.9690
vn -0.2040 -0.1773 0.9628
vn -0.0329 -0.3754 -0.9263
vn -0.4967 0.8675 -0.0273
vn -0.5585 0.8280 -0.0504
vn -0.5056 0.8627 -0.0152
vn -0.5325 -0.8289 -0.1712
vn -0.5602 -0.8106 -0.1702
vn -0.5463 -0.8162 -0.1882
vn 0.1055 -0.2642 -0.9587
vn 0.1320 -0.2019 -0.9705
vn 0.1520 -0.1535 -0.9764
vn -0.3272 -0.0914 -0.9405
vn -0.1042 0.2819 -0.9538
vn -0.7236 -0.5413 -0.4283
vn 0.8103 0.5791 0.0898
vn 0.7747 -0.0379 0.6312
vn 0.7748 -0.0380 0.6310
vn 0.9473 -0.1814 -0.2639
vn -0.2228 0.7192 -0.6581
vn 0.2699 -0.7274 0.6309
vn 0.0275 0.7830 -0.6214
vn -0.5555 0.8284 -0.0716
vn 0.0056 0.8596 -0.5109
vn -0.7260 0.6695 0.1570
vn -0.9163 -0.4002 0.0167
vn -0.9105 -0.4132 0.0147
vn -0.9201 -0.3905 0.0302
vn 0.1889 -0.8391 -0.5101
vn 0.1070 -0.9866 0.1229
vn 0.2775 0.7738 0.5694
vn -0.3345 -0.3305 -0.8825
vn 0.3485 0.0331 -0.9367
vn 0.2711 0.3438 -0.8991
vn 0.2709 0.3448 -0.8988
vn 0.6007 0.0031 0.7995
vn 0.6127 0.0534 0.7885
vn 0.5963 0.0740 0.7993
vn -0.7968 -0.3572 0.4874
vn -0.8005 -0.3610 0.4784
vn -0.7976 -0.3722 0.4747
vn -0.9193 0.0385 0.3916
vn 0.9649 -0.1116 -0.2376
vn 0.9363 -0.2994 -0.1837
vn 0.3712 -0.0725 0.9257
vn 0.3706 -0.0694 0.9262
vn 0.3668 -0.0757 0.9272
vn -0.1447 -0.8303 0.5382
vn -0.2489 0.0910 -0.9642
vn 0.2873 -0.0275 0.9575
vn 0.2903 0.0091 0.9569
vn 0.2743 -0.0199 0.9615
vn 0.3801 -0.1723 -0.9088
vn 0.3801 -0.1724 -0.9087
vn 0.3799 -0.1721 -0.9089
vn -0.0001 0.3399 -0.9405
vn -0.0402 0.3244 -0.9451
vn -0.0444 0.3205 -0.9462
vn 0.9283 -0.2039 -0.3108
vn 0.9246 -0.2056 -0.3208
vn 0.9276 -0.2046 -0.3126
vn -0.0874 0.4298 -0.8987
vn 0.5070 0.7419 -0.4388
vn 0.5058 0.7483 -0.4292
vn 0.4782 0.7743 -0.4145
vn -0.3269 0.8760 0.3548
vn -0.3550 0.8966 0.2649
vn -0.3700 0.8945 0.2508
vn -0.0212 -0.8594 0.5108
vn 0.2190 -0.7636 -0.6074
vn -0.6176 0.2382 -0.7496
vn -0.6646 0.4132 -0.6226
vn -0.6122 0.2830 -0.7383
vn -0.2461 0.2011 0.9481
vn -0.2164 0.1801 0.9595
vn -0.2343 0.1769 0.9559
vn -0.8178 -0.5741 -0.0409
vn -0.7979 -0.5979 -0.0761
vn -0.8166 -0.5749 -0.0512
vn -0.3988 0.6091 -0.6855
vn -0.4411 0.5839 -0.6815
vn -0.4230 0.6346 -0.6468
vn 0.0746 0.9603 -0.2686
vn 0.1354 0.9801 -0.1452
vn 0.1162 0.9785 -0.1701
vn 0.1608 0.9526 0.2583
vn 0.0286 0.2481 -0.9683
vn 0.0301 0.2453 -0.9690
vn 0.0321 0.2404 -0.9701
vn 0.1295 -0.4457 0.8858
vn -0.0580 0.0852 0.9947
vn -0.0729 0.1354 0.9881
vn -0.0708 0.1283 0.9892
vn -0.5512 0.3509 -0.7570
vn -0.6331 0.5428 0.5519
vn -0.2765 0.9559 -0.0989
vn -0.3082 0.9428 -0.1267
vn -0.2755 0.9583 -0.0765
vn -0.2366 -0.2027 0.9502
vn -0.2377 -0.1984 0.9509
vn -0.8580 0.3828 0.3425
vn 0.8992 -0.2927 0.3254
vn 0.8957 -0.2860 0.3405
vn 0.8936 -0.2595 0.3662
vn -0.1020 -0.9475 -0.3032
vn -0.0999 -0.9530 -0.2862
vn -0.1008 -0.9516 -0.2903
vn 0.1965 -0.9803 0.0224
vn 0.5981 0.0682 -0.7985
vn -0.6818 -0.6049 -0.4113
vn 0.2158 0.1102 0.9702
vn 0.1942 0.2196 0.9561
vn 0.1894 0.1660 0.9678
vn -0.6930 -0.4779 0.5398
vn 0.2733 -0.6576 -0.7020
vn 0.3469 -0.7538 -0.5580
vn 0.3311 -0.7345 -0.5923
vn 0.2866 0.2103 -0.9347
vn 0.8448 0.4923 0.2096
vn 0.9002 0.3781 0.2159
vn 0.8971 0.4023 0.1825
vn 0.0925 -0.5775 0.8111
vn -0.7810 -0.3806 0.4951
vn -0.7835 -0.3792 0.4923
vn -0.7815 -0.3843 0.4916
vn 0.3704 0.3505 0.8602
vn 0.3246 0.4125 0.8512
vn 0.3622 0.3405 0.8677
vn -0.1981 0.2906 -0.9361
vn 0.3036 0.1196 -0.9453
vn 0.3056 -0.0463 0.9510
vn 0.3613 -0.1348 0.9227
vn 0.3275 -0.0718 0.9421
vn 0.1179 0.8024 -0.5851
vn 0.0876 0.8499 -0.5196
vn 0.1030 0.8116 -0.5751
vn -0.7814 0.1242 0.6116
vn -0.7847 0.1404 0.6038
vn -0.7835 0.1245 0.6088
vn 0.5032 -0.5919 0.6297
vn -0.7601 0.6493 -0.0240
vn 0.1249 0.1830 0.9751
vn 0.1885 0.0653 0.9799
vn 0.1766 0.1154 0.9775
vn -0.2564 0.9443 0.2065
vn -0.2701 0.9496 0.1591
vn -0.2592 0.9425 0.2112
vn 0.8761 -0.3373 0.3445
vn 0.8680 -0.3532 0.3490
vn 0.8656 -0.3572 0.3510
vn 0.0663 0.2010 -0.9774
vn -0.3607 0.9231 0.1335
vn -0.3558 0.9239 0.1410
vn -0.3346 0.9279 0.1643
vn 0.4297 0.0012 -0.9030
vn 0.4407 -0.0088 -0.8976
vn 0.3680 0.0594 -0.9279
vn 0.3695 -0.8048 -0.4645
vn 0.2150 -0.9587 0.1863
vn -0.1859 -0.0732 0.9799
vn -0.1837 -0.0974 0.9781
vn -0.1827 -0.0868 0.9793
vn -0.7887 -0.3292 0.5192
vn -0.7952 -0.3103 0.5210
vn -0.7931 -0.3165 0.5204
vn -0.0883 -0.8269 -0.5554
vn -0.0617 -0.9307 -0.3606
vn -0.0761 -0.8876 -0.4543
vn 0.8557 -0.4702 -0.2161
vn 0.8400 -0.4962 -0.2196
vn 0.8493 -0.4785 -0.2230
vn 0.0729 -0.1689 -0.9829
vn -0.1452 -0.0912 0.9852
vn -0.1510 -0.0640 0.9865
vn -0.1508 -0.0765 0.9856
vn -0.0894 0.6874 0.7208
vn 0.9177 0.2902 -0.2713
vn 0.9206 0.2944 -0.2565
vn 0.9138 0.2835 -0.2908
vn -0.8984 -0.4368 0.0455
vn 0.6951 0.0131 -0.7188
vn 0.1925 0.2148 0.9575
vn 0.3259 0.9128 0.2460
vn 0.1268 0.6859 -0.7166
vn -0.2340 -0.3240 -0.9167
vn -0.3934 -0.3821 0.8362
vn -0.0704 -0.1285 0.9892
vn -0.0731 -0.1274 0.9892
vn -0.0800 -0.1373 0.9873
vn 0.0218 -0.4774 -0.8784
vn -0.7005 0.0357 -0.7128
vn -0.8120 -0.2954 0.5033
vn -0.8133 -0.2918 0.5033
vn -0.8131 -0.2953 0.5017
vn 0.0935 0.8806 0.4645
vn 0.1616 0.1743 -0.9713
vn -0.0764 0.3904 -0.9175
vn -0.7367 0.3298 -0.5903
vn -0.9547 0.2971 -0.0137
vn -0.9990 0.0366 0.0256
vn -0.9363 0.3353 0.1041
vn -0.5222 0.5916 -0.6142
vn -0.5657 0.5366 -0.6261
vn -0.3877 0.7291 -0.5639
vn 0.8968 -0.3274 -0.2977
vn 0.8968 -0.3273 -0.2977
vn 0.5801 0.1369 0.8030
vn 0.5881 0.1812 0.7883
vn 0.5506 0.1436 0.8223
vn -0.1354 -0.9017 -0.4105
vn 0.4715 0.7817 -0.4082
vn 0.4711 0.8080 -0.3538
vn 0.4739 0.7800 -0.4087
vn 0.8494 0.1748 0.4980
vn 0.8488 0.2087 0.4857
vn 0.8552 0.2328 0.4631
vn 0.0335 -0.0526 0.9981
vn 0.0496 -0.0576 0.9971
vn 0.0380 -0.0492 0.9981
vn -0.7230 -0.6908 -0.0129
vn -0.3118 0.1218 0.9423
vn -0.3023 0.1011 0.9478
vn -0.3011 0.1217 0.9458
vn -0.2068 -0.1830 0.9611
vn -0.2043 -0.1785 0.9625
vn -0.2123 -0.1867 0.9592
vn 0.8232 -0.5068 0.2559
vn 0.8078 -0.5422 0.2313
vn 0.8016 -0.5582 0.2139
vn -0.0150 -0.0541 0.9984
vn -0.0237 -0.0609 0.9979
vn -0.0135 -0.0534 0.9985
vn 0.2538 -0.3893 -0.8854
vn 0.1470 -0.3186 -0.9364
vn 0.8613 0.3500 0.3683
vn -0.2651 0.3844 0.8843
vn -0.2496 0.3316 0.9098
vn -0.2520 0.3409 0.9057
vn -0.7882 0.5614 -0.2521
vn -0.9856 0.0237 0.1676
vn 0.0316 -0.0694 0.9971
vn 0.0272 -0.0687 0.9973
vn 0.0180 -0.0845 0.9963
vn 0.9535 0.2417 -0.1799
vn -0.2160 0.6968 0.6840
vn -0.2192 0.7272 0.6505
vn -0.2125 0.7041 0.6776
vn -0.5161 0.6876 -0.5107
vn -0.5069 0.7185 -0.4762
vn -0.5108 0.6869 -0.5170
vn -0.4537 -0.4987 0.7385
vn 0.1803 0.9720 -0.1508
vn 0.1687 0.9653 -0.1992
vn 0.1676 0.9637 -0.2079
vn -0.7174 -0.6763 -0.1672
vn -0.7318 -0.6501 -0.2044
vn -0.7191 -0.6682 -0.1907
vn -0.3986 -0.3674 0.8403
vn -0.3994 -0.4418 0.8033
vn -0.0042 0.9755 -0.2200
vn -0.8229 0.0654 0.5644
vn -0.8175 0.0314 0.5751
vn -0.8188 0.0341 0.5731
vn -0.9242 0.0710 -0.3753
vn -0.9241 0.0405 -0.3800
vn -0.9268 0.0545 -0.3717
vn -0.3464 -0.3109 -0.8851
vn 0.9301 -0.0403 -0.3650
vn -0.2869 -0.2691 0.9194
vn -0.3969 0.4079 -0.8222
vn -0.8862 -0.0648 -0.4587
vn -0.2705 -0.8448 0.4617
vn -0.2938 -0.8266 0.4800
vn -0.2859 -0.8312 0.4769
vn 0.5371 0.0114 -0.8434
vn 0.5306 0.0764 -0.8442
vn 0.5486 0.0474 -0.8348
vn 0.8370 0.3523 -0.4188
vn 0.8344 0.4133 -0.3647
vn 0.8353 0.3989 -0.3784
vn 0.0739 -0.2349 -0.9692
vn 0.5815 -0.1555 0.7985
vn 0.5803 -0.1557 0.7994
vn 0.5811 -0.1562 0.7987
vn 0.5813 -0.0724 -0.8105
vn 0.5965 -0.0665 -0.7999
vn 0.5904 -0.0837 -0.8028
vn -0.7045 0.3627 -0.6100
vn 0.1341 0.2955 0.9459
vn 0.0968 0.3299 0.9390
vn 0.1355 0.2835 0.9493
vn 0.0288 -0.0561 0.9980
vn 0.0076 -0.0632 0.9980
vn 0.0116 -0.0618 0.9980
vn 0.0782 0.4460 -0.8916
vn 0.5885 -0.1451 0.7953
vn 0.5982 -0.1267 0.7912
vn 0.5932 -0.1223 0.7957
vn 0.6334 0.7636 0.1256
vn 0.6539 0.7483 0.1117
vn 0.6283 0.7698 0.1125
vn -0.6666 -0.6348 0.3907
vn -0.6669 -0.6344 0.3909
vn -0.7321 -0.4762 0.4871
vn 0.9224 -0.3744 0.0946
vn 0.9032 -0.4238 0.0675
vn 0.9172 -0.3871 0.0943
vn 0.9146 -0.3334 -0.2287
vn -0.1808 -0.1458 0.9727
vn -0.1762 -0.1346 0.9751
vn -0.1901 -0.1586 0.9689
vn 0.8141 -0.3880 0.4320
vn 0.8215 -0.3615 0.4410
vn 0.7878 -0.4692 0.3990
vn 0.2618 -0.6309 -0.7303
vn 0.0309 0.4983 0.8665
vn 0.4737 -0.8511 0.2265
vn -0.0963 0.6714 0.7348
vn -0.2265 -0.1660 0.9598
vn -0.2232 -0.1686 0.9601
vn -0.2196 -0.1712 0.9605
vn 0.3975 -0.8022 -0.4455
vn 0.3962 -0.8008 -0.4492
vn -0.0741 -0.8922 -0.4455
vn -0.1079 -0.9205 -0.3756
vn -0.0990 -0.8824 -0.4600
vn 0.2957 0.4726 -0.8302
vn 0.3923 -0.0304 0.9194
vn 0.3909 -0.0231 0.9202
vn 0.3843 -0.0355 0.9225
vn -0.2721 -0.1618 0.9486
vn -0.2756 -0.1626 0.9474
vn -0.2738 -0.1668 0.9472
vn -0.5637 0.7487 -0.3488
vn -0.5747 0.7040 -0.4173
vn -0.5754 0.7101 -0.4059
vn 0.2129 0.5372 -0.8161
vn -0.1016 -0.8192 -0.5644
vn -0.0923 -0.8637 -0.4955
vn -0.0932 -0.8596 -0.5025
vn 0.6257 0.0823 -0.7757
vn 0.1886 0.5283 -0.8278
vn 0.1814 0.5320 -0.8271
vn 0.1897 0.5294 -0.8269
vn 0.8530 -0.5182 -0.0619
vn 0.8431 -0.5351 -0.0539
vn 0.8413 -0.5382 -0.0513
vn 0.7979 -0.5840 -0.1493
vn 0.8515 0.4891 -0.1892
vn 0.8466 0.5100 -0.1522
vn 0.8107 0.5382 -0.2306
vn -0.1072 0.3484 -0.9312
vn -0.1254 0.2457 -0.9612
vn -0.1289 0.2184 -0.9673
vn 0.0452 0.9778 0.2046
vn -0.8231 -0.0128 0.5678
vn -0.8294 0.0252 0.5581
vn -0.8274 0.0167 0.5613
vn -0.1998 -0.1537 0.9677
vn -0.1878 -0.1379 0.9725
vn -0.2049 -0.1470 0.9677
vn 0.1148 0.4423 -0.8895
vn -0.8598 -0.4005 0.3168
vn -0.8441 -0.4120 0.3431
vn -0.8126 -0.4365 0.3862
vn -0.2951 0.4631 -0.8358
vn -0.3002 0.2264 -0.9266
vn -0.2962 0.2553 -0.9204
vn 0.3864 -0.7346 -0.5577
vn 0.9527 -0.2901 -0.0903
vn 0.9603 -0.2578 -0.1066
vn 0.9637 -0.2397 -0.1179
vn -0.0607 -0.1073 0.9924
vn -0.0564 -0.1053 0.9928
vn -0.0604 -0.1060 0.9925
vn 0.2397 0.8406 0.4857
vn 0.2920 0.7938 0.5335
vn 0.3533 0.7381 0.5748
vn -0.1234 -0.1110 0.9861
vn -0.1205 -0.1029 0.9874
vn -0.1181 -0.1133 0.9865
vn -0.8861 0.2160 0.4102
vn -0.0388 0.1530 -0.9875
vn -0.0602 0.1480 -0.9872
vn -0.0578 0.1480 -0.9873
vn 0.0061 0.1417 0.9899
vn -0.0123 0.1983 0.9801
vn -0.0011 0.1845 0.9828
vn -0.1959 -0.2368 0.9516
vn -0.2123 -0.1957 0.9574
vn -0.2078 -0.2116 0.9550
vn -0.8677 0.2741 0.4146
vn -0.2239 -0.1753 0.9587
vn -0.7980 -0.1169 -0.5912
vn 0.0433 0.0607 -0.9972
vn -0.2587 -0.3356 -0.9058
vn -0.3765 0.4083 -0.8316
vn -0.2169 0.8399 0.4975
vn -0.2596 0.6980 0.6673
vn -0.2187 0.8220 0.5257
vn 0.0557 -0.0867 0.9947
vn 0.0439 -0.0878 0.9952
vn 0.0494 -0.0847 0.9952
vn -0.2141 -0.5206 -0.8266
vn -0.9544 0.0313 0.2968
vn -0.3296 -0.3006 0.8950
vn -0.0955 -0.1186 0.9883
vn -0.1133 -0.1295 0.9851
vn -0.1022 -0.1270 0.9866
vn 0.8788 0.0812 -0.4702
vn 0.8714 0.0547 -0.4876
vn 0.8716 0.0774 -0.4840
vn 0.0514 -0.1166 0.9919
vn 0.0529 -0.1062 0.9929
vn 0.0500 -0.1107 0.9926
vn -0.6449 -0.7638 -0.0275
vn -0.6557 -0.7548 -0.0157
vn -0.6574 -0.7530 -0.0284
vn 0.0924 0.8703 -0.4837
vn 0.1230 0.8978 -0.4229
vn 0.1241 0.9001 -0.4176
vn 0.0420 -0.1250 -0.9913
vn -0.1592 -0.5158 -0.8418
vn -0.1567 -0.5166 -0.8418
vn -0.1518 -0.5191 -0.8411
vn -0.3214 0.3207 -0.8910
vn -0.3212 0.3193 -0.8915
vn -0.3218 0.3221 -0.8903
vn -0.4014 0.3516 -0.8458
vn -0.4013 0.3515 -0.8458
vn -0.4012 0.3515 -0.8458
vn -0.8772 0.4538 0.1566
vn 0.6948 0.1879 0.6942
vn 0.6974 0.1822 0.6931
vn 0.6814 0.1601 0.7142
vn -0.0397 -0.9960 -0.0802
vn -0.0394 -0.9956 -0.0852
vn -0.0395 -0.9957 -0.0833
vn 0.0690 -0.3348 -0.9398
vn 0.0029 0.0508 -0.9987
vn 0.0028 0.0503 -0.9987
vn 0.0025 0.0495 -0.9988
vn -0.1119 0.2655 -0.9576
vn -0.2706 -0.6777 -0.6837
vn -0.0146 -0.2535 -0.9672
vn -0.5771 0.8072 0.1237
vn -0.4274 -0.0556 -0.9024
vn -0.0739 -0.1066 0.9916
vn -0.0718 -0.1014 0.9923
vn -0.0744 -0.1036 0.9918
vn 0.3262 0.4736 -0.8181
vn 0.2024 -0.0639 0.9772
vn 0.1952 -0.0593 0.9790
vn 0.1882 -0.0770 0.9791
vn 0.3966 -0.0631 0.9158
vn 0.4638 -0.1901 0.8653
vn 0.4261 -0.1136 0.8975
vn -0.2409 0.4503 -0.8598
vn -0.0349 0.5466 0.8367
vn -0.9900 -0.1407 0.0082
vn -0.9538 -0.2870 0.0893
vn -0.3178 0.4876 -0.8131
vn 0.2218 -0.0261 0.9747
vn 0.2211 -0.0251 0.9749
vn 0.2144 -0.0359 0.9761
vn -0.1577 -0.1672 0.9732
vn -0.1604 -0.1886 0.9689
vn -0.1560 -0.1820 0.9708
vn 0.7059 0.4626 -0.5364
vn 0.3229 -0.5746 -0.7521
vn -0.0309 -0.1249 -0.9917
vn 0.0605 -0.0992 0.9932
vn 0.0659 -0.0826 0.9944
vn 0.0561 -0.0944 0.9940
vn 0.4825 0.7386 -0.4708
vn 0.6976 0.7005 0.1506
vn -0.2865 -0.2285 0.9304
vn -0.2786 -0.2457 0.9284
vn -0.2827 -0.2335 0.9304
vn -0.8741 0.3737 -0.3104
vn -0.8730 0.3405 -0.3492
vn -0.8755 0.3104 -0.3704
vn -0.2971 0.0241 0.9546
vn -0.3018 0.0128 0.9533
vn -0.2984 0.0110 0.9544
vn -0.0666 -0.1278 0.9896
vn -0.0670 -0.1214 0.9903
vn -0.0682 -0.1222 0.9902
vn -0.8363 0.5234 0.1634
vn -0.8416 0.5209 0.1426
vn -0.8332 0.5263 0.1693
vn -0.6990 -0.7124 -0.0619
vn -0.7196 -0.6882 -0.0922
vn -0.7265 -0.6826 -0.0792
vn 0.6043 0.0386 0.7958
vn 0.6044 0.0365 0.7958
vn 0.5934 0.0222 0.8046
vn 0.8890 0.0167 0.4575
vn 0.8898 0.0739 0.4504
vn 0.8849 0.0652 0.4613
vn -0.7031 -0.5543 0.4454
vn -0.1027 -0.1204 0.9874
vn -0.1022 -0.1211 0.9874
vn -0.1120 -0.1314 0.9850
vn 0.4289 -0.0645 0.9010
vn 0.4270 -0.0539 0.9026
vn 0.4226 -0.0629 0.9041
vn -0.5414 -0.0726 -0.8376
vn 0.2359 0.2044 -0.9500
vn 0.9462 0.1035 -0.3065
vn 0.9374 0.1314 -0.3226
vn 0.9265 0.1639 -0.3388
vn -0.7136 -0.6547 -0.2494
vn -0.7519 -0.6152 -0.2370
vn -0.7466 -0.6209 -0.2388
vn 0.4241 0.3454 -0.8371
vn 0.4077 -0.7739 0.4846
vn 0.3896 0.8165 -0.4260
vn -0.3277 0.5354 -0.7784
vn 0.5435 -0.0054 0.8394
vn 0.5750 -0.1202 0.8093
vn 0.5743 -0.0795 0.8148
vn -0.0800 0.1393 -0.9870
vn 0.8201 -0.1803 0.5430
vn 0.8300 -0.1756 0.5295
vn 0.8303 -0.1511 0.5365
vn -0.0396 -0.2188 -0.9750
vn -0.3864 0.6222 0.6808
vn -0.2750 0.7223 0.6346
vn -0.3349 0.6614 0.6711
vn 0.4603 0.0127 0.8877
vn 0.4578 0.0379 0.8883
vn 0.4459 0.0120 0.8950
vn 0.9253 -0.3302 -0.1866
vn 0.3518 -0.1778 -0.9190
vn 0.2390 -0.0615 0.9691
vn 0.2456 -0.0452 0.9683
vn 0.2207 -0.0737 0.9726
vn 0.0088 0.2523 -0.9676
vn 0.5650 -0.0701 0.8221
vn 0.5629 -0.0726 0.8234
vn 0.5586 -0.0797 0.8256
vn 0.0594 -0.0553 0.9967
vn 0.1053 -0.0695 0.9920
vn 0.0692 -0.0552 0.9961
vn 0.1893 0.9818 0.0170
vn 0.1339 0.9819 0.1341
vn 0.1710 0.9843 0.0446
vn -0.2610 -0.2362 0.9360
vn -0.6557 -0.7455 -0.1195
vn -0.6840 -0.7093 -0.1701
vn -0.6645 -0.7349 -0.1350
vn -0.3597 0.6291 0.6891
vn -0.9963 0.0835 0.0188
vn 0.0700 -0.9770 0.2012
vn 0.0272 -0.2408 -0.9702
vn -0.0565 -0.1522 -0.9867
vn 0.0183 -0.2357 -0.9717
vn 0.0152 0.1842 0.9828
vn 0.6632 0.7479 0.0281
vn 0.6907 0.7231 0.0105
vn 0.7201 0.6939 -0.0050
vn -0.3703 0.8601 0.3510
vn -0.4001 0.8833 0.2444
vn -0.3948 0.8776 0.2721
vn 0.3235 -0.8130 -0.4842
vn 0.9190 0.1382 -0.3692
vn -0.8508 -0.5134 0.1122
vn -0.6970 0.4309 0.5732
vn 0.8350 -0.4961 -0.2382
vn 0.7478 -0.4651 -0.4738
vn -0.3614 0.7901 -0.4951
vn -0.3750 0.7726 -0.5123
vn -0.3559 0.7995 -0.4838
vn -0.9812 0.0571 0.1845
vn 0.8034 0.5952 0.0190
vn 0.0045 -0.4311 -0.9023
vn -0.6186 0.1114 0.7778
vn -0.6062 0.1115 0.7875
vn -0.6080 0.1118 0.7860
vn -0.7687 0.1153 0.6291
vn 0.6238 0.0031 -0.7816
vn 0.3308 -0.7711 -0.5440
vn 0.3169 -0.7535 -0.5760
vn 0.3320 -0.7704 -0.5443
vn -0.1792 0.7204 0.6700
vn -0.5617 -0.8200 -0.1099
vn -0.5926 -0.7311 -0.3381
vn -0.5804 -0.7769 -0.2443
vn -0.1656 -0.5342 -0.8290
vn -0.1504 -0.7178 -0.6798
vn -0.1585 -0.6620 -0.7325
vn 0.7875 -0.5897 0.1791
vn 0.7863 -0.5937 0.1711
vn 0.7852 -0.5962 0.1671
vn -0.8346 -0.0384 -0.5496
vn -0.4278 0.5400 -0.7249
vn -0.4184 0.5790 -0.6998
vn -0.4168 0.5361 -0.7341
vn -0.0534 -0.9681 0.2450
vn 0.1324 -0.0297 0.9907
vn 0.6434 -0.6702 -0.3699
vn -0.9715 -0.0124 0.2367
vn -0.9788 -0.0323 0.2025
vn -0.9801 -0.0329 0.1959
vn -0.9723 -0.0110 0.2335
vn 0.8112 0.3707 -0.4523
vn 0.8322 0.2878 -0.4739
vn 0.8150 0.3201 -0.4830
vn 0.0318 -0.1450 -0.9889
vn -0.3826 0.6626 -0.6439
vn -0.3828 0.6327 -0.6731
vn -0.3825 0.6307 -0.6753
vn -0.8929 0.4485 -0.0403
vn -0.9003 0.4313 -0.0581
vn -0.9018 0.4276 -0.0625
vn -0.0265 -0.6940 0.7195
vn -0.4106 0.1805 -0.8938
vn -0.4038 0.1668 -0.8995
vn -0.3793 0.1104 -0.9187
vn 0.5844 0.0530 -0.8097
vn 0.5879 0.0358 -0.8081
vn 0.5810 0.0442 -0.8127
vn -0.7080 -0.6835 0.1779
vn -0.0871 -0.9711 -0.2224
vn -0.0871 -0.9711 -0.2223
vn -0.7613 -0.6347 0.1327
vn 0.8500 0.4089 0.3320
vn 0.8705 0.3469 0.3491
vn 0.8482 0.4186 0.3245
vn -0.9777 -0.1758 0.1147
vn 0.4343 -0.7894 0.4339
vn -0.0049 0.9963 0.0862
vn 0.0488 0.9803 0.1914
vn 0.0474 0.9815 0.1858
vn -0.2891 -0.7402 0.6071
vn -0.8380 0.0182 0.5454
vn -0.8352 0.0196 0.5496
vn -0.8376 0.0251 0.5457
vn 0.9030 -0.1935 -0.3835
vn 0.9217 0.0461 -0.3851
vn 0.9289 -0.0119 -0.3702
vn 0.9249 -0.1092 -0.3642
vn -0.2101 0.9187 0.3344
vn -0.3044 -0.8170 -0.4897
vn -0.8466 0.5212 -0.1080
vn -0.8406 0.5416 -0.0045
vn -0.8340 0.5460 -0.0798
vn -0.9589 -0.2623 0.1080
vn -0.1500 -0.6739 0.7234
vn 0.2257 -0.3266 -0.9178
vn -0.2970 -0.0056 -0.9549
vn -0.2356 -0.3424 -0.9095
vn -0.2467 -0.2588 -0.9339
vn 0.8299 -0.5194 -0.2037
vn -0.6534 -0.1442 -0.7431
vn -0.6532 -0.1442 -0.7433
vn -0.6533 -0.1442 -0.7433
vn -0.9360 0.0361 0.3501
vn 0.8939 0.4483 -0.0028
vn 0.9156 0.4021 -0.0024
vn 0.9055 0.4243 -0.0113
vn -0.9796 -0.1471 0.1367
vn 0.0834 0.3285 0.9408
vn 0.8271 -0.3222 -0.4605
vn -0.9424 -0.3234 0.0858
vn -0.3683 0.1685 0.9143
vn -0.3803 0.1633 0.9103
vn -0.3724 0.1630 0.9136
vn 0.0687 -0.3750 -0.9245
vn -0.0360 -0.0818 -0.9960
vn 0.0738 -0.4153 -0.9067
vn -0.0051 0.4502 -0.8929
vn -0.9994 -0.0222 0.0282
vn -0.4300 0.5631 0.7058
vn 0.9336 0.3512 0.0713
vn 0.9424 0.3121 0.1206
vn 0.9286 0.3588 0.0950
vn -0.6666 -0.7391 0.0964
vn 0.8593 -0.4347 -0.2695
vn 0.8663 -0.3989 -0.3008
vn 0.8660 -0.4041 -0.2945
vn -0.6437 -0.7144 -0.2743
vn -0.8630 0.3719 0.3419
vn -0.9030 -0.4245 0.0657
vn 0.7668 -0.0633 0.6388
vn 0.7696 -0.0548 0.6362
vn 0.7841 -0.0340 0.6198
vn 0.9246 -0.1240 0.3602
vn 0.9296 -0.1066 0.3527
vn 0.9362 -0.0915 0.3393
vn 0.9658 0.1877 0.1792
vn 0.9601 0.2384 0.1463
vn 0.9595 0.2474 0.1349
vn 0.7417 -0.2291 0.6304
vn 0.7390 -0.2348 0.6315
vn 0.7364 -0.2384 0.6331
vn 0.9048 0.4056 -0.1297
vn 0.9129 0.4078 -0.0179
vn 0.9294 0.3566 -0.0955
vn 0.8734 0.4631 -0.1509
vn 0.8654 0.4971 -0.0628
vn 0.8768 0.4691 -0.1059
vn -0.2129 0.4318 -0.8765
vn -0.0016 0.9947 0.1027
vn -0.2722 0.8824 0.3838
vn -0.0949 0.9736 0.2076
vn -0.6586 0.2799 -0.6985
vn -0.9213 -0.0181 0.3885
vn -0.9292 -0.0250 0.3688
vn -0.9251 0.0057 0.3796
vn 0.3023 -0.9154 -0.2657
vn 0.3024 -0.9153 -0.2660
vn 0.3017 -0.9162 -0.2639
vn -0.9107 0.3701 -0.1833
vn -0.9107 0.3701 -0.1834
vn -0.9104 0.3707 -0.1836
vn 0.9691 0.2312 -0.0858
vn -0.0797 -0.6259 0.7758
vn 0.7928 0.2528 -0.5546
vn -0.3417 0.5381 -0.7705
vn 0.6515 0.7515 -0.1033
vn 0.6562 0.7546 -0.0052
vn 0.6503 0.7596 -0.0127
vn -0.2869 0.4132 -0.8642
vn 0.0575 0.9605 0.2723
vn 0.1246 0.7355 0.6659
vn 0.1148 0.8150 0.5680
vn 0.0949 0.8134 0.5739
vn 0.0928 0.6485 0.7555
vn 0.0831 0.6980 0.7112
vn 0.0643 0.7118 0.6994
vn 0.0182 0.6767 0.7361
vn 0.0256 0.7074 0.7063
vn 0.0088 0.7082 0.7060
vn -0.3914 0.5595 0.7306
vn -0.3903 0.5675 0.7250
vn -0.3814 0.5495 0.7433
vn 0.3857 0.8170 0.4286
vn 0.3857 0.8170 0.4287
vn 0.3856 0.8169 0.4289
vn 0.3858 0.8170 0.4286
vn -0.8479 0.5170 0.1174
vn -0.9823 -0.0544 -0.1794
vn -0.7008 -0.7129 0.0262
vn -0.7007 -0.7129 0.0279
vn -0.7007 -0.7129 0.0276
vn -0.0342 -0.9992 -0.0188
vn -0.0435 -0.9991 -0.0014
vn -0.0384 -0.9990 -0.0244
vn -0.7524 0.6308 -0.1896
vn -0.7974 0.5856 -0.1458
vn -0.8666 0.4949 -0.0643
vn 0.0838 -0.9903 0.1105
vn -0.0961 -0.8177 -0.5675
vn -0.3028 0.9282 0.2161
vn 0.4416 -0.5353 0.7200
vn 0.4279 -0.5651 0.7054
vn 0.4525 -0.5143 0.7285
vn -0.0139 -0.9692 -0.2458
vn 0.8611 -0.4863 -0.1483
vn 0.8600 -0.4863 -0.1549
vn 0.8422 -0.5111 -0.1714
vn 0.5737 0.5954 0.5624
vn 0.8859 0.4423 -0.1397
vn 0.8663 0.4899 -0.0974
vn 0.8786 0.4606 -0.1260
vn -0.1645 -0.9030 0.3969
vn 0.1962 -0.9802 -0.0279
vn 0.2065 -0.9777 0.0393
vn 0.2030 -0.9791 0.0152
vn -0.0519 -0.9552 -0.2915
vn -0.2192 0.9428 -0.2511
vn 0.8866 0.3914 -0.2464
vn 0.8639 0.4550 -0.2160
vn 0.8778 0.4111 -0.2460
vn 0.8602 -0.5090 -0.0324
vn -0.6409 -0.7143 -0.2811
vn 0.8477 0.1521 0.5082
vn -0.4960 0.8670 0.0477
vn -0.5479 0.8336 -0.0699
vn -0.5439 0.8376 -0.0507
vn 0.4542 0.8875 -0.0782
vn 0.5263 0.8503 -0.0099
vn 0.5164 0.8561 0.0192
vn -0.2858 0.4401 0.8512
vn 0.1952 -0.7960 -0.5730
vn -0.9813 -0.1090 0.1584
vn 0.9694 0.0051 -0.2454
vn 0.3136 -0.9074 0.2798
vn 0.3135 -0.9074 0.2798
vn 0.6307 -0.2718 0.7268
vn 0.6308 -0.2718 0.7268
vn 0.8640 -0.4781 -0.1579
vn 0.8643 -0.4776 -0.1578
vn 0.8641 -0.4780 -0.1577
vn 0.1667 -0.5176 -0.8392
vn 0.2741 -0.9386 -0.2096
vn -0.0656 0.8187 0.5705
vn -0.0657 0.8188 0.5704
vn -0.0657 0.8187 0.5704
vn 0.7217 0.6465 0.2473
vn 0.7255 0.6290 0.2792
vn 0.7395 0.6272 0.2442
vn 0.9056 0.1537 -0.3952
vn 0.9052 0.1499 -0.3977
vn 0.8997 0.1639 -0.4046
vn -0.9431 0.0664 -0.3258
vn -0.1194 -0.8883 0.4436
vn 0.0409 -0.0373 0.9985
vn 0.0925 -0.1207 0.9884
vn 0.0886 -0.0581 0.9944
vn -0.9616 0.0125 0.2743
vn 0.9627 0.1596 -0.2184
vn 0.9307 0.3603 -0.0633
vn 0.9666 0.2107 -0.1455
vn 0.1913 -0.1267 -0.9733
vn 0.2006 -0.0050 -0.9797
vn 0.2003 -0.0358 -0.9791
vn 0.1945 -0.1276 -0.9726
vn -0.2945 0.9533 -0.0666
vn -0.2997 0.9417 -0.1529
vn -0.2825 0.9572 -0.0628
vn -0.8585 0.4917 -0.1455
vn -0.8645 0.4839 -0.1362
vn 0.8670 0.0775 -0.4923
vn 0.8661 0.1012 -0.4896
vn 0.8677 0.0983 -0.4872
vn 0.9133 -0.3809 0.1441
vn -0.2610 0.8752 0.4073
vn -0.1867 -0.9688 0.1629
vn -0.8894 -0.3246 0.3218
vn -0.8565 -0.2466 0.4535
vn -0.8855 -0.3124 0.3438
vn 0.1285 -0.8391 0.5287
vn -0.3122 0.8906 -0.3307
vn -0.3349 0.8737 -0.3529
vn -0.3198 0.8930 -0.3167
vn 0.9034 -0.2837 0.3217
vn 0.8932 -0.2238 0.3900
vn 0.8727 -0.1621 0.4606
vn 0.8710 -0.1591 0.4649
vn -0.6995 -0.3758 0.6078
vn -0.6961 -0.3738 0.6130
vn -0.6987 -0.3753 0.6091
vn -0.9740 0.0450 -0.2221
vn -0.9743 0.0937 -0.2049
vn -0.9741 0.0779 -0.2124
vn -0.0840 0.2978 -0.9509
vn -0.0886 0.2226 -0.9709
vn -0.0645 0.1855 -0.9805
vn 0.6569 0.2910 -0.6956
vn 0.6819 0.3581 -0.6378
vn 0.6703 0.3492 -0.6548
vn -0.2766 -0.9332 0.2295
vn -0.1124 0.9898 -0.0869
vn -0.1560 0.9721 -0.1753
vn -0.1504 0.9746 -0.1660
vn -0.2127 0.5537 -0.8051
vn -0.1986 0.5939 -0.7797
vn -0.2009 0.5410 -0.8167
vn 0.9982 0.0137 -0.0579
vn -0.4693 -0.7301 0.4966
vn 0.5460 0.5639 -0.6196
vn 0.5447 0.5948 -0.5912
vn 0.5451 0.5821 -0.6033
vn -0.9971 0.0107 0.0760
vn -0.9986 -0.0170 0.0498
vn -0.9984 -0.0212 0.0521
vn 0.1249 -0.9045 0.4078
vn 0.0387 0.9008 0.4326
vn 0.0628 0.8921 0.4474
vn 0.0405 0.9054 0.4226
vn -0.2232 -0.6167 -0.7549
vn -0.1299 0.5206 -0.8439
vn -0.1011 0.5548 -0.8258
vn -0.1110 0.4977 -0.8602
vn -0.9088 0.2809 0.3086
vn -0.9196 0.2711 0.2842
vn -0.9117 0.2679 0.3116
vn -0.0275 0.4465 -0.8944
vn -0.0390 0.4451 -0.8946
vn -0.0667 0.4571 -0.8869
vn 0.6065 0.7864 0.1173
vn 0.5515 0.8205 0.1502
vn 0.6075 0.7812 0.1441
vn 0.4202 0.7957 0.4362
vn -0.7357 -0.6762 -0.0399
vn -0.4750 0.3567 -0.8044
vn -0.4778 0.3629 -0.8000
vn -0.4738 0.3596 -0.8039
vn -0.9965 -0.0382 0.0745
vn -0.1461 -0.5071 0.8494
vn -0.1509 -0.5058 0.8494
vn -0.1492 -0.5081 0.8483
vn -0.9168 -0.2402 0.3191
vn -0.1614 0.7280 -0.6664
vn 0.7674 0.2149 -0.6041
vn 0.7674 0.2357 -0.5963
vn 0.7738 0.2016 -0.6004
vn -0.5665 -0.3958 0.7228
vn 0.1242 0.7975 -0.5904
vn 0.1011 0.7967 -0.5959
vn 0.1280 0.7875 -0.6029
vn -0.7745 -0.3196 0.5459
vn 0.7651 0.1413 -0.6283
vn 0.7670 0.1657 -0.6199
vn 0.7681 0.1472 -0.6232
vn -0.5762 0.1902 0.7949
vn 0.9337 0.0991 -0.3441
vn 0.8939 0.0856 -0.4400
vn 0.9056 0.0928 -0.4138
vn 0.2281 -0.9676 0.1084
vn 0.8199 -0.4724 0.3234
vn 0.8083 -0.5023 0.3073
vn 0.8435 -0.4015 0.3568
vn 0.0455 0.7125 -0.7002
vn 0.0480 0.7137 -0.6988
vn 0.0201 0.6897 -0.7239
vn -0.2962 0.7039 -0.6456
vn 0.1866 0.7361 -0.6506
vn -0.9714 0.1187 -0.2056
vn -0.5327 -0.0172 0.8461
vn -0.4415 0.1319 0.8875
vn -0.5886 -0.0243 0.8080
vn -0.6743 -0.0254 -0.7380
vn -0.5853 -0.1252 -0.8011
vn -0.6571 -0.0330 -0.7531
vn -0.0365 -0.0075 -0.9993
vn 0.0382 -0.4614 -0.8864
vn 0.0073 -0.3017 -0.9534
vn -0.9442 0.2593 -0.2030
vn -0.9308 0.3289 -0.1593
vn -0.9345 0.3156 -0.1648
vn -0.7017 -0.3771 0.6045
vn 0.9541 -0.0055 0.2994
vn 0.9617 -0.1027 0.2540
vn 0.9612 -0.0688 0.2671
vn 0.2389 -0.1557 0.9585
vn 0.6613 0.2196 -0.7173
vn 0.6635 0.1987 -0.7213
vn 0.6638 0.1954 -0.7219
vn -0.1943 0.8198 -0.5387
vn -0.1814 0.8438 -0.5050
vn -0.2320 0.8637 -0.4474
vn 0.3371 -0.8937 0.2961
vn -0.0005 -0.3971 -0.9178
vn 0.5707 -0.1951 -0.7976
vn 0.5274 0.2158 -0.8217
vn 0.6200 -0.0917 -0.7792
vn 0.9962 0.0519 -0.0703
vn 0.9960 0.0313 -0.0839
vn 0.9961 0.0391 -0.0788
vn -0.5020 -0.6688 0.5484
vn -0.4452 0.0241 -0.8951
vn -0.3658 -0.3569 -0.8596
vn -0.3719 -0.3311 -0.8672
vn -0.9919 0.0558 0.1137
vn -0.9947 0.0569 0.0852
vn -0.9933 0.0549 0.1014
vn -0.4186 0.8784 -0.2308
vn -0.3756 0.9076 -0.1877
vn -0.4124 0.8767 -0.2476
vn 0.4236 -0.6671 0.6128
vn -0.3216 -0.7839 0.5311
vn -0.3192 -0.8236 0.4689
vn 0.1660 0.6416 -0.7489
vn 0.1277 0.7559 -0.6421
vn 0.1168 0.7623 -0.6367
vn -0.9564 -0.2920 0.0090
vn -0.9437 -0.3291 0.0344
vn -0.9660 -0.2576 0.0245
vn -0.7438 0.5723 -0.3454
vn -0.7794 0.5176 -0.3529
vn -0.7520 0.5692 -0.3325
vn 0.8187 0.5234 -0.2361
vn 0.8200 0.5234 -0.2316
vn 0.8178 0.5254 -0.2351
vn -0.1151 -0.9932 -0.0191
vn 0.8635 0.0961 -0.4951
vn 0.8652 0.2022 -0.4588
vn 0.8646 0.1672 -0.4738
vn -0.9342 0.2779 -0.2236
vn -0.9266 0.2994 -0.2277
vn -0.9313 0.2849 -0.2272
vn 0.9151 -0.3871 0.1125
vn 0.9224 -0.3623 0.1337
vn 0.9192 -0.3737 0.1241
vn 0.9173 -0.3821 0.1117
vn -0.9149 -0.2196 0.3387
vn 0.4069 0.6900 -0.5986
vn 0.3369 0.7825 -0.5236
vn 0.4438 0.6797 -0.5841
vn -0.3540 -0.4858 0.7992
vn -0.2633 0.3361 0.9043
vn -0.2413 0.2948 0.9246
vn -0.1969 0.3386 0.9201
vn 0.7921 0.1522 -0.5911
vn 0.8246 0.1829 -0.5353
vn 0.8066 0.1465 -0.5726
vn 0.3387 -0.8103 -0.4782
vn 0.2651 0.2893 -0.9198
vn 0.2625 0.2411 -0.9343
vn 0.2567 0.2670 -0.9289
vn 0.1935 0.9648 0.1781
vn 0.1372 0.9558 0.2602
vn 0.2271 0.9557 0.1872
vn 0.3738 0.4462 -0.8131
vn 0.2133 0.4963 -0.8416
vn 0.2330 0.5053 -0.8309
vn -0.9138 0.4052 0.0272
vn -0.8754 0.4834 -0.0016
vn -0.8922 0.4515 -0.0130
vn 0.1382 0.7651 0.6289
vn 0.1721 0.7372 0.6534
vn 0.2333 0.6959 0.6792
vn -0.3480 0.0565 0.9358
vn 0.1276 0.6611 -0.7394
vn 0.1090 0.6472 -0.7545
vn 0.1106 0.6710 -0.7332
vn 0.2404 -0.9173 0.3174
vn 0.1836 0.8429 -0.5058
vn 0.1291 0.8227 -0.5537
vn 0.1452 0.8571 -0.4943
vn 0.2835 -0.7878 0.5469
vn 0.4149 -0.7995 -0.4343
vn -0.0214 0.5506 0.8345
vn 0.2686 -0.8400 0.4715
vn 0.3359 -0.8769 -0.3439
vn 0.3374 -0.8632 -0.3755
vn 0.3371 -0.8664 -0.3684
vn 0.0868 0.9665 0.2415
vn 0.1228 0.9307 0.3444
vn 0.1264 0.9846 0.1212
vn 0.1149 0.9507 0.2880
vn 0.0926 0.9532 0.2879
vn 0.1551 0.8948 0.4187
vn 0.3353 -0.8457 -0.4152
vn 0.3217 -0.8569 -0.4027
vn 0.3206 -0.8499 -0.4183
vn 0.3802 -0.9072 -0.1803
vn 0.1216 0.9898 -0.0737
vn 0.1214 0.9829 -0.1386
vn 0.1416 0.9881 -0.0601
vn 0.2246 -0.9743 -0.0174
vn 0.1404 0.4512 -0.8813
vn 0.1573 0.2785 -0.9475
vn 0.2082 0.2104 -0.9552
vn -0.3034 0.7789 -0.5489
vn 0.2533 -0.4336 -0.8648
vn 0.2706 -0.4972 -0.8244
vn 0.2555 -0.4363 -0.8628
vn 0.2086 -0.6128 0.7622
vn 0.1694 -0.4154 0.8937
vn 0.1887 -0.8316 0.5223
vn 0.2597 -0.8938 0.3658
vn 0.3067 -0.9198 0.2448
vn 0.7977 0.5987 -0.0730
vn 0.7968 0.5925 -0.1187
vn 0.8018 0.5839 -0.1272
vn 0.8050 -0.5911 -0.0497
vn -0.1160 -0.4468 0.8871
vn -0.1160 -0.4467 0.8871
vn -0.2854 0.9475 0.1442
vn -0.2557 0.9332 0.2527
vn -0.2796 0.9509 0.1329
vn -0.8198 -0.5720 0.0272
vn -0.8455 0.4715 0.2506
vn 0.1424 0.4101 0.9009
vn -0.2618 0.2811 -0.9233
vn -0.8156 0.3366 0.4706
vn -0.8260 0.4474 0.3430
vn -0.8572 0.3113 0.4103
vn -0.9690 -0.2140 -0.1238
vn -0.1636 0.6307 0.7586
vn -0.1636 0.6311 0.7583
vn -0.1637 0.6309 0.7584
vn 0.0978 0.8770 0.4703
vn 0.1279 0.8129 0.5682
vn 0.1412 0.8107 0.5681
vn 0.9756 -0.1943 -0.1025
vn 0.6533 0.7428 0.1467
vn 0.6897 0.7121 0.1315
vn 0.6597 0.7231 0.2046
vn -0.4933 0.6038 0.6262
vn -0.4712 0.5450 0.6935
vn -0.4694 0.5401 0.6985
vn -0.0475 -0.8035 -0.5935
vn -0.9441 -0.0598 0.3242
vn -0.7570 -0.6266 -0.1850
vn -0.7578 -0.6263 -0.1829
vn -0.7460 -0.6153 -0.2546
vn 0.1598 0.7301 0.6644
vn 0.1337 0.7142 0.6871
vn 0.1545 0.7045 0.6927
vn 0.9710 -0.0730 -0.2275
vn 0.7597 0.6187 0.2002
vn -0.2830 -0.3033 0.9099
vn -0.2938 -0.2954 0.9091
vn -0.2893 -0.2955 0.9105
vn -0.9245 0.1286 -0.3589
vn 0.2074 0.0818 -0.9748
vn -0.8409 -0.0023 -0.5412
vn -0.1687 0.4026 -0.8997
vn 0.3282 0.2759 -0.9034
vn 0.4021 0.3497 -0.8462
vn 0.4420 0.2558 -0.8598
vn 0.1399 -0.9836 -0.1135
vn 0.9743 -0.0949 0.2045
vn 0.9840 -0.0835 0.1572
vn 0.9825 -0.0683 0.1731
vn 0.9459 -0.3215 0.0433
vn 0.9830 -0.1757 0.0530
vn 0.9589 -0.2788 0.0530
vn 0.9492 -0.3032 -0.0841
vn 0.9641 -0.2595 -0.0572
vn 0.9487 -0.3094 -0.0649
vn 0.9365 -0.0839 0.3405
vn 0.9378 -0.0044 0.3470
vn 0.9354 -0.0520 0.3497
vn 0.8545 -0.3677 -0.3668
vn 0.7993 0.5515 0.2386
vn 0.8197 0.5429 0.1826
vn 0.8124 0.5385 0.2237
vn 0.0752 0.8033 0.5908
vn 0.1228 0.8377 0.5321
vn 0.0976 0.8091 0.5795
vn -0.5858 0.7449 -0.3194
vn -0.3708 0.3613 0.8555
vn -0.4005 0.3513 0.8463
vn -0.2239 0.0746 0.9717
vn 0.7466 0.3361 0.5741
vn 0.5440 0.3421 0.7661
vn 0.9157 -0.0162 -0.4015
vn 0.9690 0.1223 -0.2148
vn 0.9445 0.0036 -0.3284
vn -0.7473 0.1467 -0.6481
vn -0.7890 0.1007 0.6061
vn -0.7911 0.1113 0.6015
vn -0.7908 0.1017 0.6036
vn -0.9102 -0.3777 0.1701
vn -0.9102 -0.3776 0.1701
vn -0.9102 -0.3777 0.1700
vn 0.0354 0.5364 0.8432
vn -0.0089 0.5932 0.8050
vn -0.0360 0.6301 0.7757
vn -0.0163 0.9611 0.2759
vn -0.9510 -0.2717 -0.1475
vn 0.6081 -0.1759 -0.7742
vn 0.9195 -0.2206 -0.3252
vn 0.9562 -0.1035 -0.2736
vn 0.9305 -0.2100 -0.3001
vn 0.5438 0.7162 0.4375
vn 0.5264 0.7032 0.4779
vn 0.5348 0.7338 0.4190
vn -0.0315 -0.7063 0.7072
vn -0.9411 -0.0304 -0.3368
vn -0.9696 -0.1021 -0.2225
vn -0.9783 -0.1962 -0.0671
vn 0.3774 0.7503 -0.5428
vn 0.6411 0.5994 -0.4793
vn 0.6645 0.5733 -0.4794
vn 0.6608 0.5703 -0.4880
vn -0.1019 0.7030 -0.7038
vn 0.0552 0.6043 -0.7948
vn -0.6085 0.1618 -0.7769
vn -0.3205 0.1932 -0.9273
vn -0.3834 0.1921 -0.9034
vn 0.0993 0.2273 -0.9687
vn -0.1444 0.7776 -0.6119
vn -0.2105 0.5333 -0.8193
vn -0.1888 0.5630 -0.8046
vn -0.1889 0.5630 -0.8046
vn -0.1098 0.2239 0.9684
vn -0.1486 0.2718 0.9508
vn -0.1213 0.2625 0.9573
vn 0.1633 0.3378 0.9269
vn 0.0926 0.4201 0.9027
vn 0.1416 0.2975 0.9442
vn -0.3033 0.2115 0.9291
vn -0.3068 0.3284 0.8933
vn -0.3067 0.2862 0.9078
vn -0.0481 0.3710 0.9274
vn -0.0507 0.4076 0.9118
vn -0.0656 0.3877 0.9195
vn -0.5237 0.0688 0.8491
vn -0.5307 0.0881 0.8430
vn -0.5231 0.0998 0.8464
vn -0.3036 0.4566 0.8362
vn -0.3333 0.4401 0.8338
vn -0.3344 0.4231 0.8421
vn 0.0050 0.9022 0.4314
vn 0.0132 0.8958 0.4444
vn 0.0136 0.9040 0.4274
vn -0.9166 -0.2710 -0.2940
vn -0.9714 -0.1152 -0.2075
vn -0.8072 -0.1538 -0.5699
vn 0.2498 -0.0721 0.9656
vn 0.2501 -0.0629 0.9662
vn 0.0646 -0.0617 0.9960
vn -0.1163 -0.0508 0.9919
vn -0.3100 -0.0823 0.9472
vn -0.5182 -0.1805 0.8360
vn -0.6984 -0.3528 0.6228
vn -0.7147 -0.6599 0.2316
vn -0.6397 -0.7685 -0.0118
vn -0.5291 -0.7597 -0.3779
vn -0.2909 -0.5093 -0.8099
vn -0.1406 -0.2186 -0.9656
vn -0.0936 -0.0463 -0.9945
vn -0.0627 -0.0099 -0.9980
vn -0.0504 -0.0087 -0.9987
vn -0.0502 -0.0087 -0.9987
vn 0.2089 -0.2437 -0.9471
vn 0.4940 -0.1766 -0.8513
vn 0.7284 -0.3514 -0.5882
vn 0.6903 -0.6004 -0.4037
vn 0.8560 -0.5125 -0.0683
vn 0.8511 -0.5211 -0.0644
vn 0.8514 -0.5205 -0.0652
vn 0.9006 -0.3517 0.2556
vn 0.9009 -0.3502 0.2563
vn 0.9010 -0.3506 0.2556
vn 0.8231 -0.1838 0.5374
vn 0.8258 -0.1581 0.5413
vn 0.8235 -0.1668 0.5422
vn 0.6580 -0.0499 0.7514
vn 0.6561 -0.0472 0.7532
vn 0.6542 -0.0531 0.7545
vn 0.4560 -0.0025 0.8900
vn 0.4542 -0.0068 0.8909
vn 0.4528 -0.0119 0.8915
vn -0.0136 -0.9995 -0.0284
vn -0.0375 0.9406 0.3376
vn 0.3675 0.6209 0.6924
vn 0.2360 -0.8347 0.4975
vn -0.6805 -0.7324 0.0204
vn -0.6995 0.7082 0.0954
vn -0.1890 0.8276 0.5285
vn 0.6927 -0.6617 0.2871
vn 0.4087 -0.6865 -0.6014
vn -0.0394 0.2944 0.9549
vn 0.7513 -0.6179 0.2319
vn -0.2994 0.2992 0.9060
vn 0.7313 0.0891 0.6762
vn -0.1020 -0.8182 -0.5658
vn -0.8914 -0.3200 0.3210
vn -0.7104 -0.6545 -0.2587
vn 0.2585 0.8012 0.5396
vn -0.3482 0.1952 0.9169
vn 0.4575 -0.8820 -0.1129
vn -0.0419 0.3945 0.9179
vn 0.8787 -0.3682 0.3038
vn 0.7381 0.3832 0.5553
vn -0.6283 -0.7774 -0.0299
vn -0.0803 -0.9056 -0.4164
vn -0.0806 -0.9330 -0.3507
vn -0.0707 -0.9214 -0.3821
vn 0.0217 -0.9427 -0.3330
vn 0.5968 -0.8007 -0.0515
vn 0.2901 0.6958 0.6570
vn -0.2095 0.3554 0.9110
vn 0.8930 0.0065 0.4500
vn -0.6258 -0.7739 0.0973
vn 0.0558 0.4279 0.9021
vn 0.9077 0.3307 0.2583
vn 0.9136 0.3181 0.2532
vn 0.9086 0.3335 0.2513
vn 0.3071 0.4850 0.8188
vn 0.4413 0.3258 0.8361
vn 0.4385 0.2958 0.8487
vn 0.4455 0.3629 0.8184
vn 0.4437 0.3631 0.8193
vn 0.1956 -0.9803 -0.0269
vn 0.1932 -0.9809 -0.0242
vn 0.1932 -0.9811 -0.0131
vn 0.2111 -0.9773 -0.0181
vn 0.2089 -0.9778 -0.0156
vn 0.2089 -0.9779 -0.0118
vn 0.5327 -0.8377 -0.1204
vn 0.2948 -0.9545 -0.0459
vn 0.2131 -0.9769 -0.0127
vn 0.1846 -0.9827 -0.0120
vn 0.1870 -0.9823 -0.0111
vn 0.1916 -0.9814 -0.0122
vn 0.6352 -0.7721 0.0185
vn 0.7599 -0.6481 -0.0504
vn 0.7400 -0.6576 -0.1416
vn 0.7080 -0.6896 -0.1522
vn -0.1743 -0.9656 0.1928
vn 0.1027 -0.9941 0.0364
vn -0.5071 -0.7793 0.3682
vn -0.5118 -0.7730 0.3748
vn -0.0768 -0.9494 0.3047
vn -0.2346 -0.8378 0.4931
vn -0.0337 -0.9687 0.2461
vn 0.7635 -0.6349 0.1185
vn 0.7832 -0.6198 0.0493
vn 0.4718 -0.8577 0.2045
vn 0.5976 -0.6366 0.4874
vn 0.6539 -0.6145 0.4413
vn 0.0636 -0.9426 0.3277
vn 0.0350 -0.7893 0.6131
vn 0.0393 -0.8007 0.5978
vn 0.2318 -0.8283 0.5102
vn 0.2551 -0.7984 0.5454
vn 0.2152 -0.8478 0.4848
vn -0.0001 -0.9566 0.2914
vn -0.1067 -0.8101 0.5764
vn 0.0430 -0.9561 0.2900
vn 0.1815 -0.7330 0.6556
vn 0.1815 -0.7330 0.6555
vn 0.1865 -0.9824 -0.0113
vn 0.5339 -0.6842 0.4969
vn 0.4551 -0.7650 0.4557
vn 0.5462 -0.6703 0.5024
vn 0.6888 -0.6438 0.3334
vn 0.4590 -0.8792 0.1281
vn 0.2085 -0.9780 -0.0097
vn 0.1987 -0.9798 -0.0242
vn 0.1947 -0.9804 -0.0285
vn -0.4464 -0.8161 0.3670
vn -0.0983 -0.9801 0.1722
vn 0.1835 -0.9829 -0.0167
vn 0.1841 -0.9828 -0.0144
vn 0.1885 -0.9818 -0.0219
vn 0.1881 -0.9819 -0.0207
vn 0.7709 -0.5617 -0.3004
vn 0.7829 -0.5362 -0.3155
vn 0.1921 -0.9813 -0.0148
vn 0.2067 -0.9782 -0.0176
vn 0.1869 -0.9823 -0.0130
vn 0.1998 -0.9792 -0.0363
vn 0.2005 -0.9790 -0.0353
vn 0.2011 -0.9792 -0.0268
vn 0.1790 -0.9834 -0.0284
vn 0.2047 -0.9778 -0.0435
vn 0.5093 -0.8556 0.0929
vn 0.5066 -0.8613 0.0396
vn 0.1995 -0.9791 -0.0407
vn 0.2014 -0.9786 -0.0417
vn 0.1700 -0.9846 -0.0400
vn 0.1819 -0.9827 -0.0341
vn 0.1917 -0.9808 -0.0367
vn 0.1905 -0.9810 -0.0363
vn 0.1859 -0.9820 -0.0336
vn 0.1808 -0.9829 -0.0345
vn 0.1949 -0.9801 -0.0372
vn 0.1985 -0.9800 -0.0159
vn 0.1991 -0.9799 -0.0149
vn -0.1106 -0.9770 0.1823
vn 0.1869 -0.9821 -0.0221
vn 0.2017 -0.9790 -0.0280
vn 0.5100 0.0393 -0.8593
vn 0.8010 0.0967 0.5908
vn 0.8072 0.0880 0.5837
vn 0.8141 0.1118 0.5698
vn 0.4297 0.0774 0.8996
vn -0.6848 -0.5025 -0.5278
vn -0.0223 0.0320 -0.9992
vn 0.9493 0.1060 0.2959
vn -0.5647 -0.1265 0.8155
vn -0.3137 -0.0547 0.9480
vn 0.6132 0.0735 0.7865
vn 0.6127 0.0766 0.7866
vn -0.5061 -0.2778 -0.8165
vn -0.0996 -0.0183 0.9949
vn -0.1025 -0.0219 0.9945
vn 0.9931 0.0878 -0.0776
vn 0.9929 0.0823 -0.0855
vn 0.9914 0.0905 -0.0945
vn 0.2388 0.0455 0.9700
vn -0.7757 -0.2371 0.5849
vn -0.7777 -0.2418 0.5803
vn 0.0757 0.0017 0.9971
vn -0.3003 -0.0568 -0.9522
vn -0.3003 -0.0567 -0.9522
vn -0.1458 0.0366 -0.9886
vn 0.2680 -0.0048 -0.9634
vn 0.7273 0.0505 -0.6845
vn -0.7785 -0.2202 0.5877
vn -0.7785 -0.2201 0.5878
vn -0.7768 -0.2149 0.5920
vn -0.5286 -0.1961 -0.8259
vn -0.1514 0.0700 -0.9860
vn -0.1513 0.0700 -0.9860
vn 0.2378 0.1488 -0.9598
vn 0.6976 0.2094 -0.6852
vn -0.7804 -0.2710 -0.5635
vn 0.9787 0.1874 -0.0833
vn 0.9790 0.1875 -0.0798
vn 0.9795 0.1858 -0.0782
vn -0.9285 -0.2665 0.2586
vn -0.5621 -0.1400 0.8151
vn 0.9370 0.1595 0.3108
vn 0.9371 0.1600 0.3103
vn 0.5951 0.1670 0.7861
vn 0.5951 0.1669 0.7861
vn 0.5948 0.1664 0.7865
vn -0.1027 0.0016 0.9947
vn -0.1003 0.0055 0.9949
vn 0.2368 0.1182 0.9643
vn -0.3003 -0.0569 -0.9522
vn -0.3128 -0.0702 0.9472
vn 0.0654 0.0636 0.9958
vn -0.9360 -0.2708 -0.2249
vn 0.4002 0.1574 0.9028
vn 0.7891 0.1635 0.5921
vn 0.4822 0.1782 -0.8578
vn -0.0410 0.1340 -0.9901
vn -0.0045 0.2249 -0.9744
vn 0.4991 0.1711 -0.8495
vn 0.9199 0.1454 -0.3643
vn 0.8068 0.1673 0.5666
vn 0.4201 0.1624 0.8928
vn -0.9290 -0.2464 -0.2762
vn 0.0463 0.0429 0.9980
vn -0.3250 -0.1102 0.9393
vn -0.3218 -0.1066 0.9408
vn -0.3979 0.0654 -0.9151
vn 0.2084 0.1263 0.9699
vn -0.1247 -0.0245 0.9919
vn -0.1214 -0.0187 0.9924
vn 0.6008 0.2161 0.7696
vn 0.9354 0.1899 0.2984
vn -0.5527 -0.1915 0.8111
vn -0.5500 -0.1861 0.8142
vn -0.9259 -0.2764 0.2576
vn 0.9915 0.1234 -0.0401
vn -0.7999 -0.1683 -0.5760
vn 0.7677 0.1441 -0.6245
vn 0.2459 0.2241 -0.9430
vn -0.2012 0.1723 -0.9643
vn -0.6095 -0.0615 -0.7904
vn -0.7862 -0.2412 0.5689
vn -0.7858 -0.2458 0.5676
vn 0.8934 0.1989 -0.4027
vn -0.8529 -0.4775 -0.2111
vn -0.9166 -0.3006 0.2636
vn 0.9131 0.0282 -0.4067
vn -0.1022 -0.1222 0.9872
vn -0.0104 -0.1353 -0.9907
vn 0.5047 -0.2046 0.8387
vn -0.2345 0.9417 0.2411
vn -0.0491 -0.9988 0.0088
vn -0.2863 -0.7737 0.5652
vn 0.1258 -0.0224 0.9918
vn 0.3966 -0.8310 -0.3902
vn 0.3903 -0.8229 -0.4129
vn 0.3867 -0.8223 -0.4175
vn 0.1798 -0.0875 0.9798
vn 0.1879 -0.0798 0.9789
vn 0.1812 -0.0861 0.9797
vn -0.1023 0.4921 -0.8645
vn 0.8804 -0.4692 0.0693
vn -0.0400 -0.6012 0.7981
vn -0.1304 0.3242 -0.9369
vn -0.1229 0.3397 -0.9325
vn -0.1233 0.3235 -0.9382
vn -0.4927 0.3893 0.7783
vn -0.5222 0.3987 0.7539
vn -0.5452 0.3501 0.7617
vn -0.2365 0.5989 0.7651
vn -0.2409 0.6021 0.7612
vn -0.2417 0.5859 0.7735
vn -0.6225 -0.7750 -0.1091
vn -0.6270 -0.7720 -0.1039
vn -0.6330 -0.7658 -0.1136
vn -0.2204 -0.1594 0.9623
vn -0.2200 -0.1586 0.9625
vn -0.6091 -0.7905 -0.0642
vn 0.9191 -0.0137 -0.3939
vn 0.8468 0.5161 0.1288
vn 0.2105 -0.8985 0.3852
vn -0.2598 -0.6884 -0.6772
vn -0.9087 0.1332 -0.3957
vn 0.5206 -0.7627 0.3838
vn -0.6853 -0.7264 -0.0515
vn -0.6854 -0.7264 -0.0515
vn 0.8964 -0.2737 -0.3485
vn 0.8946 -0.2904 -0.3397
vn 0.8635 -0.3230 -0.3873
vn -0.3035 -0.2789 0.9111
vn -0.3114 -0.2706 0.9110
vn -0.3295 -0.2314 0.9154
vn 0.1389 0.6035 -0.7852
vn 0.0592 0.9629 0.2632
vn -0.2677 0.8724 0.4090
vn -0.9001 -0.3815 0.2104
vn -0.2264 -0.9303 -0.2887
vn -0.1949 0.9298 0.3124
vn -0.5758 0.0976 -0.8118
vn 0.3037 -0.7972 -0.5217
vn 0.1624 0.4607 -0.8726
vn 0.1276 0.2540 0.9588
vn 0.1070 0.1996 0.9740
vn 0.1417 0.1608 0.9768
vn 0.0782 -0.4087 0.9093
vn -0.4354 0.5481 0.7141
vn -0.7624 -0.3971 0.5109
vn -0.3219 0.3235 -0.8898
vn -0.9153 0.0025 -0.4028
vn -0.5837 -0.7173 -0.3805
vn 0.9360 0.3290 0.1250
vn 0.9341 0.3082 0.1801
vn 0.9547 0.2461 0.1672
vn 0.8934 -0.2942 -0.3396
vn 0.6928 0.7212 -0.0028
vn 0.8037 0.5939 0.0371
vn 0.7963 0.6029 0.0482
vn 0.7998 0.5995 0.0287
vn 0.0620 -0.8886 0.4545
vn 0.7945 0.5902 0.1428
vn -0.8627 0.5045 0.0350
vn -0.9363 0.1866 0.2976
vn 0.7915 -0.1647 0.5885
vn -0.1308 -0.8751 -0.4659
vn -0.1222 -0.8723 -0.4735
vn -0.1145 -0.8789 -0.4631
vn -0.0731 -0.8627 -0.5004
vn -0.8658 -0.4113 -0.2850
vn -0.7099 -0.4198 -0.5656
vn -0.8784 -0.1012 -0.4671
vn -0.8649 -0.0811 -0.4953
vn -0.8443 -0.1896 -0.5013
vn 0.7718 -0.6227 0.1288
vn 0.7687 -0.6233 0.1435
vn 0.7538 -0.6459 0.1208
vn -0.5900 -0.4230 0.6877
vn 0.2021 -0.9792 0.0174
vn 0.2012 -0.9795 0.0110
vn 0.2007 -0.9796 0.0095
vn 0.7441 0.0107 -0.6680
vn 0.7475 0.0248 -0.6638
vn 0.7480 0.0082 -0.6636
vn 0.6544 -0.1726 0.7362
vn 0.7772 0.0030 0.6293
vn 0.8191 0.0925 0.5661
vn -0.8706 -0.4887 0.0576
vn -0.8728 0.0952 -0.4787
vn -0.2489 0.2807 0.9270
vn -0.0504 0.6725 0.7384
vn -0.8938 -0.0606 -0.4444
vn -0.3053 -0.2132 0.9281
vn -0.5499 -0.3412 0.7624
vn -0.5497 -0.3417 0.7623
vn -0.9819 0.1075 0.1558
vn -0.1917 -0.6097 0.7691
vn -0.8024 0.5002 0.3254
vn -0.1945 0.9408 0.2776
vn 0.6414 -0.0312 -0.7666
vn 0.6523 0.1705 -0.7386
vn 0.6364 0.1606 -0.7545
vn 0.4326 0.0544 0.8999
vn 0.8926 -0.3796 -0.2432
vn 0.8335 -0.4803 -0.2732
vn 0.9072 -0.3038 -0.2912
vn -0.2396 0.9629 0.1240
vn 0.8974 -0.3060 -0.3178
vn 0.9122 -0.2481 -0.3260
vn 0.7949 0.5754 -0.1926
vn 0.7955 0.5771 -0.1848
vn 0.8093 0.5610 -0.1744
vn -0.8951 0.3245 0.3058
vn -0.8887 0.3394 0.3081
vn -0.9062 0.2813 0.3158
vn 0.7475 0.1914 -0.6361
vn -0.2221 -0.6191 -0.7533
vn 0.8133 -0.4615 -0.3544
vn 0.7932 -0.4553 -0.4044
vn 0.7945 -0.4068 -0.4509
vn 0.9569 0.2400 0.1633
vn 0.9664 0.1846 0.1786
vn 0.9669 0.1733 0.1873
vn -0.4648 -0.8235 0.3252
vn -0.9681 -0.2495 -0.0239
vn 0.2374 0.8271 0.5094
vn 0.2406 0.8268 0.5084
vn 0.2444 0.8237 0.5116
vn -0.8487 -0.3921 0.3548
vn -0.2405 0.6177 0.7488
vn -0.2326 0.6140 0.7542
vn -0.2293 0.6361 0.7368
vn -0.0960 -0.9504 -0.2958
vn -0.1031 -0.9516 -0.2894
vn -0.1013 -0.9481 -0.3014
vn 0.8518 0.5234 -0.0236
vn 0.8515 0.5239 -0.0224
vn 0.8522 0.5228 -0.0210
vn -0.8237 -0.5639 0.0596
vn 0.8611 -0.5062 -0.0483
vn -0.4654 0.3308 0.8209
vn -0.4360 0.3441 0.8316
vn -0.4385 0.3644 0.8215
vn -0.5789 0.1195 -0.8066
vn 0.8932 0.3142 -0.3216
vn 0.9033 0.2716 -0.3322
vn 0.8969 0.2703 -0.3499
vn -0.0788 0.9676 0.2399
vn -0.0380 0.9492 0.3123
vn -0.0330 0.9447 0.3262
vn -0.9839 0.1357 -0.1164
vn 0.1875 -0.9438 -0.2723
vn 0.1596 -0.8948 -0.4170
vn 0.1407 -0.8840 -0.4458
vn -0.1761 0.1939 -0.9651
vn 0.8422 0.4792 -0.2473
vn 0.8464 0.2401 0.4753
vn 0.8625 0.2326 0.4494
vn 0.8509 0.2668 0.4526
vn 0.1896 0.9034 0.3847
vn -0.0774 0.5068 0.8586
vn -0.0980 0.4583 0.8834
vn -0.0941 0.4832 0.8704
vn -0.2368 0.7494 -0.6183
vn 0.8253 0.5362 0.1769
vn 0.2448 -0.9239 -0.2942
vn 0.2109 -0.0491 0.9763
vn 0.2378 -0.0542 0.9698
vn 0.2619 -0.0596 0.9633
vn -0.6747 -0.6258 0.3914
vn -0.6787 -0.6214 0.3915
vn -0.6912 -0.6069 0.3923
vn -0.3363 0.8593 0.3854
vn -0.3381 0.8588 0.3850
vn -0.3368 0.8581 0.3876
vn -0.2151 0.5589 0.8009
vn -0.1902 0.4824 0.8551
vn -0.1931 0.4242 0.8847
vn 0.3666 -0.0441 0.9293
vn 0.4122 -0.0625 0.9089
vn 0.4227 0.0328 0.9057
vn 0.7091 -0.4065 0.5762
vn 0.7140 -0.3869 0.5835
vn 0.6928 -0.3652 0.6218
vn -0.9512 -0.2872 0.1127
vn 0.4024 0.2343 0.8850
vn 0.3963 0.2576 0.8813
vn 0.3923 0.2725 0.8785
vn 0.5778 -0.6946 0.4285
vn -0.0134 0.9359 -0.3521
vn -0.1909 0.8970 0.3987
vn -0.2102 0.8927 0.3987
vn -0.2125 0.8923 0.3984
vn -0.3981 0.7701 -0.4985
vn 0.6041 -0.3494 -0.7162
vn -0.8251 -0.1041 0.5553
vn -0.8291 -0.1029 0.5496
vn -0.8294 -0.1291 0.5435
vn 0.9457 -0.0698 -0.3174
vn -0.9176 0.3781 0.1223
vn -0.1813 0.5877 -0.7885
vn -0.7750 0.2161 -0.5939
vn -0.7885 0.2749 -0.5501
vn -0.7938 0.3163 -0.5194
vn 0.5048 -0.8072 -0.3061
vn 0.5367 -0.8315 -0.1437
vn 0.5338 -0.8323 -0.1494
vn -0.1857 -0.1562 0.9701
vn -0.0109 -0.4893 -0.8721
vn -0.6004 0.7984 -0.0453
vn -0.6410 0.7542 -0.1425
vn -0.6468 0.7442 -0.1666
vn -0.7724 -0.6351 -0.0033
vn -0.7761 -0.6306 0.0020
vn -0.7760 -0.6307 -0.0015
vn 0.0675 -0.3490 -0.9347
vn -0.3493 -0.0725 -0.9342
vn -0.1177 0.2950 -0.9482
vn -0.6622 -0.5918 -0.4596
vn 0.8038 0.5790 0.1363
vn 0.7281 0.4643 0.5042
vn 0.9139 -0.3378 -0.2251
vn 0.9141 -0.3374 -0.2251
vn 0.9140 -0.3377 -0.2251
vn -0.2675 0.6706 -0.6919
vn 0.1256 -0.8523 0.5077
vn -0.3691 0.2597 -0.8924
vn 0.5212 0.5042 -0.6886
vn -0.8896 -0.4562 0.0222
vn -0.8928 -0.4498 0.0236
vn -0.8930 -0.4493 0.0265
vn 0.1824 -0.8423 -0.5073
vn 0.0037 -0.9851 0.1721
vn 0.3036 0.8165 0.4911
vn -0.4661 -0.5020 -0.7285
vn 0.4149 0.0335 -0.9093
vn 0.4054 -0.0075 -0.9141
vn 0.3086 0.1507 -0.9392
vn 0.6133 -0.0187 0.7896
vn -0.7949 -0.3467 0.4979
vn -0.9149 0.2474 0.3190
vn 0.9197 -0.0587 -0.3881
vn -0.9809 0.0494 0.1883
vn 0.3676 -0.0771 0.9268
vn 0.3725 -0.0686 0.9255
vn 0.3657 -0.0762 0.9276
vn -0.0864 -0.7499 0.6559
vn -0.0865 -0.7499 0.6559
vn -0.0865 -0.7498 0.6559
vn -0.1104 0.2570 -0.9601
vn 0.3278 0.0516 0.9433
vn 0.3674 0.0740 0.9271
vn 0.3538 0.0654 0.9330
vn 0.6415 0.0784 -0.7631
vn -0.0054 0.3018 -0.9534
vn 0.9147 -0.2943 -0.2769
vn 0.9110 -0.2962 -0.2868
vn 0.9098 -0.2890 -0.2979
vn -0.1024 0.3970 -0.9121
vn 0.5368 0.7118 -0.4530
vn -0.3270 0.8735 0.3607
vn 0.1314 -0.9715 0.1975
vn 0.2617 -0.6453 -0.7177
vn 0.2618 -0.6453 -0.7177
vn -0.5872 0.4430 -0.6774
vn -0.5921 0.5325 -0.6049
vn -0.5899 0.5603 -0.5815
vn -0.2160 0.1801 0.9596
vn -0.2300 0.1680 0.9586
vn -0.2271 0.1728 0.9584
vn -0.9707 -0.2074 -0.1216
vn -0.8780 -0.4683 -0.0992
vn -0.7310 -0.6769 -0.0869
vn -0.4662 0.5409 -0.7001
vn -0.4703 0.4932 -0.7318
vn -0.4742 0.4839 -0.7355
vn 0.0637 0.9637 -0.2591
vn 0.0658 0.9650 -0.2538
vn 0.0826 0.9799 -0.1814
vn 0.1629 0.9536 0.2532
vn 0.0352 0.2584 -0.9654
vn 0.2110 -0.5147 0.8310
vn -0.0245 0.1571 0.9873
vn -0.0170 0.1541 0.9879
vn -0.0164 0.1764 0.9842
vn -0.5751 -0.2729 -0.7712
vn -0.6178 0.0630 0.7838
vn -0.2903 0.9507 -0.1086
vn -0.2949 0.9392 -0.1760
vn -0.2917 0.9417 -0.1677
vn -0.2241 -0.1932 0.9552
vn -0.2224 -0.1904 0.9562
vn -0.2282 -0.1790 0.9570
vn -0.8824 0.1611 0.4421
vn 0.8759 -0.1536 0.4573
vn -0.0709 -0.9550 -0.2880
vn -0.0671 -0.9544 -0.2909
vn -0.0637 -0.9583 -0.2787
vn 0.2328 -0.9714 -0.0460
vn -0.5394 -0.2479 0.8048
vn -0.4046 0.4972 -0.7675
vn 0.2038 0.0897 0.9749
vn 0.1839 0.0932 0.9785
vn 0.1676 0.1132 0.9793
vn -0.8622 0.0322 0.5055
vn 0.2605 -0.6589 -0.7057
vn 0.2529 -0.6546 -0.7125
vn 0.2947 -0.7074 -0.6424
vn 0.2253 0.2762 -0.9343
vn 0.8372 0.3913 0.3821
vn 0.8464 0.3602 0.3922
vn 0.8690 0.3356 0.3635
vn 0.0638 -0.6422 0.7639
vn -0.7695 -0.2668 0.5802
vn -0.7732 -0.2642 0.5766
vn -0.7750 -0.2674 0.5726
vn 0.2165 0.4821 0.8489
vn 0.1909 0.5654 0.8025
vn 0.1483 0.6518 0.7437
vn -0.1439 0.4161 -0.8979
vn 0.3579 0.2502 -0.8996
vn 0.2787 -0.1199 0.9529
vn 0.3424 -0.1275 0.9309
vn 0.4024 -0.0869 0.9113
vn 0.1070 0.8314 -0.5453
vn 0.0926 0.8579 -0.5054
vn 0.0868 0.8680 -0.4888
vn -0.8084 0.1291 0.5744
vn -0.8106 0.1441 0.5675
vn -0.8134 0.1529 0.5612
vn 0.5130 -0.5778 0.6348
vn -0.9110 0.4084 0.0575
vn 0.0256 0.0338 0.9991
vn 0.0778 0.0265 0.9966
vn 0.1067 -0.0070 0.9943
vn -0.2614 0.9437 0.2028
vn -0.2686 0.9551 0.1247
vn -0.2687 0.9583 0.0968
vn 0.8352 -0.3816 0.3960
vn 0.8418 -0.3675 0.3953
vn 0.8303 -0.3829 0.4050
vn 0.1082 0.5387 -0.8355
vn -0.3827 0.9175 0.1086
vn 0.4917 -0.0606 -0.8687
vn 0.3763 -0.7891 -0.4854
vn 0.1134 -0.9095 0.3999
vn -0.2074 -0.1316 0.9694
vn -0.2119 -0.1363 0.9678
vn -0.2103 -0.1375 0.9679
vn -0.7921 -0.3917 0.4682
vn -0.7931 -0.3900 0.4678
vn -0.7947 -0.3888 0.4662
vn -0.0874 -0.8273 -0.5549
vn -0.0813 -0.8243 -0.5603
vn -0.0652 -0.8653 -0.4969
vn 0.8769 -0.4532 -0.1599
vn 0.8628 -0.4808 -0.1566
vn 0.8518 -0.4990 -0.1594
vn -0.0062 -0.1262 -0.9920
vn -0.1575 -0.1255 0.9795
vn -0.1598 -0.1256 0.9791
vn -0.1621 -0.1235 0.9790
vn 0.3409 0.3600 0.8684
vn 0.8934 0.2930 -0.3406
vn 0.8924 0.3155 -0.3226
vn 0.8906 0.3203 -0.3228
vn -0.9188 -0.3883 -0.0714
vn 0.7676 -0.0977 -0.6334
vn 0.1532 0.0751 0.9853
vn -0.0868 -0.0677 -0.9939
vn -0.4278 -0.3592 0.8294
vn -0.0618 -0.1247 0.9903
vn 0.1339 -0.5577 -0.8192
vn -0.6530 0.2422 -0.7176
vn -0.8133 -0.3066 0.4946
vn -0.8145 -0.3049 0.4935
vn -0.8151 -0.3066 0.4915
vn 0.1118 0.9258 0.3612
vn 0.1120 0.2243 -0.9681
vn -0.0583 0.4278 -0.9020
vn -0.9739 -0.2164 0.0689
vn -0.9942 -0.0917 -0.0562
vn -0.6791 0.3548 -0.6426
vn 0.9190 -0.1879 -0.3465
vn 0.6093 0.1426 0.7800
vn -0.0787 -0.9248 -0.3721
vn 0.4451 0.7845 -0.4318
vn 0.4561 0.8191 -0.3480
vn 0.4408 0.8299 -0.3419
vn 0.8116 0.1061 0.5745
vn 0.8048 0.0897 0.5867
vn 0.8143 0.1133 0.5692
vn 0.0334 -0.0528 0.9980
vn 0.0402 -0.0567 0.9976
vn 0.0486 -0.0589 0.9971
vn -0.7230 -0.6908 -0.0126
vn -0.3524 0.0217 0.9356
vn -0.3589 0.0248 0.9330
vn -0.3583 0.0067 0.9336
vn -0.1933 -0.1732 0.9657
vn 0.8277 -0.4918 0.2703
vn 0.8285 -0.4894 0.2721
vn -0.0323 -0.1129 0.9931
vn -0.0410 -0.1127 0.9928
vn -0.0488 -0.1160 0.9921
vn 0.2574 -0.4797 -0.8389
vn 0.1794 -0.0914 -0.9795
vn 0.7835 0.5274 0.3286
vn -0.1896 0.5167 0.8349
vn -0.1958 0.5169 0.8334
vn -0.1930 0.4935 0.8480
vn -0.5424 0.3177 -0.7777
vn -0.9590 0.1712 0.2260
vn 0.0450 -0.0574 0.9973
vn 0.5752 0.7746 0.2631
vn 0.4949 0.8277 0.2644
vn 0.5219 0.8465 0.1052
vn -0.1973 0.6948 0.6916
vn -0.2160 0.7359 0.6418
vn -0.2278 0.7530 0.6173
vn -0.4558 0.7541 -0.4728
vn -0.4536 0.7962 -0.4003
vn -0.4570 0.7978 -0.3934
vn -0.5855 -0.3989 0.7057
vn 0.1583 0.9791 -0.1273
vn 0.1707 0.9794 -0.1079
vn 0.1984 0.9668 -0.1608
vn -0.6840 -0.7121 -0.1580
vn -0.6992 -0.6977 -0.1558
vn -0.7016 -0.6935 -0.1637
vn -0.3580 -0.2467 0.9005
vn -0.5073 -0.3587 0.7835
vn 0.0452 0.9875 -0.1513
vn -0.7988 0.1625 0.5793
vn -0.8017 0.1619 0.5754
vn -0.8032 0.1475 0.5772
vn -0.8885 0.0123 -0.4586
vn -0.8892 -0.0059 -0.4575
vn -0.8969 0.0011 -0.4422
vn 0.0264 -0.4481 -0.8936
vn 0.4665 0.5456 -0.6962
vn -0.3557 -0.2210 0.9081
vn -0.4822 0.2696 -0.8335
vn -0.8809 0.1605 -0.4453
vn -0.8809 0.1606 -0.4452
vn -0.8809 0.1606 -0.4453
vn -0.0487 -0.9223 0.3834
vn 0.4903 0.0449 -0.8704
vn 0.4840 0.0489 -0.8737
vn 0.4824 0.0715 -0.8730
vn 0.8798 0.2134 -0.4247
vn 0.8732 0.2204 -0.4347
vn 0.8721 0.2413 -0.4257
vn 0.1068 -0.2593 -0.9599
vn 0.5377 -0.2027 0.8184
vn 0.5404 -0.1961 0.8182
vn 0.5345 -0.2028 0.8205
vn 0.4841 -0.0205 -0.8748
vn 0.4935 -0.0154 -0.8696
vn 0.5000 -0.0078 -0.8660
vn -0.7240 0.3055 -0.6185
vn -0.0922 0.3594 0.9286
vn -0.1778 0.3656 0.9136
vn -0.1262 0.3705 0.9202
vn 0.0130 -0.0427 0.9990
vn 0.0140 -0.0624 0.9980
vn 0.0145 -0.0712 0.9974
vn 0.4769 0.7648 -0.4331
vn 0.4951 -0.1649 0.8530
vn 0.5334 -0.2564 0.8061
vn 0.5729 -0.2786 0.7708
vn 0.7135 0.6906 0.1182
vn 0.7206 0.6831 0.1187
vn 0.7156 0.6881 0.1198
vn -0.6905 -0.5709 0.4442
vn -0.7322 -0.4932 0.4697
vn 0.8648 -0.4937 -0.0915
vn 0.8955 -0.3875 -0.2191
vn -0.1736 -0.1304 0.9761
vn 0.8401 -0.2713 0.4696
vn 0.1388 -0.5219 -0.8416
vn 0.3805 -0.9076 -0.1773
vn -0.2303 -0.1708 0.9580
vn 0.3874 -0.8184 -0.4245
vn 0.3832 -0.8159 -0.4331
vn 0.3821 -0.8146 -0.4364
vn -0.0721 -0.8890 -0.4522
vn -0.0475 -0.9192 -0.3908
vn -0.0398 -0.9271 -0.3728
vn 0.2576 0.3896 -0.8842
vn 0.4158 -0.0096 0.9094
vn 0.4360 0.0240 0.8996
vn 0.4119 0.0028 0.9112
vn -0.2673 -0.1493 0.9520
vn -0.2744 -0.1495 0.9499
vn -0.2784 -0.1536 0.9481
vn -0.6366 0.7279 -0.2547
vn -0.6316 0.7310 -0.2584
vn -0.6406 0.7133 -0.2843
vn 0.1353 0.3729 -0.9180
vn -0.1987 -0.7758 -0.5989
vn -0.1932 -0.7701 -0.6080
vn -0.1797 -0.7958 -0.5783
vn 0.6895 0.0253 -0.7238
vn 0.1860 0.5303 -0.8272
vn 0.1962 0.5298 -0.8251
vn 0.2066 0.5185 -0.8298
vn 0.8416 -0.5393 -0.0291
vn 0.8493 -0.5272 -0.0270
vn 0.8407 -0.5412 -0.0177
vn 0.9931 0.0826 -0.0829
vn 0.9887 0.1460 -0.0354
vn 0.5053 -0.8309 -0.2331
vn 0.8918 0.4453 -0.0796
vn -0.1065 0.3793 -0.9191
vn -0.0459 0.9975 0.0544
vn -0.8332 -0.0953 0.5446
vn -0.8332 -0.0652 0.5491
vn -0.1806 -0.1399 0.9736
vn 0.0307 0.2432 -0.9695
vn -0.8830 -0.3775 0.2790
vn -0.3719 0.5544 -0.7445
vn -0.3582 0.5655 -0.7429
vn -0.3584 0.4931 -0.7928
vn 0.3024 -0.6250 -0.7197
vn 0.9513 -0.2976 -0.0804
vn 0.9473 -0.3097 -0.0819
vn 0.9514 -0.2930 -0.0951
vn -0.0515 -0.0799 0.9955
vn -0.0456 -0.0792 0.9958
vn -0.0423 -0.0776 0.9961
vn 0.6367 0.7575 0.1443
vn 0.6454 0.7518 0.1351
vn 0.6463 0.7453 0.1636
vn -0.1237 -0.1066 0.9866
vn -0.8689 -0.0357 0.4937
vn -0.0080 0.2359 -0.9718
vn -0.0286 -0.0350 0.9990
vn -0.0467 -0.0132 0.9988
vn -0.0666 0.0428 0.9969
vn -0.1659 -0.1644 0.9723
vn -0.1826 -0.1634 0.9695
vn -0.1951 -0.1667 0.9665
vn -0.7729 0.5659 0.2870
vn -0.7730 0.5659 0.2868
vn -0.7729 0.5659 0.2869
vn -0.2677 -0.1426 0.9529
vn -0.8475 0.1463 -0.5102
vn -0.0474 -0.2028 -0.9781
vn -0.2264 -0.3575 -0.9060
vn -0.2138 0.4696 -0.8566
vn -0.2745 0.7693 0.5769
vn -0.2804 0.6901 0.6672
vn -0.2770 0.6435 0.7135
vn 0.0539 -0.0913 0.9944
vn -0.1679 -0.7579 -0.6304
vn -0.9788 -0.1950 -0.0626
vn -0.4202 -0.2370 0.8759
vn -0.1241 -0.1014 0.9871
vn -0.1231 -0.1114 0.9861
vn -0.1258 -0.1195 0.9848
vn 0.8203 0.2957 -0.4896
vn 0.0522 -0.1151 0.9920
vn 0.0659 -0.1085 0.9919
vn 0.0640 -0.1092 0.9920
vn -0.6447 -0.7565 0.1095
vn -0.6583 -0.7457 0.1028
vn -0.6590 -0.7453 0.1013
vn 0.1319 0.8341 -0.5357
vn 0.1211 0.8301 -0.5444
vn 0.1235 0.8563 -0.5016
vn 0.2291 -0.2769 -0.9332
vn -0.1602 -0.5148 -0.8422
vn -0.2340 0.4952 -0.8366
vn -0.9949 -0.0868 0.0505
vn 0.9678 0.0466 -0.2475
vn 0.7429 0.2780 0.6090
vn 0.7759 0.2672 0.5715
vn 0.7687 0.2848 0.5728
vn -0.0508 -0.9943 -0.0939
vn -0.0516 -0.9944 -0.0924
vn -0.0533 -0.9939 -0.0966
vn 0.1370 -0.3778 -0.9157
vn 0.0032 0.0516 -0.9987
vn -0.1870 -0.0005 -0.9824
vn -0.3190 -0.4074 -0.8558
vn -0.2775 0.0387 -0.9599
vn -0.5784 0.8079 0.1133
vn -0.3229 0.1426 -0.9356
vn -0.0648 -0.0835 0.9944
vn -0.0573 -0.0824 0.9950
vn -0.0548 -0.0789 0.9954
vn 0.2505 0.5254 -0.8132
vn 0.2178 -0.0485 0.9748
vn 0.3212 -0.2504 0.9133
vn 0.3532 -0.2612 0.8983
vn 0.3876 -0.2847 0.8768
vn -0.1204 0.2196 -0.9681
vn -0.0634 0.5616 0.8250
vn -0.9444 -0.3112 0.1063
vn -0.9346 -0.3542 0.0312
vn -0.3285 0.4608 -0.8245
vn 0.1945 -0.0652 0.9787
vn 0.1991 -0.0611 0.9781
vn 0.1961 -0.0636 0.9785
vn -0.1527 -0.1551 0.9760
vn -0.1526 -0.1541 0.9762
vn -0.1540 -0.1529 0.9762
vn 0.4649 0.0019 -0.8854
vn 0.2648 -0.5190 -0.8127
vn 0.0695 0.0504 -0.9963
vn 0.0701 -0.0798 0.9943
vn 0.0938 -0.0698 0.9931
vn 0.0928 -0.0712 0.9931
vn 0.6123 0.7561 -0.2311
vn 0.6340 0.7711 0.0582
vn -0.2734 -0.1936 0.9422
vn -0.2734 -0.1945 0.9420
vn -0.2707 -0.2009 0.9415
vn -0.8880 0.4232 -0.1798
vn -0.8730 0.4492 -0.1903
vn -0.8723 0.4444 -0.2039
vn -0.2278 0.1664 0.9594
vn -0.2396 0.1813 0.9538
vn -0.2555 0.1623 0.9531
vn -0.0652 -0.1279 0.9896
vn -0.7865 0.5784 0.2167
vn -0.7958 0.5780 0.1805
vn -0.7973 0.5804 0.1655
vn -0.6844 -0.7256 -0.0709
vn 0.6479 0.1007 0.7550
vn 0.6745 0.1392 0.7251
vn 0.6466 0.0982 0.7565
vn 0.8576 -0.1078 0.5029
vn 0.8681 -0.1245 0.4805
vn 0.8869 -0.0666 0.4572
vn -0.6994 -0.5673 0.4348
vn -0.0826 -0.1030 0.9912
vn 0.3594 -0.1511 0.9209
vn 0.3626 -0.1468 0.9203
vn 0.3588 -0.1470 0.9218
vn -0.7058 -0.3758 -0.6005
vn 0.0172 0.2398 -0.9707
vn 0.9830 0.0125 -0.1833
vn 0.9819 -0.0172 -0.1888
vn 0.9783 0.0156 -0.2068
vn -0.7424 -0.6415 -0.1930
vn -0.7576 -0.6130 -0.2240
vn -0.7565 -0.6154 -0.2215
vn 0.1122 0.7044 -0.7009
vn 0.3010 -0.5843 0.7537
vn 0.5338 -0.2792 -0.7982
vn -0.3581 0.5231 -0.7734
vn 0.4533 -0.1982 0.8690
vn 0.4522 -0.2050 0.8681
vn 0.4592 -0.2326 0.8573
vn -0.0789 0.1427 -0.9866
vn 0.7476 -0.3498 0.5646
vn 0.7438 -0.3704 0.5564
vn 0.7658 -0.3418 0.5447
vn -0.2983 -0.5329 -0.7919
vn -0.3394 0.5995 0.7249
vn -0.3247 0.7398 0.5893
vn -0.3198 0.7840 0.5320
vn 0.5103 0.0913 0.8551
vn 0.5333 0.1247 0.8367
vn 0.5104 0.0995 0.8541
vn 0.8768 -0.3448 -0.3350
vn 0.8769 -0.3448 -0.3350
vn 0.1850 -0.0224 -0.9825
vn 0.2714 -0.0251 0.9621
vn -0.0050 0.2392 -0.9710
vn 0.5669 -0.0679 0.8210
vn 0.5736 -0.0502 0.8176
vn 0.5595 -0.0683 0.8260
vn 0.0869 -0.0685 0.9939
vn 0.1907 0.9815 0.0175
vn 0.1621 0.9666 0.1984
vn 0.1772 0.9633 0.2018
vn -0.2390 -0.1943 0.9514
vn -0.2382 -0.2003 0.9503
vn -0.2407 -0.1893 0.9520
vn -0.7146 -0.6996 -0.0052
vn -0.4157 0.6630 0.6227
vn -0.9966 0.0822 0.0004
vn 0.1022 -0.9903 0.0939
vn 0.0437 -0.1977 -0.9793
vn -0.1310 0.0439 -0.9904
vn -0.1735 0.0938 -0.9804
vn -0.0441 0.0873 0.9952
vn 0.6328 0.7731 0.0436
vn -0.4420 0.7915 0.4222
vn -0.4346 0.7900 0.4325
vn -0.4376 0.8170 0.3755
vn 0.3455 -0.7727 -0.5325
vn 0.8965 0.1948 -0.3980
vn -0.8139 -0.5785 0.0534
vn -0.6423 -0.1373 0.7541
vn 0.5010 -0.8435 -0.1935
vn 0.7320 -0.3750 -0.5689
vn -0.3445 0.8024 -0.4874
vn -0.3550 0.7684 -0.5325
vn -0.3633 0.7512 -0.5511
vn -0.9974 0.0488 0.0538
vn 0.8037 0.5948 0.0172
vn 0.0991 -0.4999 -0.8604
vn -0.6411 0.1387 0.7548
vn -0.6381 0.1391 0.7573
vn -0.8044 0.1620 0.5716
vn 0.5121 0.1086 -0.8520
vn 0.3225 -0.7843 -0.5300
vn 0.2928 -0.7453 -0.5990
vn 0.2807 -0.7386 -0.6130
vn -0.1639 0.7573 0.6322
vn -0.5290 -0.8441 -0.0872
vn -0.5166 -0.8488 -0.1124
vn -0.4904 -0.8482 -0.2002
vn -0.2133 -0.4949 -0.8424
vn -0.2023 -0.4766 -0.8555
vn -0.1624 -0.5682 -0.8067
vn 0.7463 -0.6608 0.0796
vn 0.7452 -0.6613 0.0860
vn -0.6621 -0.2450 -0.7082
vn -0.4497 0.4965 -0.7424
vn -0.4682 0.5412 -0.6985
vn -0.4759 0.5548 -0.6824
vn -0.1323 -0.9249 0.3566
vn 0.1498 0.0199 0.9885
vn 0.6505 -0.6537 -0.3867
vn -0.9793 0.1839 0.0851
vn 0.8572 0.3456 -0.3817
vn 0.8713 0.3057 -0.3839
vn 0.8661 0.2766 -0.4163
vn 0.2448 -0.2600 -0.9341
vn -0.3879 0.6670 -0.6361
vn -0.3837 0.6677 -0.6379
vn -0.3836 0.6651 -0.6408
vn -0.8795 0.4743 -0.0378
vn -0.8800 0.4727 -0.0451
vn -0.8926 0.4456 -0.0685
vn 0.0679 -0.7594 0.6471
vn -0.4325 0.2260 -0.8729
vn 0.5909 0.0835 -0.8024
vn 0.6167 0.1051 -0.7801
vn 0.6126 0.0365 -0.7896
vn -0.5962 -0.7928 0.1268
vn -0.0557 -0.9606 -0.2724
vn -0.0561 -0.9606 -0.2722
vn -0.0559 -0.9606 -0.2724
vn -0.7396 -0.6649 0.1045
vn 0.8778 0.3503 0.3267
vn 0.9095 0.2030 0.3627
vn 0.9107 0.1473 0.3859
vn -0.9823 -0.1608 0.0960
vn 0.4961 -0.8016 0.3338
vn 0.0128 0.9981 0.0600
vn 0.0088 0.9986 0.0518
vn 0.0315 0.9921 0.1215
vn 0.5616 0.1715 -0.8094
vn -0.8146 0.1872 0.5489
vn -0.8157 0.1897 0.5466
vn -0.8180 0.2197 0.5316
vn 0.8865 -0.0484 -0.4601
vn -0.2605 0.8631 0.4327
vn -0.3278 -0.7917 -0.5155
vn -0.8312 0.5535 -0.0529
vn -0.8231 0.5679 -0.0036
vn -0.8184 0.5742 0.0232
vn -0.9631 -0.2364 0.1288
vn -0.0347 -0.5598 0.8279
vn 0.3103 -0.3636 -0.8783
vn -0.3552 0.0677 -0.9324
vn -0.3457 0.0820 -0.9348
vn -0.3230 -0.0051 -0.9464
vn 0.3588 -0.9264 0.1143
vn -0.4901 -0.3559 -0.7957
vn -0.9087 0.0102 0.4172
vn -0.9089 0.0099 0.4169
vn -0.9088 0.0099 0.4171
vn 0.9111 0.3871 -0.1413
vn 0.9210 0.3633 -0.1405
vn 0.9345 0.3272 -0.1398
vn -0.9528 -0.3036 0.0050
vn 0.0607 0.2797 0.9582
vn 0.8038 0.0151 -0.5948
vn -0.9472 -0.3035 0.1037
vn -0.4087 0.2174 0.8864
vn -0.4154 0.2097 0.8851
vn -0.4150 0.1995 0.8877
vn -0.0512 0.0110 -0.9986
vn 0.0594 0.5949 -0.8016
vn -0.9998 -0.0035 0.0210
vn -0.4243 0.4543 0.7833
vn 0.8690 0.4774 0.1301
vn 0.8857 0.4333 0.1667
vn 0.8874 0.4172 0.1961
vn -0.6983 -0.7035 0.1319
vn 0.8831 -0.4145 -0.2198
vn 0.8919 -0.3936 -0.2228
vn 0.8972 -0.3820 -0.2216
vn -0.7527 -0.5340 -0.3852
vn -0.9239 0.3272 0.1983
vn -0.8790 -0.4765 0.0189
vn 0.7579 -0.0743 0.6481
vn 0.7500 -0.0880 0.6555
vn 0.7612 -0.0730 0.6443
vn 0.9226 -0.1273 0.3641
vn 0.9193 -0.1424 0.3669
vn 0.9280 -0.1248 0.3511
vn 0.9519 0.1373 0.2739
vn 0.9542 0.1137 0.2769
vn 0.9581 0.1480 0.2452
vn 0.6931 -0.2777 0.6652
vn 0.7022 -0.2629 0.6616
vn 0.6879 -0.2785 0.6702
vn 0.8910 0.4463 -0.0832
vn 0.8933 0.4450 -0.0637
vn 0.9103 0.4114 -0.0454
vn 0.9280 0.3107 -0.2053
vn 0.9252 0.3304 -0.1866
vn 0.9388 0.3026 -0.1644
vn -0.5104 0.4827 -0.7117
vn -0.8886 0.1447 0.4353
vn -0.8395 0.2813 0.4649
vn -0.8671 0.1843 0.4627
vn -0.3682 0.8132 -0.4507
vn -0.9283 0.0923 0.3601
vn 0.3032 -0.9146 -0.2677
vn -0.8420 0.4209 -0.3374
vn 0.5868 0.0722 -0.8065
vn 0.1260 -0.9473 -0.2946
vn 0.9345 0.3496 -0.0676
vn -0.3864 0.3923 -0.8347
vn 0.9503 -0.1101 -0.2911
vn 0.9522 -0.0898 -0.2920
vn 0.9523 -0.0886 -0.2920
vn -0.4401 0.4906 -0.7521
vn 0.3592 0.9123 0.1969
vn 0.0321 0.6553 0.7547
vn 0.0954 0.6531 0.7513
vn 0.0961 0.7086 0.6990
vn -0.0422 0.4734 0.8799
vn -0.0339 0.4666 0.8838
vn -0.0268 0.5029 0.8639
vn -0.1233 0.4308 0.8940
vn -0.0785 0.4407 0.8942
vn -0.0771 0.4659 0.8815
vn -0.6199 0.6622 0.4211
vn -0.6295 0.6686 0.3958
vn -0.6307 0.6547 0.4165
vn 0.2621 0.7156 0.6475
vn -0.8431 0.5283 0.1002
vn -0.9490 -0.1799 -0.2587
vn -0.8017 -0.5951 -0.0552
vn -0.8029 -0.5935 -0.0551
vn -0.8038 -0.5921 -0.0583
vn -0.0317 -0.9993 -0.0217
vn -0.0322 -0.9991 0.0260
vn -0.0313 -0.9992 0.0257
vn -0.6574 0.7045 -0.2675
vn 0.0813 -0.9908 0.1086
vn -0.0951 -0.8120 -0.5758
vn -0.3986 0.8663 0.3010
vn 0.4162 -0.5848 0.6963
vn -0.1028 -0.9381 -0.3308
vn 0.8757 -0.4634 -0.1357
vn 0.5789 0.5732 0.5799
vn 0.8418 0.5011 -0.2009
vn 0.8412 0.5224 -0.1396
vn 0.8394 0.5309 -0.1166
vn -0.1235 -0.8952 0.4281
vn 0.2047 -0.9786 -0.0186
vn 0.2038 -0.9788 -0.0205
vn 0.2077 -0.9782 -0.0019
vn -0.1067 -0.9349 -0.3385
vn -0.2573 0.9450 -0.2018
vn 0.8760 0.4051 -0.2617
vn 0.8735 0.4227 -0.2415
vn 0.8727 0.4344 -0.2230
vn 0.8165 -0.5714 0.0832
vn 0.8164 -0.5714 0.0832
vn -0.7933 -0.5228 -0.3121
vn 0.8617 0.0302 0.5065
vn -0.4747 0.8798 0.0231
vn -0.4767 0.8789 0.0171
vn -0.5199 0.8532 -0.0411
vn 0.4820 0.8730 -0.0741
vn -0.3362 0.4819 0.8092
vn 0.1614 -0.8833 -0.4402
vn -0.9838 -0.0832 0.1585
vn 0.9295 -0.0594 -0.3640
vn 0.2699 -0.8939 0.3578
vn 0.6595 -0.1800 0.7298
vn 0.6594 -0.1804 0.7299
vn 0.9202 -0.3568 -0.1610
vn 0.1375 -0.7188 -0.6815
vn 0.4035 -0.8090 -0.4275
vn -0.0568 0.8268 0.5597
vn 0.7240 0.6783 0.1250
vn 0.7344 0.6687 0.1160
vn 0.7372 0.6676 0.1043
vn 0.9105 0.1414 -0.3887
vn -0.8600 -0.1630 -0.4835
vn -0.1072 -0.8755 0.4712
vn -0.1072 -0.8755 0.4713
vn -0.1364 0.1989 0.9705
vn -0.1994 0.1731 0.9645
vn -0.1272 -0.0794 0.9887
vn -0.9504 0.1155 0.2887
vn 0.9012 0.3948 -0.1790
vn 0.9005 0.4027 -0.1639
vn 0.9130 0.3849 -0.1356
vn 0.0691 -0.0182 -0.9974
vn -0.3179 0.9325 -0.1716
vn 0.8696 0.1817 -0.4590
vn 0.8656 0.1711 -0.4707
vn 0.8503 0.1250 -0.5112
vn 0.9269 -0.3452 0.1476
vn -0.2100 0.9408 0.2661
vn -0.1783 -0.9736 0.1425
vn -0.8096 0.1542 0.5663
vn 0.0775 -0.7856 0.6139
vn -0.3512 0.8660 -0.3559
vn -0.3701 0.8202 -0.4363
vn -0.3627 0.8278 -0.4280
vn 0.9072 -0.3522 0.2299
vn -0.7781 -0.1694 0.6048
vn -0.9187 -0.0612 -0.3902
vn -0.9161 -0.0511 -0.3976
vn -0.9171 -0.0406 -0.3965
vn -0.1245 0.3223 -0.9384
vn 0.6707 0.3138 -0.6721
vn -0.1016 -0.9820 0.1594
vn -0.1126 0.9899 -0.0867
vn -0.0827 0.9927 -0.0882
vn -0.0987 0.9829 -0.1554
vn -0.1196 0.6555 -0.7456
vn -0.1262 0.7049 -0.6980
vn -0.1297 0.7136 -0.6885
vn 0.9956 0.0184 -0.0924
vn -0.4828 -0.7320 0.4807
vn 0.4053 0.6982 -0.5902
vn 0.4171 0.6992 -0.5807
vn 0.4407 0.6938 -0.5696
vn -0.9859 -0.0531 0.1588
vn 0.2011 -0.8473 0.4916
vn 0.1998 0.8661 0.4583
vn 0.2268 0.8392 0.4942
vn 0.2369 0.8268 0.5101
vn -0.2368 -0.7246 -0.6472
vn 0.0436 0.6664 -0.7443
vn 0.0736 0.7264 -0.6834
vn 0.0723 0.7305 -0.6791
vn -0.8604 0.3061 0.4074
vn -0.8808 0.3516 0.3172
vn -0.8801 0.3462 0.3250
vn -0.0068 0.4361 -0.8999
vn 0.4314 0.8955 0.1094
vn 0.3910 0.9176 0.0717
vn 0.3618 0.9302 0.0612
vn 0.9542 0.1375 -0.2657
vn -0.7006 -0.6417 -0.3120
vn -0.4424 0.3145 -0.8398
vn -0.4447 0.3095 -0.8405
vn -0.4495 0.3148 -0.8360
vn -0.9775 -0.1918 0.0882
vn -0.1479 -0.5052 0.8502
vn -0.8971 -0.2255 0.3798
vn -0.8971 -0.2253 0.3801
vn -0.8971 -0.2256 0.3798
vn -0.2714 -0.4527 0.8494
vn 0.7674 0.3107 -0.5608
vn 0.7205 0.4141 -0.5563
vn 0.7327 0.3704 -0.5709
vn -0.5685 -0.4071 0.7149
vn 0.0859 0.8119 -0.5775
vn -0.7777 -0.3145 0.5443
vn 0.8661 0.0700 -0.4950
vn 0.8754 0.0741 -0.4777
vn 0.8676 0.0961 -0.4879
vn -0.5676 -0.0430 0.8222
vn 0.9267 -0.0223 -0.3751
vn 0.9147 0.0258 -0.4033
vn 0.8933 0.1078 -0.4363
vn 0.2361 -0.9640 0.1225
vn 0.7714 -0.5785 0.2652
vn 0.0796 0.7416 -0.6661
vn -0.3524 0.6397 -0.6830
vn 0.2477 0.8004 -0.5459
vn 0.2463 0.7990 -0.5486
vn -0.9683 0.1215 -0.2180
vn -0.5248 0.0437 0.8501
vn -0.4922 0.0309 0.8699
vn -0.4619 -0.0169 0.8868
vn -0.6791 -0.0932 -0.7281
vn -0.5439 -0.3300 -0.7716
vn -0.4607 -0.4262 -0.7785
vn -0.0554 0.0154 -0.9983
vn -0.0471 0.0254 -0.9986
vn -0.0314 -0.0999 -0.9945
vn -0.9483 0.2919 -0.1243
vn -0.9493 0.2899 -0.1216
vn -0.9452 0.3077 -0.1092
vn -0.8380 -0.4412 0.3210
vn 0.9452 -0.1725 0.2773
vn 0.4094 -0.6251 0.6646
vn 0.6896 0.1560 -0.7072
vn 0.6947 0.1551 -0.7024
vn 0.6946 0.1488 -0.7039
vn -0.1331 0.8016 -0.5828
vn 0.3478 -0.9376 -0.0010
vn 0.0494 -0.4514 -0.8909
vn 0.5222 0.1090 -0.8458
vn 0.9692 0.2397 -0.0569
vn -0.4801 -0.6564 0.5819
vn -0.5135 -0.0253 -0.8577
vn -0.9969 0.0367 0.0699
vn -0.3557 0.9128 -0.2009
vn -0.3380 0.9368 -0.0902
vn -0.3397 0.9356 -0.0961
vn 0.4267 -0.6684 0.6093
vn -0.2623 -0.8496 0.4577
vn 0.1716 0.6260 -0.7607
vn -0.9341 -0.3567 0.0152
vn -0.7816 0.5123 -0.3559
vn -0.7859 0.4760 -0.3948
vn -0.7871 0.4562 -0.4152
vn 0.8231 0.5160 -0.2371
vn -0.1910 -0.9740 0.1219
vn 0.9184 -0.1912 -0.3464
vn 0.9053 -0.1977 -0.3759
vn 0.9036 -0.1551 -0.3994
vn -0.9293 0.2623 -0.2599
vn -0.9248 0.2726 -0.2655
vn -0.9215 0.2811 -0.2679
vn 0.7167 -0.6887 0.1098
vn -0.9264 0.2053 0.3155
vn 0.3797 0.7294 -0.5690
vn 0.2949 0.7580 -0.5817
vn 0.2404 0.7733 -0.5867
vn -0.4206 -0.4238 0.8022
vn -0.3668 0.2436 0.8979
vn -0.3555 0.2294 0.9061
vn -0.3386 0.2289 0.9127
vn 0.7937 0.1797 -0.5812
vn 0.8011 0.1811 -0.5705
vn 0.8176 0.1381 -0.5590
vn 0.3324 -0.8142 -0.4761
vn 0.3324 -0.8142 -0.4760
vn 0.3341 0.1688 -0.9273
vn 0.0607 0.9546 0.2916
vn -0.0064 0.9548 0.2972
vn -0.0178 0.9558 0.2935
vn 0.4031 0.4549 -0.7941
vn 0.3944 0.4092 -0.8228
vn 0.3092 0.4502 -0.8377
vn -0.6613 0.7304 0.1709
vn -0.6565 0.7200 0.2250
vn -0.6371 0.7493 0.1806
vn 0.4257 0.8290 0.3626
vn 0.4631 0.8273 0.3179
vn 0.4303 0.8176 0.3826
vn -0.0797 0.3086 -0.9478
vn 0.0944 0.6395 -0.7630
vn 0.0996 0.5834 -0.8061
vn 0.0888 0.5781 -0.8111
vn 0.2347 -0.8852 0.4017
vn 0.1143 0.8123 -0.5720
vn 0.1303 0.7387 -0.6613
vn 0.1237 0.7507 -0.6489
vn 0.2151 -0.6217 0.7532
vn 0.3392 -0.7836 -0.5206
vn -0.0557 0.4885 0.8708
vn 0.3340 -0.7686 0.5456
vn 0.3346 -0.8769 -0.3450
vn 0.3552 -0.8682 -0.3465
vn 0.3635 -0.8646 -0.3470
vn 0.1055 0.9712 0.2135
vn 0.1327 0.9711 0.1985
vn 0.1320 0.9859 0.1029
vn 0.1292 0.9898 0.0608
vn -0.0524 0.9914 0.1200
vn -0.0395 0.6987 0.7143
vn -0.0396 0.6987 0.7143
vn 0.3378 -0.8434 -0.4178
vn 0.3514 -0.8485 -0.3957
vn 0.3402 -0.8580 -0.3849
vn 0.4166 -0.8813 -0.2232
vn 0.0896 0.9786 -0.1851
vn 0.2031 -0.9780 -0.0476
vn 0.0798 0.5192 -0.8509
vn -0.0909 0.1832 -0.9789
vn 0.1598 -0.5365 -0.8286
vn 0.2343 -0.6789 -0.6958
vn 0.2283 -0.6816 -0.6952
vn 0.2185 -0.5892 0.7779
vn 0.1400 -0.3955 0.9077
vn 0.1400 -0.3954 0.9078
vn 0.0644 -0.6855 0.7252
vn 0.7698 0.6368 -0.0431
vn 0.7648 0.6431 0.0399
vn 0.8469 0.5154 -0.1305
vn 0.7597 -0.6500 -0.0184
vn -0.0653 -0.3578 0.9315
vn -0.1945 0.9640 0.1814
vn -0.1896 0.9308 0.3125
vn -0.1905 0.9191 0.3449
vn -0.5064 -0.8438 0.1777
vn -0.8351 0.5226 0.1717
vn -0.8189 0.5184 0.2462
vn -0.7904 0.5031 0.3495
vn 0.1573 0.4381 0.8851
vn 0.2206 0.7641 0.6062
vn -0.8019 0.4031 0.4411
vn 0.2961 -0.2050 0.9329
vn -0.1633 0.6313 0.7581
vn 0.1462 0.8995 0.4116
vn 0.1239 0.9061 0.4045
vn 0.1211 0.8769 0.4653
vn 0.9871 -0.0334 -0.1569
vn 0.6308 0.7442 0.2194
vn 0.6412 0.7385 0.2085
vn 0.6599 0.7092 0.2479
vn -0.4035 0.7344 0.5457
vn -0.4095 0.7387 0.5353
vn -0.4211 0.6907 0.5879
vn -0.1675 -0.9717 -0.1668
vn -0.8592 -0.0251 0.5110
vn -0.8592 -0.0251 0.5111
vn -0.7639 -0.6378 -0.0988
vn 0.2108 0.7472 0.6303
vn 0.1755 0.7571 0.6293
vn 0.1073 0.7607 0.6401
vn 0.9543 -0.0235 -0.2979
vn 0.7261 0.6373 0.2579
vn -0.2738 -0.2441 0.9303
vn -0.2714 -0.2585 0.9271
vn -0.2750 -0.2582 0.9261
vn -0.8071 0.5394 -0.2399
vn 0.3605 -0.0909 -0.9283
vn -0.6785 -0.2135 -0.7029
vn 0.0676 0.5573 -0.8276
vn 0.1693 0.5368 -0.8266
vn 0.2869 0.1043 -0.9523
vn 0.4374 0.2618 -0.8603
vn -0.1902 0.8458 0.4985
vn 0.9769 -0.1763 0.1207
vn 0.9810 -0.1630 0.1049
vn 0.9838 -0.1415 0.1097
vn 0.9628 -0.2698 0.0153
vn 0.9650 -0.2612 0.0227
vn 0.9656 -0.2543 0.0539
vn 0.9823 -0.1067 -0.1542
vn 0.9855 -0.0845 -0.1471
vn 0.9874 -0.1084 -0.1155
vn 0.9739 0.1079 0.1998
vn 0.9721 0.1183 0.2024
vn 0.9691 0.1272 0.2113
vn 0.8624 -0.4155 -0.2891
vn 0.7937 0.5598 0.2379
vn 0.7905 0.5807 0.1945
vn 0.7870 0.5972 0.1551
vn 0.1431 0.7720 0.6193
vn 0.1226 0.8367 0.5338
vn 0.0978 0.8854 0.4544
vn -0.4946 0.8688 -0.0235
vn -0.4037 0.4257 0.8098
vn 0.5859 0.5779 0.5680
vn 0.5492 0.5209 0.6535
vn 0.4946 0.4779 0.7259
vn 0.8982 0.2659 -0.3500
vn 0.9259 0.2211 -0.3064
vn 0.9557 0.1850 -0.2291
vn -0.5732 -0.0642 -0.8169
vn -0.7788 0.0947 0.6201
vn -0.7830 0.1241 0.6095
vn -0.7855 0.1269 0.6057
vn -0.9680 -0.2486 -0.0337
vn 0.0648 0.5011 0.8629
vn 0.0219 0.9939 0.1078
vn -0.9590 -0.2831 -0.0149
vn 0.7973 0.1274 -0.5900
vn 0.8968 0.2058 -0.3918
vn 0.9221 0.2054 -0.3281
vn 0.9378 0.1659 -0.3051
vn 0.4700 0.8148 0.3395
vn 0.4349 0.6880 0.5809
vn 0.4691 0.6697 0.5758
vn -0.7923 0.2624 0.5509
vn -0.8942 0.0455 -0.4454
vn 0.3687 0.8423 -0.3932
vn 0.8185 0.5387 -0.1997
vn 0.8224 0.5521 -0.1374
vn 0.8312 0.5249 -0.1832
vn -0.1288 0.7336 -0.6673
vn -0.3156 0.6960 -0.6449
vn -0.4410 0.4923 -0.7505
vn 0.8580 0.4063 -0.3143
vn -0.3515 0.6081 -0.7118
vn -0.4907 0.6738 -0.5524
vn -0.0156 0.2054 -0.9785
vn -0.0054 0.3934 0.9193
vn -0.0321 0.4006 0.9157
vn -0.0330 0.4189 0.9074
vn 0.2219 0.3580 0.9070
vn 0.2032 0.4283 0.8805
vn 0.1787 0.4552 0.8723
vn -0.1541 0.4336 0.8878
vn -0.1555 0.4253 0.8916
vn -0.1573 0.4563 0.8758
vn -0.0379 0.4063 0.9130
vn -0.4397 0.3178 0.8400
vn -0.4459 0.3170 0.8371
vn -0.4480 0.3206 0.8346
vn -0.0131 0.3605 0.9327
vn -0.0229 0.3933 0.9191
vn -0.0477 0.3932 0.9182
vn 0.0540 0.4571 0.8878
vn 0.1105 0.4366 0.8929
vn 0.0653 0.4968 0.8654
vn -0.7961 0.2350 -0.5577
vn -0.9875 -0.1417 -0.0692
vn -0.3529 -0.3352 -0.8735
vn 0.1887 -0.0237 0.9817
vn 0.1977 -0.0209 0.9800
vn 0.0120 -0.0227 0.9997
vn -0.1355 -0.0367 0.9901
vn -0.2750 -0.1081 0.9553
vn -0.2749 -0.1080 0.9554
vn -0.2745 -0.1082 0.9555
vn -0.4140 -0.2579 0.8730
vn -0.5573 -0.4718 0.6833
vn -0.7635 -0.5577 0.3258
vn -0.7352 -0.6714 0.0931
vn -0.5555 -0.7459 -0.3675
vn -0.1226 -0.5864 -0.8007
vn 0.0734 -0.3520 -0.9331
vn 0.0467 -0.1526 -0.9872
vn -0.0262 -0.0291 -0.9992
vn -0.0625 -0.0105 -0.9980
vn 0.2849 -0.4456 -0.8487
vn 0.4329 -0.6472 -0.6275
vn 0.6922 -0.6089 -0.3874
vn 0.8419 -0.5386 -0.0328
vn 0.8452 -0.5335 -0.0318
vn 0.8414 -0.5397 -0.0260
vn 0.8164 -0.4518 0.3596
vn 0.8186 -0.4465 0.3613
vn 0.8135 -0.4521 0.3657
vn 0.7110 -0.3136 0.6294
vn 0.7124 -0.3084 0.6304
vn 0.7090 -0.3061 0.6353
vn 0.5802 -0.1494 0.8007
vn 0.5811 -0.1525 0.7994
vn 0.5844 -0.1449 0.7984
vn 0.4101 -0.0756 0.9089
vn 0.4140 -0.0696 0.9076
vn 0.4098 -0.0740 0.9092
vn -0.0399 -0.9961 -0.0783
vn -0.0594 0.9547 0.2915
vn 0.3516 0.4137 0.8398
vn 0.2634 -0.8560 0.4448
vn -0.7017 -0.7124 -0.0033
vn -0.7969 0.4732 0.3754
vn -0.1488 0.7997 0.5816
vn 0.6938 -0.6607 0.2866
vn 0.3293 -0.7826 -0.5282
vn -0.0069 0.3596 0.9331
vn -0.0069 0.3595 0.9331
vn 0.7783 -0.6279 -0.0061
vn 0.7782 -0.6280 -0.0062
vn 0.7779 -0.6283 -0.0061
vn -0.2281 0.2362 0.9445
vn 0.6999 -0.1895 0.6887
vn -0.0681 -0.8410 -0.5367
vn -0.9381 -0.1406 0.3164
vn -0.6198 -0.7484 -0.2360
vn 0.1108 0.5754 0.8103
vn -0.2371 -0.0925 0.9671
vn -0.2372 -0.0926 0.9670
vn 0.4614 -0.8790 -0.1201
vn 0.0711 0.3208 0.9445
vn 0.8743 -0.4847 -0.0265
vn 0.7634 -0.0015 0.6459
vn -0.7547 -0.6544 -0.0478
vn -0.1451 -0.8745 -0.4628
vn -0.1444 -0.9227 -0.3574
vn 0.5894 -0.8073 -0.0306
vn 0.1805 0.7586 0.6261
vn -0.0857 0.0655 0.9942
vn 0.9468 -0.3213 -0.0157
vn -0.8132 -0.5778 0.0695
vn 0.1348 0.3761 0.9167
vn 0.8912 0.3768 0.2526
vn 0.2983 0.4668 0.8325
vn 0.2984 0.4668 0.8325
vn 0.4313 0.2305 0.8723
vn 0.8216 -0.5211 -0.2313
vn -0.2414 -0.8319 0.4997
vn 0.5816 -0.6555 0.4818
vn 0.5859 -0.6544 0.4780
vn -0.0451 -0.7964 0.6030
vn 0.2930 -0.7429 0.6019
vn -0.1612 -0.8289 0.5357
vn 0.1624 -0.7893 0.5921
vn 0.1583 -0.7927 0.5887
vn 0.3764 -0.8433 0.3836
vn -0.5027 -0.7779 0.3771
vn -0.4100 -0.8375 0.3613
vn 0.7107 -0.5877 0.3867
vn 0.7172 -0.6570 0.2323
vn 0.6455 -0.6191 0.4472
vn 0.3801 -0.8439 0.3787
vn 0.4087 -0.8146 0.4116
vn 0.3801 -0.8438 0.3789
vn 0.1004 -0.7909 0.6036
vn 0.0955 -0.7973 0.5960
vn 0.0953 -0.7988 0.5940
vn -0.0939 -0.8124 0.5755
vn -0.0415 -0.8006 0.5977
vn -0.1630 -0.8278 0.5368
vn 0.2798 -0.7633 0.5823
vn 0.0241 -0.7855 0.6184
vn 0.5490 -0.6659 0.5050
vn 0.7160 -0.6669 0.2063
vn -0.2388 -0.8334 0.4983
vn -0.2388 -0.8335 0.4983
vn 0.8030 -0.5956 -0.0234
vn 0.7873 -0.6138 0.0592
vn -0.1747 -0.8885 -0.4243
vn -0.0954 -0.9169 -0.3875
vn -0.1447 -0.9285 -0.3419
vn 0.7780 -0.6282 -0.0062
vn 0.7782 -0.6279 -0.0062
vn 0.4145 -0.0652 0.9077
vn 0.4091 -0.0691 0.9099
vn 0.4257 -0.0513 0.9034
vn 0.5836 -0.1445 0.7991
vn 0.5864 -0.1307 0.7994
vn 0.5771 -0.1605 0.8007
vn 0.7132 -0.2968 0.6350
vn 0.7114 -0.2881 0.6410
vn 0.7219 -0.2958 0.6256
vn 0.8166 -0.4481 0.3639
vn 0.8095 -0.4576 0.3679
vn 0.8279 -0.4348 0.3544
vn 0.8436 -0.5362 -0.0289
vn 0.8362 -0.5480 -0.0218
vn 0.8520 -0.5218 -0.0420
vn -0.2748 -0.1080 0.9554
vn 0.2021 -0.0195 0.9792
vn 0.2179 -0.0146 0.9759
vn 0.1888 -0.0237 0.9817
vn 0.1051 0.4611 0.8811
vn 0.0338 0.5228 0.8518
vn 0.1438 0.3609 0.9215
vn -0.0633 0.4029 0.9130
vn -0.1045 0.3825 0.9180
vn -0.0279 0.4176 0.9082
vn -0.4527 0.3239 0.8308
vn -0.4556 0.3327 0.8257
vn -0.4500 0.3177 0.8346
vn -0.0349 0.4384 0.8981
vn -0.0635 0.4542 0.8886
vn -0.0380 0.4340 0.9001
vn -0.1639 0.4526 0.8765
vn -0.1732 0.5092 0.8430
vn -0.1672 0.4050 0.8989
vn 0.1435 0.4877 0.8612
vn 0.1052 0.4803 0.8708
vn 0.1785 0.4975 0.8489
vn -0.0502 0.4352 0.8989
vn -0.0579 0.4837 0.8733
vn -0.0445 0.4058 0.9129
vn 0.8332 0.5378 -0.1286
vn 0.8609 0.4787 -0.1723
vn 0.8400 0.5388 -0.0642
vn 0.4559 0.5434 0.7049
vn 0.4989 0.5465 0.6727
vn 0.3864 0.5462 0.7432
vn 0.9431 0.1941 -0.2700
vn 0.9533 0.1520 -0.2610
vn 0.9176 0.2805 -0.2815
vn -0.7868 0.1393 0.6013
vn -0.7893 0.1367 0.5987
vn -0.7841 0.1402 0.6046
vn 0.9667 0.1955 -0.1652
vn 0.9714 0.2287 -0.0638
vn 0.9439 0.2157 -0.2499
vn -0.4338 0.3623 0.8250
vn -0.4231 0.2589 0.8683
vn -0.4305 0.4363 0.7901
vn 0.1125 0.9647 0.2382
vn 0.8133 0.5685 0.1239
vn 0.8295 0.5500 0.0966
vn 0.8141 0.5618 0.1472
vn 0.9662 0.1570 0.2046
vn 0.9589 0.1845 0.2156
vn 0.9708 0.1529 0.1846
vn 0.9925 -0.0568 -0.1087
vn 0.9948 -0.0597 -0.0820
vn 0.9865 0.0221 -0.1625
vn 0.9780 -0.1976 0.0663
vn 0.9843 -0.1523 0.0891
vn 0.9762 -0.2164 0.0158
vn 0.9849 -0.1397 0.1018
vn 0.9879 -0.1225 0.0948
vn 0.9818 -0.1702 0.0843
vn -0.2784 -0.2452 0.9286
vn -0.2866 -0.2251 0.9312
vn -0.2690 -0.2560 0.9285
vn 0.0938 0.7731 0.6273
vn 0.0824 0.7495 0.6569
vn 0.1410 0.7912 0.5950
vn -0.4154 0.6779 0.6066
vn -0.4036 0.6173 0.6753
vn -0.4021 0.7546 0.5186
vn 0.6702 0.7006 0.2450
vn 0.7017 0.6398 0.3135
vn 0.6512 0.7348 0.1896
vn 0.1209 0.8764 0.4661
vn 0.1506 0.8285 0.5393
vn 0.1214 0.9177 0.3783
vn -0.8270 0.4971 0.2627
vn -0.8109 0.5117 0.2840
vn -0.8234 0.4972 0.2735
vn -0.8658 0.3833 0.3217
vn -0.9002 0.2786 0.3348
vn -0.8682 0.4025 0.2901
vn -0.2254 0.8024 0.5527
vn 0.8652 0.4917 -0.0983
vn 0.8396 0.5210 -0.1536
vn 0.7392 0.6684 0.0831
vn 0.2587 -0.7522 -0.6060
vn 0.2347 -0.7532 -0.6146
vn 0.2668 -0.7583 -0.5949
vn 0.1167 0.3207 -0.9400
vn 0.1685 0.0689 -0.9833
vn 0.1029 0.5094 -0.8543
vn 0.0845 0.9644 -0.2506
vn 0.1069 0.9688 -0.2238
vn 0.0692 0.9605 -0.2695
vn 0.3457 -0.8594 -0.3766
vn 0.3271 -0.8683 -0.3729
vn 0.3704 -0.8426 -0.3908
vn 0.1367 0.9906 0.0060
vn 0.1405 0.9901 0.0003
vn 0.1424 0.9897 0.0173
vn 0.3750 -0.8594 -0.3477
vn 0.1259 0.7085 -0.6944
vn 0.0992 0.7247 -0.6819
vn 0.1223 0.6849 -0.7183
vn 0.0869 0.5501 -0.8306
vn 0.0615 0.5578 -0.8277
vn 0.0991 0.5412 -0.8350
vn 0.4843 0.8095 0.3318
vn 0.4340 0.7866 0.4392
vn 0.5830 0.7999 0.1425
vn -0.6296 0.7416 0.2318
vn -0.5522 0.8209 0.1457
vn -0.6279 0.7364 0.2518
vn 0.3073 0.4362 -0.8458
vn 0.1720 0.5077 -0.8442
vn 0.3959 0.3919 -0.8305
vn -0.0727 0.9426 0.3260
vn -0.0589 0.9382 0.3410
vn -0.1232 0.9338 0.3360
vn 0.8312 0.2250 -0.5083
vn 0.8397 0.2015 -0.5043
vn 0.8049 0.2589 -0.5339
vn -0.3373 0.2181 0.9158
vn -0.3265 0.2082 0.9220
vn -0.3634 0.2088 0.9079
vn 0.1905 0.7810 -0.5948
vn 0.1890 0.7792 -0.5977
vn 0.1967 0.7798 -0.5944
vn -0.9185 0.2939 -0.2646
vn -0.9133 0.3123 -0.2616
vn -0.9232 0.2850 -0.2580
vn 0.9076 -0.1256 -0.4006
vn 0.9161 -0.0367 -0.3992
vn 0.8797 -0.2872 -0.3790
vn 0.8197 0.5246 -0.2299
vn 0.8209 0.5252 -0.2244
vn 0.8269 0.5101 -0.2366
vn -0.7989 0.4177 -0.4328
vn -0.8055 0.4131 -0.4249
vn -0.7963 0.4094 -0.4453
vn -0.9255 -0.3772 0.0331
vn 0.1453 0.7483 -0.6473
vn 0.1640 0.6486 -0.7432
vn -0.2429 0.9698 -0.0204
vn -0.2348 0.9704 -0.0569
vn -0.2072 0.9782 0.0130
vn -0.5071 -0.0835 -0.8578
vn -0.3750 -0.4442 -0.8137
vn -0.6208 0.3598 -0.6965
vn 0.4496 0.5330 -0.7168
vn 0.4273 0.4667 -0.7743
vn 0.4543 0.5730 -0.6821
vn -0.1247 0.8333 -0.5386
vn -0.1872 0.8721 -0.4521
vn -0.1336 0.8115 -0.5688
vn 0.6967 0.1407 -0.7034
vn 0.6936 0.1234 -0.7097
vn 0.6990 0.1537 -0.6984
vn -0.9415 0.3219 -0.1002
vn -0.9316 0.3540 -0.0819
vn -0.9502 0.2872 -0.1209
vn -0.0247 -0.2050 -0.9785
vn 0.0062 -0.4865 -0.8737
vn -0.0585 0.0561 -0.9967
vn -0.3842 -0.5532 -0.7392
vn -0.4012 -0.5479 -0.7340
vn -0.3679 -0.5962 -0.7136
vn -0.4590 -0.0205 0.8882
vn -0.3644 -0.1449 0.9199
vn -0.4820 -0.0095 0.8761
vn 0.2462 0.7989 -0.5487
vn 0.2436 0.7964 -0.5536
vn 0.0755 0.7449 -0.6629
vn 0.0560 0.7269 -0.6845
vn 0.8776 0.1096 -0.4667
vn 0.8568 0.1113 -0.5034
vn 0.8948 0.0434 -0.4444
vn 0.8717 0.1075 -0.4781
vn 0.8558 0.1479 -0.4957
vn 0.8892 0.0708 -0.4520
vn 0.0459 0.8207 -0.5695
vn 0.0965 0.7981 -0.5948
vn 0.0383 0.8206 -0.5703
vn 0.6961 0.4887 -0.5260
vn 0.7352 0.4203 -0.5319
vn 0.6461 0.6054 -0.4649
vn -0.4486 0.3120 -0.8375
vn -0.4529 0.3220 -0.8314
vn -0.4382 0.2946 -0.8493
vn 0.2421 0.9697 -0.0341
vn 0.2593 0.9658 0.0059
vn 0.2539 0.9669 -0.0251
vn -0.0018 0.4389 -0.8985
vn -0.0303 0.4473 -0.8939
vn -0.9007 0.3482 0.2599
vn -0.9071 0.3151 0.2792
vn -0.9118 0.3494 0.2157
vn 0.0880 0.7508 -0.6546
vn 0.0960 0.7392 -0.6666
vn 0.1111 0.7719 -0.6260
vn 0.2507 0.8121 0.5269
vn 0.2496 0.8128 0.5264
vn 0.2553 0.8101 0.5278
vn 0.4381 0.7115 -0.5494
vn 0.4425 0.7182 -0.5370
vn 0.4107 0.7215 -0.5575
vn -0.1270 0.7398 -0.6607
vn -0.1240 0.7363 -0.6652
vn -0.1210 0.7482 -0.6523
vn -0.0943 0.9818 -0.1646
vn -0.1423 0.9552 -0.2594
vn -0.0713 0.9941 -0.0822
vn 0.6928 0.3838 -0.6105
vn 0.6917 0.4223 -0.5858
vn 0.6604 0.3803 -0.6475
vn -0.1129 0.2383 -0.9646
vn -0.0904 0.1424 -0.9857
vn -0.1072 0.2864 -0.9521
vn -0.9187 -0.0211 -0.3944
vn -0.9221 0.0074 -0.3869
vn -0.9176 -0.0408 -0.3955
vn -0.3839 0.7957 -0.4685
vn -0.3952 0.8034 -0.4454
vn -0.4110 0.7548 -0.5112
vn 0.8506 0.1109 -0.5140
vn 0.8476 0.1340 -0.5135
vn 0.8612 0.1067 -0.4970
vn -0.8543 0.4991 -0.1449
vn -0.8627 0.4776 -0.1661
vn -0.8192 0.5728 -0.0292
vn -0.3264 0.9106 -0.2534
vn -0.3165 0.9165 -0.2447
vn -0.3264 0.9090 -0.2593
vn 0.9059 0.4096 -0.1077
vn 0.9066 0.4173 -0.0627
vn 0.8821 0.4493 -0.1412
vn -0.0335 -0.3230 0.9458
vn 0.7416 0.6630 0.1018
vn 0.7401 0.6659 0.0938
vn 0.7427 0.6591 0.1187
vn 0.6595 -0.1801 0.7298
vn 0.6595 -0.1799 0.7298
vn 0.5576 0.8299 -0.0147
vn 0.5829 0.8093 0.0723
vn 0.5032 0.8625 -0.0544
vn -0.5263 0.8481 -0.0617
vn -0.5674 0.8075 -0.1610
vn -0.4715 0.8819 0.0028
vn 0.8453 0.4869 -0.2199
vn 0.8278 0.5220 -0.2055
vn 0.8437 0.4727 -0.2545
vn 0.2084 -0.9778 0.0221
vn 0.2135 -0.9751 0.0605
vn 0.1979 -0.9798 -0.0282
vn 0.8141 0.5753 -0.0793
vn 0.7968 0.6010 -0.0624
vn 0.8155 0.5681 -0.1102
vn -0.0328 -0.9984 0.0468
vn -0.0370 -0.9985 0.0405
vn -0.0377 -0.9976 0.0581
vn -0.8045 -0.5908 -0.0611
vn -0.8047 -0.5899 -0.0672
vn -0.8045 -0.5914 -0.0552
vn -0.6382 0.6576 0.4003
vn -0.6524 0.6367 0.4111
vn -0.6444 0.6746 0.3600
vn -0.0576 0.4914 0.8690
vn -0.0764 0.5409 0.8376
vn -0.0393 0.4534 0.8905
vn -0.0300 0.5153 0.8565
vn -0.0356 0.5711 0.8201
vn -0.0404 0.4466 0.8938
vn 0.1184 0.7203 0.6835
vn 0.0867 0.8033 0.5893
vn 0.1381 0.6480 0.7490
vn 0.9662 -0.0176 -0.2571
vn 0.9704 -0.0116 -0.2414
vn 0.9610 0.0025 -0.2765
vn -0.8456 0.2421 0.4757
vn -0.8636 0.1986 0.4634
vn -0.7881 0.4005 0.4675
vn 0.9467 0.3174 -0.0552
vn 0.8942 0.4476 0.0068
vn 0.8941 0.4463 0.0370
vn 0.8647 0.5022 -0.0124
vn 0.7029 -0.2621 0.6612
vn 0.6834 -0.2866 0.6714
vn 0.7358 -0.2247 0.6388
vn 0.9563 0.1354 0.2590
vn 0.9547 0.1950 0.2247
vn 0.9448 0.0753 0.3189
vn 0.9222 -0.1365 0.3618
vn 0.9330 -0.1062 0.3437
vn 0.9008 -0.1768 0.3967
vn 0.7508 -0.0866 0.6549
vn 0.7632 -0.0665 0.6427
vn 0.7207 -0.1251 0.6818
vn 0.9000 -0.3730 -0.2255
vn 0.9043 -0.3569 -0.2342
vn 0.8919 -0.3871 -0.2337
vn 0.8842 0.4035 0.2351
vn 0.8670 0.4123 0.2796
vn 0.8897 0.4086 0.2039
vn -0.1406 0.2823 -0.9490
vn -0.1417 0.2130 -0.9667
vn -0.1355 0.3451 -0.9288
vn -0.4258 0.1990 0.8827
vn -0.4269 0.1928 0.8835
vn -0.4338 0.2154 0.8749
vn 0.9364 0.3226 -0.1384
vn 0.9528 0.2810 -0.1147
vn 0.9265 0.3549 -0.1248
vn -0.9088 0.0100 0.4172
vn -0.3070 -0.1210 -0.9440
vn -0.2457 -0.3470 -0.9051
vn -0.3669 0.1356 -0.9203
vn -0.8191 0.5709 0.0563
vn -0.8237 0.5636 0.0616
vn -0.8183 0.5727 0.0486
vn -0.8198 0.2163 0.5301
vn -0.8180 0.2224 0.5305
vn -0.8171 0.1798 0.5478
vn 0.0355 0.9917 0.1235
vn 0.0842 0.9713 0.2226
vn 0.0128 0.9992 0.0378
vn 0.9203 0.0851 0.3819
vn 0.9245 0.0968 0.3686
vn 0.9271 0.0181 0.3743
vn 0.6340 0.0927 -0.7678
vn 0.6169 0.0183 -0.7868
vn 0.6547 0.2576 -0.7107
vn -0.4279 0.2173 -0.8773
vn -0.4010 0.1641 -0.9012
vn -0.4436 0.2531 -0.8598
vn -0.8931 0.4445 -0.0695
vn -0.9000 0.4280 -0.0822
vn -0.8795 0.4739 -0.0437
vn -0.3815 0.6617 -0.6454
vn -0.3838 0.6543 -0.6517
vn -0.3788 0.6673 -0.6412
vn 0.8776 0.2613 -0.4019
vn 0.8805 0.1862 -0.4358
vn 0.8992 0.2724 -0.3425
vn -0.4800 0.5831 -0.6555
vn -0.4764 0.5820 -0.6590
vn -0.4787 0.5932 -0.6473
vn 0.7444 -0.6616 0.0904
vn 0.7423 -0.6623 0.1015
vn -0.1681 -0.6187 -0.7674
vn -0.1333 -0.7669 -0.6278
vn -0.2400 -0.4079 -0.8809
vn -0.5054 -0.8184 -0.2735
vn -0.5082 -0.7531 -0.4178
vn -0.5393 -0.8281 -0.1534
vn 0.2676 -0.7117 -0.6495
vn 0.2691 -0.7156 -0.6446
vn 0.2719 -0.6974 -0.6631
vn -0.6357 0.1395 0.7592
vn -0.6295 0.1404 0.7642
vn -0.3696 0.7342 -0.5695
vn -0.3764 0.7334 -0.5661
vn -0.3639 0.7347 -0.5725
vn 0.8917 0.1552 -0.4252
vn 0.8866 0.1465 -0.4387
vn -0.4438 0.8167 0.3689
vn -0.4698 0.8356 0.2847
vn -0.4406 0.7738 0.4551
vn -0.2540 0.2551 -0.9330
vn -0.2310 0.2495 -0.9404
vn -0.2624 0.3001 -0.9171
vn -0.2397 -0.1936 0.9513
vn -0.2384 -0.1977 0.9508
vn 0.1192 0.9388 0.3232
vn 0.1477 0.9303 0.3357
vn 0.0544 0.9525 0.2995
vn 0.1328 -0.1214 0.9837
vn 0.1660 -0.1095 0.9800
vn 0.1006 -0.1186 0.9878
vn 0.5731 -0.0484 0.8180
vn 0.5558 -0.0751 0.8279
vn 0.6058 -0.0037 0.7956
vn 0.2794 -0.0065 0.9602
vn 0.2532 -0.0262 0.9671
vn 0.3074 0.0222 0.9513
vn 0.5364 0.1455 0.8313
vn 0.5065 0.1235 0.8533
vn 0.5870 0.2144 0.7806
vn -0.2679 0.8502 0.4532
vn -0.2571 0.8590 0.4426
vn -0.2561 0.8404 0.4777
vn 0.7558 -0.3708 0.5398
vn 0.7706 -0.3503 0.5324
vn 0.7073 -0.4425 0.5513
vn 0.4553 -0.2895 0.8420
vn 0.4600 -0.3597 0.8118
vn 0.4390 -0.2312 0.8682
vn -0.7644 -0.5988 -0.2388
vn 0.9810 -0.0112 -0.1937
vn 0.9726 0.0543 -0.2261
vn 0.9865 -0.0606 -0.1518
vn 0.3629 -0.1387 0.9214
vn 0.3581 -0.1349 0.9239
vn 0.3729 -0.1341 0.9181
vn -0.0781 -0.0988 0.9920
vn -0.0708 -0.0915 0.9933
vn 0.8863 -0.0706 0.4578
vn 0.8889 -0.0083 0.4580
vn 0.8557 -0.2005 0.4771
vn 0.6657 0.1269 0.7354
vn 0.6460 0.0969 0.7572
vn 0.7010 0.1826 0.6893
vn -0.7098 -0.6953 -0.1129
vn -0.7308 -0.6681 -0.1397
vn -0.7060 -0.7037 -0.0795
vn -0.8015 0.5803 0.1447
vn -0.7987 0.5838 0.1456
vn -0.8068 0.5736 0.1416
vn -0.0649 -0.1193 0.9907
vn -0.0680 -0.1142 0.9911
vn -0.0597 -0.1189 0.9911
vn -0.2310 0.1583 0.9600
vn -0.8638 0.4617 -0.2020
vn -0.8632 0.4551 -0.2187
vn -0.8650 0.4717 -0.1710
vn -0.2681 -0.2125 0.9397
vn -0.2626 -0.2285 0.9374
vn -0.2744 -0.1981 0.9410
vn 0.1097 -0.0496 0.9927
vn 0.0994 -0.0459 0.9940
vn 0.1259 -0.0371 0.9913
vn -0.1545 -0.1479 0.9769
vn -0.1567 -0.1438 0.9771
vn -0.1512 -0.1498 0.9771
vn 0.2006 -0.0573 0.9780
vn 0.1961 -0.0585 0.9788
vn 0.2088 -0.0493 0.9767
vn 0.4050 -0.3625 0.8394
vn 0.4324 -0.4437 0.7849
vn 0.3562 -0.3211 0.8775
vn 0.2164 -0.0440 0.9753
vn 0.1949 -0.0627 0.9788
vn 0.2346 -0.0228 0.9718
vn -0.0512 -0.0756 0.9958
vn -0.0523 -0.0689 0.9963
vn -0.0507 -0.0832 0.9952
vn -0.5784 0.8079 0.1134
vn -0.0530 -0.9936 -0.0993
vn -0.0555 -0.9923 -0.1109
vn -0.0488 -0.9951 -0.0863
vn 0.7849 0.2883 0.5485
vn 0.7678 0.3312 0.5484
vn 0.7968 0.2688 0.5412
vn 0.1289 0.8576 -0.4979
vn 0.1462 0.8971 -0.4169
vn 0.1264 0.8091 -0.5739
vn -0.7405 -0.6717 0.0219
vn 0.0741 -0.0946 0.9928
vn 0.0667 -0.0907 0.9936
vn 0.0865 -0.0866 0.9925
vn -0.1220 -0.1165 0.9857
vn 0.0488 -0.0906 0.9947
vn 0.0469 -0.0892 0.9949
vn 0.0565 -0.0813 0.9951
vn -0.2979 0.5881 0.7519
vn -0.3100 0.5763 0.7562
vn -0.3068 0.6102 0.7305
vn -0.2051 -0.1530 0.9667
vn -0.2122 -0.1493 0.9658
vn -0.1928 -0.1437 0.9706
vn -0.0818 0.0512 0.9953
vn -0.0875 0.0969 0.9914
vn -0.0617 -0.0135 0.9980
vn 0.6545 0.7358 0.1738
vn 0.6537 0.7254 0.2156
vn 0.6710 0.7344 0.1023
vn -0.0388 -0.0792 0.9961
vn -0.0378 -0.0785 0.9962
vn -0.0408 -0.0824 0.9958
vn 0.9497 -0.3004 -0.0887
vn 0.9578 -0.2672 -0.1059
vn 0.9405 -0.3345 -0.0602
vn -0.3674 0.4481 -0.8150
vn -0.3799 0.2951 -0.8767
vn -0.3617 0.5918 -0.7203
vn -0.1678 -0.1248 0.9779
vn -0.1688 -0.1286 0.9772
vn -0.1682 -0.1315 0.9769
vn -0.8339 -0.0597 0.5487
vn -0.8389 -0.0254 0.5438
vn 0.8859 0.4606 -0.0549
vn 0.8551 0.5107 -0.0895
vn 0.8880 0.4563 -0.0564
vn 0.9890 0.0539 0.1375
vn 0.9830 0.0581 0.1740
vn 0.9441 0.3242 0.0597
vn 0.8466 -0.5316 -0.0245
vn 0.8283 -0.5603 -0.0075
vn 0.8613 -0.5058 -0.0480
vn 0.2132 0.5038 -0.8371
vn 0.2164 0.4847 -0.8475
vn 0.2071 0.5305 -0.8220
vn -0.1793 -0.7998 -0.5729
vn -0.1592 -0.8483 -0.5050
vn -0.2038 -0.7583 -0.6193
vn -0.6402 0.7102 -0.2927
vn -0.6539 0.6773 -0.3373
vn -0.6260 0.7339 -0.2636
vn -0.2815 -0.1537 0.9472
vn -0.2818 -0.1592 0.9462
vn -0.2797 -0.1440 0.9492
vn 0.4253 0.0245 0.9047
vn 0.4100 0.0088 0.9121
vn 0.4564 0.0569 0.8879
vn -0.0379 -0.9412 -0.3358
vn -0.0527 -0.9395 -0.3384
vn -0.0324 -0.9493 -0.3127
vn 0.3797 -0.8136 -0.4403
vn 0.3797 -0.8133 -0.4408
vn 0.3791 -0.8146 -0.4390
vn -0.2249 -0.1711 0.9592
vn -0.2155 -0.1776 0.9602
vn -0.2251 -0.1713 0.9592
vn -0.1717 -0.1384 0.9754
vn -0.1784 -0.1470 0.9729
vn 0.7229 0.6806 0.1188
vn 0.7176 0.6863 0.1186
vn 0.7417 0.6604 0.1174
vn 0.5912 -0.2412 0.7696
vn 0.5879 -0.1989 0.7841
vn 0.5792 -0.2699 0.7692
vn 0.0150 -0.0812 0.9966
vn -0.1540 0.3483 0.9246
vn 0.5031 -0.0039 -0.8642
vn 0.5035 0.0067 -0.8639
vn 0.4989 -0.0094 -0.8666
vn 0.5396 -0.1956 0.8189
vn 0.5322 -0.2044 0.8216
vn 0.5534 -0.1789 0.8134
vn 0.8714 0.2485 -0.4229
vn 0.8766 0.2708 -0.3978
vn 0.8682 0.2192 -0.4451
vn 0.4702 0.0952 -0.8774
vn 0.4605 0.1391 -0.8767
vn 0.4668 0.0596 -0.8823
vn -0.8929 -0.0162 -0.4500
vn -0.9004 -0.0082 -0.4350
vn -0.8734 -0.0396 -0.4855
vn -0.8029 0.1314 0.5815
vn -0.8006 0.1027 0.5903
vn -0.8032 0.1661 0.5720
vn -0.5073 -0.3587 0.7836
vn -0.7195 -0.6707 -0.1804
vn -0.7219 -0.6614 -0.2037
vn -0.7342 -0.6604 -0.1572
vn 0.1950 0.9667 -0.1659
vn 0.1992 0.9510 -0.2364
vn 0.1547 0.9857 -0.0666
vn -0.4397 0.8267 -0.3511
vn -0.4339 0.8241 -0.3641
vn -0.4252 0.8429 -0.3298
vn -0.2272 0.7750 0.5896
vn -0.2243 0.7810 0.5829
vn -0.2143 0.7693 0.6019
vn 0.4896 0.8640 0.1173
vn 0.5020 0.8576 -0.1118
vn 0.4190 0.8661 0.2725
vn 0.0446 -0.0554 0.9975
vn 0.0329 -0.0649 0.9973
vn 0.0521 -0.0485 0.9975
vn -0.1906 0.4771 0.8580
vn -0.1785 0.4294 0.8853
vn -0.1983 0.5199 0.8309
vn -0.0543 -0.1053 0.9930
vn -0.0588 -0.1043 0.9928
vn -0.0468 -0.0972 0.9942
vn -0.1971 -0.1567 0.9678
vn -0.2055 -0.1731 0.9632
vn -0.1831 -0.1458 0.9722
vn -0.3570 0.0025 0.9341
vn -0.3488 -0.0319 0.9367
vn -0.3595 0.0387 0.9324
vn 0.0552 -0.0850 0.9949
vn 0.0655 -0.1002 0.9928
vn 0.0397 -0.0822 0.9958
vn 0.8041 0.0994 0.5861
vn 0.8142 0.1367 0.5643
vn 0.7774 0.0447 0.6274
vn 0.4472 0.8476 -0.2858
vn 0.4183 0.8607 -0.2902
vn 0.4868 0.8300 -0.2721
vn 0.6174 0.1762 0.7667
vn 0.5936 0.2234 0.7731
vn 0.6251 0.1322 0.7693
vn 0.9191 -0.1879 -0.3465
vn -0.9752 -0.2213 0.0089
vn -0.9905 -0.1296 0.0455
vn -0.9562 -0.2908 -0.0326
vn -0.8157 -0.3045 0.4919
vn -0.8159 -0.3070 0.4900
vn -0.8152 -0.2991 0.4960
vn -0.0614 -0.1254 0.9902
vn -0.0642 -0.1261 0.9899
vn -0.0632 -0.1329 0.9891
vn 0.8887 0.3331 -0.3151
vn 0.8839 0.3440 -0.3168
vn 0.8902 0.3278 -0.3162
vn -0.1646 -0.1177 0.9793
vn -0.1672 -0.1109 0.9797
vn -0.1615 -0.1234 0.9791
vn 0.8476 -0.5075 -0.1550
vn 0.8357 -0.5296 -0.1453
vn 0.8602 -0.4906 -0.1395
vn -0.0572 -0.9009 -0.4302
vn -0.0330 -0.9632 -0.2667
vn -0.0879 -0.8143 -0.5737
vn -0.7970 -0.3821 0.4678
vn -0.7999 -0.3772 0.4668
vn -0.7940 -0.3835 0.4716
vn -0.2117 -0.1503 0.9657
vn -0.2062 -0.1565 0.9659
vn -0.2199 -0.1512 0.9637
vn 0.8406 -0.3699 0.3956
vn 0.8207 -0.3987 0.4094
vn 0.8652 -0.3380 0.3703
vn -0.2736 0.9604 0.0516
vn -0.2725 0.9607 0.0536
vn -0.2786 0.9592 0.0469
vn 0.1390 -0.0383 0.9896
vn 0.1752 -0.1204 0.9771
vn 0.1074 0.0013 0.9942
vn 0.0670 0.8815 -0.4674
vn 0.0544 0.8849 -0.4625
vn 0.0689 0.8741 -0.4808
vn 0.4316 -0.1510 0.8893
vn 0.4570 -0.1327 0.8795
vn 0.3659 -0.2526 0.8957
vn 0.1586 0.6773 0.7184
vn 0.1697 0.6863 0.7072
vn 0.1869 0.6412 0.7443
vn -0.7767 -0.2636 0.5721
vn -0.7773 -0.2679 0.5692
vn -0.7750 -0.2538 0.5787
vn 0.8751 0.2843 0.3917
vn 0.9065 0.2084 0.3673
vn 0.8385 0.2936 0.4591
vn 0.2904 -0.7142 -0.6369
vn 0.3427 -0.7964 -0.4984
vn 0.2295 -0.6526 -0.7221
vn 0.1543 0.1396 0.9781
vn 0.1375 0.1877 0.9726
vn 0.1745 0.1081 0.9787
vn -0.0627 -0.9587 -0.2776
vn -0.0610 -0.9650 -0.2551
vn -0.0672 -0.9533 -0.2945
vn -0.2262 -0.1848 0.9564
vn -0.2254 -0.1871 0.9561
vn -0.3091 0.9272 -0.2114
vn -0.3186 0.9279 -0.1936
vn -0.3246 0.9145 -0.2414
vn -0.0181 0.1827 0.9830
vn -0.0253 0.2255 0.9739
vn -0.0161 0.1375 0.9904
vn 0.0828 0.9943 -0.0674
vn 0.0884 0.9935 0.0714
vn 0.0554 0.9702 -0.2357
vn -0.4764 0.4630 -0.7474
vn -0.4851 0.4648 -0.7407
vn -0.4745 0.4548 -0.7537
vn -0.7037 -0.7061 -0.0785
vn -0.7092 -0.7011 -0.0744
vn -0.6779 -0.7333 -0.0520
vn -0.2362 0.1557 0.9592
vn -0.2277 0.1580 0.9608
vn -0.2502 0.1368 0.9585
vn -0.5896 0.6035 -0.5368
vn -0.5878 0.6058 -0.5362
vn -0.5947 0.5977 -0.5376
vn -0.3536 0.8926 0.2795
vn -0.3898 0.9048 0.1714
vn -0.3234 0.8735 0.3639
vn 0.5422 0.7090 -0.4509
vn 0.5090 0.7468 -0.4281
vn 0.5409 0.7105 -0.4501
vn 0.9025 -0.3059 -0.3033
vn 0.9011 -0.3037 -0.3095
vn 0.9000 -0.3261 -0.2893
vn 0.3861 0.1131 0.9155
vn 0.3581 0.1165 0.9264
vn 0.4252 0.1511 0.8924
vn 0.3731 -0.0651 0.9255
vn 0.3647 -0.0743 0.9282
vn 0.3905 -0.0440 0.9195
vn -0.7968 -0.3493 0.4931
vn -0.7992 -0.3626 0.4793
vn -0.7962 -0.3462 0.4962
vn 0.6235 0.0217 0.7815
vn 0.6228 0.0982 0.7762
vn 0.6161 -0.0532 0.7859
vn 0.2778 0.2342 -0.9317
vn 0.0978 0.5600 -0.8227
vn 0.4504 -0.0500 -0.8914
vn -0.8963 -0.4426 0.0260
vn -0.8944 -0.4465 0.0268
vn -0.9047 -0.4256 0.0219
vn -0.7914 -0.6113 0.0074
vn -0.7944 -0.6074 -0.0016
vn -0.7954 -0.6057 0.0183
vn -0.7181 0.6605 -0.2191
vn -0.7311 0.6544 -0.1929
vn -0.7329 0.6308 -0.2549
vn -0.1716 -0.1472 0.9741
vn -0.1689 -0.1488 0.9743
vn 0.5592 -0.8273 -0.0541
vn 0.5660 -0.8239 -0.0306
vn 0.5732 -0.8161 -0.0732
vn -0.7948 0.3527 -0.4938
vn -0.7912 0.3571 -0.4966
vn -0.7992 0.3474 -0.4904
vn -0.8319 -0.1234 0.5411
vn -0.8326 -0.1352 0.5371
vn -0.2342 0.8797 0.4138
vn -0.2295 0.8769 0.4224
vn -0.2513 0.8753 0.4132
vn 0.3852 0.2842 0.8780
vn 0.3823 0.2830 0.8796
vn 0.3846 0.2899 0.8764
vn 0.6996 -0.3018 0.6476
vn 0.6727 -0.2276 0.7040
vn 0.7498 -0.3114 0.5838
vn 0.4443 0.0547 0.8942
vn 0.4320 0.1279 0.8927
vn 0.4532 -0.0444 0.8903
vn -0.1916 0.3874 0.9018
vn -0.2249 0.3749 0.8994
vn -0.1636 0.3991 0.9022
vn -0.3376 0.8581 0.3868
vn -0.3354 0.8580 0.3891
vn -0.3397 0.8593 0.3823
vn -0.6908 -0.6073 0.3923
vn -0.6828 -0.6167 0.3919
vn 0.2817 -0.1207 0.9519
vn 0.3020 -0.1594 0.9399
vn 0.2480 -0.1078 0.9627
vn -0.0965 0.4385 0.8935
vn -0.0913 0.4651 0.8805
vn -0.0806 0.4007 0.9126
vn 0.8575 0.2673 0.4396
vn 0.8296 0.3376 0.4447
vn 0.8705 0.2284 0.4359
vn 0.1231 -0.8550 -0.5037
vn 0.0872 -0.8492 -0.5209
vn 0.1362 -0.8650 -0.4829
vn -0.0030 0.9325 0.3612
vn 0.0005 0.9371 0.3491
vn 0.0170 0.9248 0.3800
vn 0.9060 0.2489 -0.3423
vn 0.8996 0.2470 -0.3602
vn 0.9193 0.2454 -0.3076
vn -0.4238 0.3616 0.8304
vn -0.4182 0.3823 0.8240
vn -0.4138 0.3254 0.8502
vn 0.8499 0.5267 -0.0196
vn 0.8499 0.5265 -0.0184
vn 0.8479 0.5297 -0.0216
vn -0.2320 0.6355 0.7364
vn -0.2420 0.6595 0.7117
vn -0.2336 0.5951 0.7690
vn 0.2470 0.8218 0.5134
vn 0.2526 0.8160 0.5200
vn 0.2428 0.8251 0.5102
vn 0.9828 0.0864 0.1630
vn 0.9861 0.0814 0.1446
vn 0.9760 -0.0435 0.2134
vn 0.7614 -0.4350 -0.4806
vn 0.7572 -0.4170 -0.5028
vn 0.7262 -0.5335 -0.4336
vn 0.7923 0.1343 -0.5952
vn 0.8008 0.1036 -0.5898
vn 0.7808 0.1800 -0.5983
vn -0.9013 0.2902 0.3216
vn -0.9193 0.1901 0.3446
vn -0.8741 0.3660 0.3194
vn 0.8041 0.5684 -0.1739
vn 0.8167 0.5509 -0.1718
vn 0.7849 0.5931 -0.1794
vn 0.9126 -0.2420 -0.3295
vn 0.9177 -0.2407 -0.3161
vn 0.8902 -0.3278 -0.3163
vn 0.8930 -0.3012 -0.3344
vn 0.5762 -0.7562 -0.3103
vn 0.6466 0.2424 -0.7233
vn 0.6644 0.2023 -0.7195
vn 0.6678 0.3528 -0.6555
vn -0.2548 0.2452 0.9354
vn -0.2485 0.2979 0.9217
vn -0.8660 0.0924 -0.4914
vn -0.7955 -0.0612 -0.6029
vn -0.8911 0.1533 -0.4271
vn 0.8742 0.1459 0.4630
vn 0.9130 0.1657 0.3728
vn 0.8682 0.0421 0.4945
vn 0.7509 0.0184 -0.6601
vn 0.7537 0.0098 -0.6572
vn 0.7522 0.0551 -0.6567
vn 0.2005 -0.9797 0.0071
vn 0.2009 -0.9796 0.0070
vn 0.2005 -0.9797 0.0072
vn 0.7551 -0.6431 0.1275
vn 0.7520 -0.6504 0.1071
vn 0.7760 -0.6085 0.1657
vn -0.8459 -0.2843 -0.4512
vn -0.7564 -0.5412 -0.3674
vn -0.8838 0.0922 -0.4587
vn -0.1136 -0.8772 -0.4664
vn -0.1084 -0.8887 -0.4455
vn -0.1261 -0.8638 -0.4878
vn 0.8648 0.4995 0.0512
vn 0.8503 0.5243 0.0463
vn 0.8938 0.4479 0.0240
vn 0.9520 0.2331 0.1983
vn 0.9675 0.1726 0.1850
vn 0.9327 0.2859 0.2200
vn 0.1303 0.1417 0.9813
vn 0.1732 0.1246 0.9770
vn 0.0571 0.1919 0.9798
vn 0.1631 0.4609 -0.8723
vn 0.1552 0.4650 -0.8716
vn -0.3315 -0.2395 0.9126
vn -0.3337 -0.2326 0.9135
vn -0.3254 -0.2583 0.9096
vn 0.8633 -0.3336 -0.3787
vn 0.8491 -0.2940 -0.4389
vn -0.2183 -0.1697 0.9610
vn -0.6685 -0.7294 -0.1452
vn -0.2384 0.5832 0.7765
vn -0.2314 0.5587 0.7965
vn -0.2392 0.6160 0.7506
vn -0.5502 0.3588 0.7540
vn -0.5508 0.3097 0.7751
vn -0.5203 0.4425 0.7304
vn -0.1197 0.3305 -0.9362
vn -0.1130 0.3225 -0.9398
vn -0.1111 0.3634 -0.9250
vn 0.1811 -0.0803 0.9802
vn 0.1815 -0.0819 0.9800
vn 0.3849 -0.8164 -0.4306
vn 0.3848 -0.8177 -0.4281
vn 0.3880 -0.8112 -0.4375
vn 0.1596 0.0162 0.9871
vn 0.1382 0.0139 0.9903
vn 0.1757 0.0138 0.9844
vn -0.7884 -0.2253 0.5725
vn -0.5617 -0.1511 0.8134
vn -0.1308 0.0091 0.9914
vn -0.3310 -0.0715 0.9409
vn 0.4176 0.1598 0.8945
vn 0.4160 0.1589 0.8954
vn 0.8069 0.1673 0.5666
vn 0.3983 0.1554 0.9040
vn 0.4037 0.1644 0.9000
vn -0.0967 -0.0076 0.9953
vn -0.1016 -0.0063 0.9948
vn -0.1010 -0.0102 0.9948
vn 0.5951 0.1667 0.7862
vn 0.9370 0.1599 0.3105
vn 0.9373 0.1609 0.3092
vn 0.9798 0.1845 -0.0767
vn 0.9805 0.1812 -0.0767
vn 0.9793 0.1876 -0.0765
vn -0.7728 -0.2291 0.5919
vn -0.7789 -0.2237 0.5859
vn -0.7757 -0.2337 0.5863
vn 0.2369 0.0473 0.9704
vn 0.2417 0.0430 0.9694
vn 0.9914 0.0891 -0.0962
vn 0.9897 0.1022 -0.1003
vn 0.9939 0.0715 -0.0845
vn 0.6124 0.0785 0.7867
vn 0.6114 0.0841 0.7868
vn -0.3155 -0.0530 0.9474
vn -0.3174 -0.0523 0.9468
vn 0.9512 0.1209 0.2839
vn 0.9490 0.1365 0.2842
vn 0.9471 0.0871 0.3089
vn 0.8139 0.1127 0.5699
vn 0.8128 0.1466 0.5638
vn 0.8050 0.0670 0.5894
vn -0.3753 -0.8565 0.3544
vn 0.5131 -0.6752 0.5299
vn 0.5941 -0.6386 0.4890
vn 0.7668 -0.6288 0.1290
vn 0.9131 0.3196 0.2532
vn 0.9036 0.3530 0.2428
vn 0.9158 0.3051 0.2611
vn 0.0165 -0.9441 -0.3293
vn 0.6927 -0.6616 0.2871
vn 0.4477 -0.0163 0.8940
vn 0.4416 -0.0338 0.8966
vn 0.4461 -0.0100 0.8949
vn 0.6508 -0.0516 0.7575
vn 0.6434 -0.0661 0.7626
vn 0.6511 -0.0463 0.7576
vn 0.8253 -0.1505 0.5443
vn 0.8208 -0.1564 0.5494
vn 0.8272 -0.1483 0.5420
vn 0.9011 -0.3496 0.2567
vn 0.9015 -0.3494 0.2555
vn 0.9007 -0.3496 0.2578
vn 0.8486 -0.5258 -0.0587
vn 0.8450 -0.5317 -0.0573
vn 0.8502 -0.5235 -0.0549
vn -0.3099 -0.0823 0.9472
vn 0.2502 -0.0584 0.9664
vn 0.2507 -0.0409 0.9672
vn 0.0145 0.8990 0.4378
vn 0.0223 0.9168 0.3986
vn 0.0059 0.8890 0.4578
vn -0.3536 0.4227 0.8344
vn -0.3532 0.4083 0.8417
vn -0.3606 0.4543 0.8146
vn -0.5254 0.1184 0.8426
vn -0.5083 0.1775 0.8427
vn -0.5306 0.0956 0.8422
vn -0.0785 0.4212 0.9036
vn -0.0832 0.3984 0.9134
vn -0.2899 0.3741 0.8809
vn -0.2944 0.3924 0.8714
vn -0.2747 0.3726 0.8864
vn 0.0687 0.4112 0.9089
vn 0.1273 0.2545 0.9587
vn 0.0274 0.5191 0.8542
vn -0.1675 0.2877 0.9429
vn -0.1302 0.2906 0.9479
vn -0.2127 0.2828 0.9353
vn 0.6735 0.5571 -0.4858
vn 0.6642 0.5542 -0.5017
vn 0.6805 0.5634 -0.4685
vn 0.5183 0.7280 0.4488
vn 0.5118 0.7659 0.3892
vn 0.4823 0.6715 0.5626
vn 0.9619 -0.1443 -0.2322
vn 0.9276 -0.2959 -0.2279
vn 0.9682 -0.1234 -0.2178
vn -0.7941 0.1168 0.5964
vn -0.7955 0.1045 0.5969
vn -0.7960 0.1402 0.5888
vn 0.9894 -0.0012 -0.1453
vn 0.9568 -0.1759 -0.2315
vn 0.9950 0.0035 -0.0993
vn 0.4605 0.2666 0.8467
vn 0.4163 0.2891 0.8620
vn -0.3441 0.1228 0.9309
vn 0.1044 0.8826 0.4583
vn 0.0946 0.8337 0.5440
vn 0.0877 0.9247 0.3704
vn 0.8190 0.5553 0.1447
vn 0.8227 0.5308 0.2034
vn 0.8065 0.5852 0.0841
vn 0.9316 0.0043 0.3634
vn 0.9234 -0.0382 0.3819
vn 0.9286 0.0155 0.3708
vn 0.9569 -0.2898 -0.0186
vn 0.9237 -0.3829 -0.0109
vn 0.9607 -0.2777 -0.0024
vn 0.9822 -0.1701 0.0793
vn 0.9670 -0.2396 0.0865
vn 0.9819 -0.1637 0.0949
vn 0.9870 -0.0601 0.1493
vn 0.9832 -0.0207 0.1814
vn 0.9874 -0.0882 0.1314
vn 0.0999 0.6898 0.7171
vn 0.1294 0.6496 0.7492
vn 0.0415 0.6959 0.7169
vn -0.5007 0.4600 0.7333
vn -0.5015 0.4104 0.7617
vn -0.5303 0.4653 0.7087
vn 0.6914 0.6942 0.2000
vn 0.6448 0.6978 0.3119
vn 0.7628 0.6412 0.0839
vn 0.1224 0.7576 0.6412
vn 0.1349 0.7357 0.6638
vn 0.0694 0.7692 0.6352
vn -0.8526 0.3568 0.3817
vn -0.8629 0.2930 0.4118
vn -0.2564 0.9306 0.2611
vn -0.2889 0.9498 0.1197
vn -0.2542 0.8727 0.4168
vn 0.8346 0.5227 -0.1737
vn 0.8505 0.4788 -0.2177
vn 0.8361 0.5277 -0.1500
vn 0.2764 -0.5357 -0.7979
vn 0.2518 -0.4460 -0.8589
vn 0.3036 -0.6742 -0.6733
vn 0.2159 0.0225 -0.9762
vn 0.2109 0.0258 -0.9772
vn 0.1464 0.9814 -0.1243
vn 0.1390 0.9883 -0.0622
vn 0.3165 -0.8599 -0.4004
vn 0.3120 -0.8513 -0.4218
vn 0.3252 -0.8699 -0.3708
vn 0.1236 0.9894 0.0765
vn 0.1247 0.9921 -0.0111
vn 0.3379 -0.8572 -0.3886
vn 0.1189 0.8150 -0.5671
vn 0.1398 0.8699 -0.4731
vn 0.1245 0.7404 -0.6605
vn 0.1041 0.6498 -0.7530
vn 0.1101 0.6823 -0.7227
vn 0.1084 0.5990 -0.7934
vn 0.2080 0.6658 0.7166
vn 0.2005 0.6464 0.7362
vn 0.1630 0.6953 0.6999
vn -0.8640 0.5032 -0.0178
vn -0.8801 0.4725 -0.0473
vn -0.8556 0.5174 0.0188
vn 0.1561 0.5195 -0.8401
vn 0.1610 0.5385 -0.8271
vn 0.1600 0.4962 -0.8534
vn 0.1231 0.9602 0.2507
vn 0.3245 0.9357 0.1386
vn 0.0271 0.9617 0.2728
vn 0.2492 0.2353 -0.9394
vn 0.2299 0.2630 -0.9370
vn 0.2497 0.2277 -0.9412
vn 0.8378 0.1475 -0.5257
vn 0.8198 0.0736 -0.5679
vn 0.8464 0.1526 -0.5102
vn -0.2176 0.3046 0.9273
vn -0.2338 0.2838 0.9299
vn 0.2670 0.8021 -0.5341
vn 0.4975 0.6113 -0.6154
vn 0.0835 0.8518 -0.5172
vn -0.9250 0.3011 -0.2317
vn -0.9283 0.2851 -0.2385
vn -0.9161 0.3198 -0.2420
vn 0.8251 0.5174 -0.2269
vn 0.8311 0.5039 -0.2353
vn -0.7816 0.4985 -0.3750
vn -0.7475 0.5858 -0.3133
vn -0.7869 0.4536 -0.4184
vn -0.9491 -0.3114 0.0464
vn -0.9731 -0.2268 0.0413
vn 0.0961 0.8140 -0.5729
vn -0.3749 0.9103 -0.1754
vn -0.4292 0.8617 -0.2705
vn -0.3418 0.9366 -0.0775
vn -0.9975 0.0194 0.0675
vn -0.9952 0.0295 0.0931
vn -0.9986 -0.0025 0.0526
vn -0.2736 -0.5384 -0.7970
vn -0.2399 -0.5736 -0.7832
vn -0.2624 -0.5079 -0.8204
vn 0.5399 0.1310 -0.8315
vn 0.6311 -0.0722 -0.7723
vn -0.2237 0.8837 -0.4110
vn -0.2285 0.8842 -0.4075
vn 0.6690 0.1823 -0.7205
vn 0.6714 0.1567 -0.7243
vn 0.6745 0.1874 -0.7141
vn 0.9622 -0.1208 0.2440
vn 0.9637 -0.1105 0.2428
vn 0.9617 -0.1231 0.2449
vn -0.9266 0.3515 -0.1337
vn -0.9250 0.3612 -0.1177
vn -0.9295 0.3436 -0.1340
vn 0.0669 -0.5555 -0.8288
vn 0.0615 -0.5713 -0.8185
vn 0.0861 -0.5482 -0.8319
vn -0.5180 -0.2537 -0.8169
vn -0.6452 -0.0935 -0.7582
vn -0.3721 -0.4403 -0.8171
vn -0.4636 0.1238 0.8773
vn -0.6150 -0.0781 0.7846
vn -0.1411 0.1964 0.9703
vn 0.0186 0.6942 -0.7196
vn 0.8691 0.1110 -0.4820
vn 0.8793 0.1306 -0.4580
vn 0.8573 0.1225 -0.5001
vn 0.7717 0.1695 -0.6130
vn 0.7786 0.1461 -0.6103
vn 0.7783 0.1924 -0.5977
vn 0.1340 0.7743 -0.6184
vn 0.1060 0.7924 -0.6007
vn 0.7651 0.2271 -0.6025
vn 0.7755 0.1539 -0.6123
vn 0.7450 0.2847 -0.6032
vn -0.4777 0.3634 -0.7998
vn -0.4718 0.3602 -0.8048
vn -0.4816 0.3627 -0.7978
vn 0.5665 0.8084 0.1597
vn 0.6677 0.7213 0.1842
vn 0.5299 0.8360 0.1426
vn -0.0649 0.4619 -0.8846
vn -0.9195 0.2672 0.2884
vn -0.9091 0.2639 0.3225
vn -0.9257 0.2822 0.2517
vn -0.1029 0.5387 -0.8362
vn -0.1304 0.4561 -0.8803
vn -0.0918 0.6423 -0.7609
vn 0.0627 0.8908 0.4500
vn 0.0265 0.9107 0.4123
vn 0.0905 0.8622 0.4984
vn -0.9986 -0.0372 0.0365
vn -0.9981 -0.0414 0.0451
vn -0.9990 -0.0323 0.0301
vn 0.5490 0.6012 -0.5806
vn 0.5472 0.5994 -0.5842
vn 0.5528 0.6002 -0.5781
vn -0.2013 0.5884 -0.7831
vn -0.2123 0.5112 -0.8328
vn -0.2118 0.6705 -0.7110
vn -0.1713 0.9580 -0.2301
vn -0.1722 0.9548 -0.2421
vn -0.1643 0.9597 -0.2278
vn 0.6767 0.4144 -0.6086
vn 0.6920 0.3703 -0.6197
vn -0.0574 0.1069 -0.9926
vn -0.0633 0.1140 -0.9915
vn -0.9735 0.1067 -0.2021
vn -0.9727 0.1026 -0.2082
vn -0.9736 0.1082 -0.2009
vn -0.3329 0.8755 -0.3503
vn -0.3077 0.9045 -0.2954
vn -0.3346 0.8500 -0.4069
vn 0.8563 0.1366 -0.4981
vn 0.8622 0.1547 -0.4823
vn 0.8462 0.1416 -0.5137
vn -0.8665 0.4775 -0.1455
vn -0.8685 0.4735 -0.1469
vn -0.2796 0.9491 -0.1449
vn -0.2777 0.9586 -0.0625
vn 0.9247 0.3781 -0.0454
vn 0.9820 0.1848 -0.0401
vn 0.8938 0.4447 -0.0587
vn 0.1114 -0.2342 0.9658
vn 0.1694 -0.1120 0.9792
vn 0.0834 -0.3563 0.9307
vn 0.7295 0.6253 0.2773
vn 0.7485 0.6244 0.2232
vn 0.6971 0.6423 0.3186
vn 0.8640 -0.4781 -0.1578
vn 0.5584 0.8251 0.0864
vn 0.5448 0.8337 0.0902
vn -0.5837 0.8017 -0.1287
vn -0.5910 0.7990 -0.1112
vn -0.5834 0.8006 -0.1368
vn 0.8647 0.4465 -0.2302
vn 0.8752 0.4183 -0.2431
vn 0.8520 0.4910 -0.1815
vn 0.2086 -0.9765 0.0547
vn 0.2086 -0.9765 0.0542
vn 0.2083 -0.9765 0.0548
vn 0.8673 0.4929 -0.0693
vn 0.8825 0.4592 -0.1022
vn 0.8657 0.5005 -0.0111
vn -0.0419 -0.9991 0.0047
vn -0.0332 -0.9987 -0.0384
vn -0.0426 -0.9980 0.0465
vn -0.7006 -0.7129 0.0288
vn -0.3860 0.5574 0.7351
vn -0.3657 0.5405 0.7577
vn -0.3850 0.5787 0.7189
vn 0.0384 0.7285 0.6839
vn 0.0163 0.7438 0.6682
vn 0.0858 0.7237 0.6848
vn 0.0864 0.7403 0.6667
vn 0.0718 0.7668 0.6379
vn 0.1421 0.7240 0.6750
vn 0.1257 0.8512 0.5096
vn 0.0893 0.8637 0.4961
vn 0.1856 0.8386 0.5122
vn 0.6569 0.7517 0.0584
vn 0.6403 0.7660 0.0576
vn 0.6745 0.7358 0.0609
vn -0.9327 -0.0096 0.3606
vn -0.9276 0.0357 0.3720
vn -0.9418 -0.0464 0.3330
vn -0.3559 0.8386 0.4125
vn -0.3045 0.8499 0.4301
vn -0.3854 0.8297 0.4039
vn 0.8733 0.4854 -0.0418
vn 0.8963 0.4366 -0.0776
vn 0.8726 0.4881 -0.0195
vn 0.9225 0.3859 -0.0004
vn 0.9156 0.4015 0.0207
vn 0.7332 -0.2413 0.6357
vn 0.7241 -0.2542 0.6412
vn 0.7343 -0.2360 0.6365
vn 0.9567 0.2665 0.1169
vn 0.9511 0.3006 0.0704
vn 0.9630 0.2419 0.1187
vn 0.9367 -0.0890 0.3386
vn 0.9512 -0.0539 0.3037
vn 0.9335 -0.1054 0.3427
vn 0.7821 -0.0360 0.6222
vn 0.8125 0.0100 0.5828
vn 0.7733 -0.0539 0.6318
vn 0.8722 -0.3790 -0.3092
vn 0.8749 -0.3840 -0.2950
vn 0.8761 -0.3673 -0.3124
vn 0.9452 0.2909 0.1483
vn 0.9208 0.3721 0.1171
vn 0.9635 0.1846 0.1941
vn -0.0350 -0.1409 -0.9894
vn 0.0809 -0.4438 -0.8925
vn -0.3792 0.1518 0.9128
vn -0.3661 0.1463 0.9190
vn -0.3840 0.1483 0.9113
vn 0.9239 0.3808 -0.0373
vn 0.9159 0.3939 -0.0767
vn 0.9511 0.3075 -0.0293
vn -0.1853 -0.4416 -0.8778
vn -0.1450 -0.5058 -0.8504
vn -0.1714 -0.4172 -0.8925
vn -0.8273 0.5608 0.0342
vn -0.8248 0.5622 0.0609
vn -0.8322 0.0370 0.5532
vn -0.8370 0.0591 0.5440
vn -0.8286 0.0359 0.5588
vn 0.0708 0.9635 0.2583
vn 0.0744 0.9604 0.2684
vn 0.0580 0.9650 0.2556
vn 0.8740 0.3128 0.3719
vn 0.8315 0.4524 0.3224
vn 0.8863 0.1950 0.4200
vn 0.5910 0.0020 -0.8066
vn 0.5725 0.0129 -0.8198
vn 0.6067 -0.0266 -0.7945
vn -0.3744 0.1009 -0.9218
vn -0.3541 0.0586 -0.9334
vn -0.9042 0.4200 -0.0769
vn -0.9055 0.4150 -0.0889
vn -0.9006 0.4280 -0.0755
vn -0.3674 0.6114 -0.7009
vn -0.3638 0.5813 -0.7279
vn -0.3525 0.6231 -0.6982
vn -0.4238 0.5840 -0.6923
vn -0.4183 0.5123 -0.7500
vn -0.4446 0.6359 -0.6308
vn 0.7771 -0.6100 0.1551
vn 0.7706 -0.6233 0.1329
vn 0.7760 -0.6085 0.1659
vn -0.1334 -0.7771 -0.6150
vn -0.1391 -0.7825 -0.6069
vn -0.1205 -0.7762 -0.6189
vn -0.5738 -0.7044 -0.4179
vn -0.5597 -0.7282 -0.3956
vn -0.5674 -0.7050 -0.4255
vn 0.3067 -0.7410 -0.5974
vn 0.3332 -0.7697 -0.5446
vn 0.2755 -0.7047 -0.6538
vn -0.6004 0.1100 0.7921
vn -0.5974 0.1099 0.7944
vn -0.6019 0.1071 0.7913
vn -0.3671 0.7726 -0.5179
vn -0.3283 0.8227 -0.4641
vn -0.3832 0.7274 -0.5693
vn -0.4100 0.8916 0.1924
vn -0.4156 0.8888 0.1933
vn -0.4032 0.8950 0.1910
vn -0.1318 -0.0022 -0.9913
vn 0.0174 -0.2019 -0.9793
vn -0.2437 0.2053 -0.9479
vn -0.6857 -0.7069 -0.1736
vn -0.2606 -0.2374 0.9358
vn 0.1571 0.9641 0.2139
vn 0.1942 0.9775 0.0827
vn 0.1833 0.9211 0.3434
vn 0.1350 -0.0564 0.9892
vn 0.0836 -0.0433 0.9956
vn 0.5560 -0.0801 0.8273
vn 0.5429 -0.0997 0.8338
vn 0.5576 -0.0729 0.8269
vn 0.2269 -0.0576 0.9722
vn 0.2054 -0.0823 0.9752
vn -0.2747 0.7869 0.5526
vn -0.3425 0.7087 0.6168
vn -0.2664 0.8590 0.4372
vn 0.8451 -0.1470 0.5141
vn 0.8532 -0.0714 0.5166
vn 0.8538 -0.1614 0.4948
vn 0.5890 -0.1453 0.7950
vn 0.6020 -0.1079 0.7911
vn 0.5890 -0.1579 0.7926
vn -0.7661 -0.5992 -0.2324
vn -0.7651 -0.6001 -0.2335
vn -0.7669 -0.5980 -0.2328
vn 0.9230 0.1696 -0.3455
vn 0.8954 0.2141 -0.3904
vn 0.9293 0.1289 -0.3460
vn 0.4216 -0.0561 0.9050
vn 0.4097 -0.0725 0.9093
vn 0.4255 -0.0498 0.9036
vn -0.1143 -0.1281 0.9852
vn 0.8912 0.0963 0.4432
vn 0.8811 0.1175 0.4580
vn 0.9051 0.0933 0.4149
vn 0.5951 0.0232 0.8033
vn 0.5665 -0.0138 0.8239
vn 0.6044 0.0358 0.7959
vn -0.7353 -0.6658 -0.1264
vn -0.7033 -0.7026 -0.1083
vn -0.8407 0.5240 0.1364
vn -0.8262 0.5341 0.1792
vn -0.8452 0.5246 0.1025
vn -0.0687 -0.1149 0.9910
vn -0.0722 -0.1218 0.9899
vn -0.3070 0.0052 0.9517
vn -0.3029 -0.0100 0.9530
vn -0.3165 0.0070 0.9486
vn -0.8633 0.2945 -0.4098
vn -0.8489 0.2076 -0.4860
vn -0.8461 0.3471 -0.4046
vn 0.0686 -0.0812 0.9943
vn 0.0486 -0.0963 0.9942
vn 0.0844 -0.0756 0.9936
vn -0.1658 -0.1970 0.9663
vn -0.1560 -0.2020 0.9669
vn -0.1778 -0.1982 0.9639
vn 0.2141 -0.0343 0.9762
vn 0.1950 -0.0630 0.9788
vn 0.2196 -0.0249 0.9753
vn -0.0697 -0.0996 0.9926
vn -0.0748 -0.1001 0.9922
vn -0.0645 -0.0985 0.9930
vn -0.0393 -0.9955 -0.0867
vn 0.1325 0.9163 -0.3780
vn 0.1288 0.9239 -0.3604
vn 0.1221 0.9139 -0.3871
vn -0.6608 -0.7503 -0.0191
vn -0.6622 -0.7481 -0.0419
vn -0.6571 -0.7538 -0.0065
vn 0.0544 -0.1036 0.9931
vn 0.0481 -0.1058 0.9932
vn 0.0602 -0.1023 0.9929
vn 0.8670 0.0580 -0.4949
vn 0.8584 0.1047 -0.5021
vn 0.8701 0.0405 -0.4911
vn -0.1148 -0.1267 0.9853
vn 0.0470 -0.0812 0.9956
vn 0.0401 -0.0921 0.9949
vn -0.2646 0.6665 0.6970
vn -0.2796 0.5612 0.7790
vn -0.0161 0.2172 0.9760
vn -0.0048 0.2274 0.9738
vn -0.0260 0.2128 0.9767
vn -0.1236 -0.1066 0.9866
vn 0.3475 0.7061 0.6170
vn 0.3414 0.6928 0.6352
vn 0.3119 0.7347 0.6024
vn -0.0530 -0.1036 0.9932
vn -0.0598 -0.1035 0.9928
vn -0.0460 -0.1019 0.9937
vn 0.9649 -0.2334 -0.1205
vn 0.9684 -0.1964 -0.1536
vn 0.9590 -0.2553 -0.1228
vn -0.2722 0.1222 -0.9544
vn -0.2458 0.0481 -0.9681
vn -0.2447 0.1540 -0.9573
vn -0.1880 -0.1418 0.9719
vn -0.2052 -0.1473 0.9676
vn -0.8295 0.0417 0.5569
vn -0.8291 0.0523 0.5567
vn -0.8278 0.0397 0.5596
vn 0.8013 0.5659 -0.1942
vn 0.8145 0.5383 -0.2164
vn 0.8368 -0.5458 -0.0431
vn 0.8269 -0.5616 -0.0302
vn 0.8417 -0.5385 -0.0401
vn 0.1760 0.5320 -0.8282
vn 0.1941 0.5281 -0.8267
vn 0.1616 0.5334 -0.8303
vn -0.0835 -0.8837 -0.4606
vn -0.0801 -0.8875 -0.4538
vn -0.0794 -0.8815 -0.4654
vn -0.5800 0.6799 -0.4486
vn -0.5846 0.6788 -0.4444
vn -0.5763 0.6815 -0.4510
vn -0.2790 -0.1664 0.9458
vn -0.2778 -0.1781 0.9440
vn -0.2836 -0.1645 0.9447
vn 0.3841 -0.0291 0.9228
vn 0.3661 -0.0553 0.9289
vn 0.3887 -0.0207 0.9211
vn -0.0995 -0.9225 -0.3730
vn -0.1062 -0.8456 -0.5231
vn -0.0691 -0.9528 -0.2957
vn 0.3949 -0.7993 -0.4529
vn 0.3926 -0.7966 -0.4596
vn -0.2185 -0.1826 0.9586
vn 0.8938 -0.4456 0.0507
vn 0.9138 -0.3987 0.0776
vn 0.8437 -0.5365 -0.0164
vn 0.6528 0.7490 0.1134
vn 0.5974 0.7951 0.1047
vn 0.6759 0.7263 0.1250
vn 0.6110 -0.1090 0.7841
vn 0.6066 -0.0717 0.7917
vn 0.6264 -0.1127 0.7713
vn -0.0027 -0.0666 0.9978
vn -0.0026 -0.0666 0.9978
vn 0.1033 0.3242 0.9403
vn 0.1529 0.2714 0.9502
vn 0.0499 0.4001 0.9151
vn 0.6016 -0.0727 -0.7955
vn 0.6035 -0.0951 -0.7917
vn 0.6173 -0.0444 -0.7855
vn 0.5791 -0.1562 0.8001
vn 0.5799 -0.1577 0.7993
vn 0.5773 -0.1556 0.8016
vn 0.8111 0.4725 -0.3448
vn 0.8063 0.4950 -0.3238
vn 0.8008 0.4751 -0.3647
vn 0.5503 0.0924 -0.8299
vn 0.6016 0.0538 -0.7970
vn 0.5402 0.1088 -0.8344
vn -0.9267 0.0353 -0.3742
vn -0.9328 0.0504 -0.3568
vn -0.9265 0.0275 -0.3754
vn -0.8175 0.0137 0.5758
vn -0.8164 -0.0055 0.5774
vn -0.8215 0.0169 0.5700
vn -0.7345 -0.6443 -0.2132
vn -0.7027 -0.6784 -0.2143
vn -0.7494 -0.6280 -0.2097
vn 0.1813 0.9515 -0.2484
vn 0.1884 0.9426 -0.2755
vn 0.1956 0.9527 -0.2327
vn -0.5095 0.7234 -0.4659
vn -0.5138 0.6766 -0.5274
vn -0.5152 0.7579 -0.4003
vn -0.2265 0.7396 0.6338
vn -0.2212 0.7096 0.6690
vn -0.2478 0.7800 0.5746
vn 0.0182 -0.0804 0.9966
vn 0.0038 -0.1015 0.9948
vn -0.2457 0.3095 0.9186
vn -0.2439 0.3018 0.9216
vn -0.2515 0.3108 0.9166
vn -0.2940 0.1054 0.9500
vn -0.2823 0.1433 0.9486
vn -0.2932 0.0962 0.9512
vn 0.0630 -0.0504 0.9967
vn 0.0469 -0.0337 0.9983
vn 0.0831 -0.0483 0.9954
vn 0.8551 0.2444 0.4573
vn 0.8681 0.2957 0.3987
vn 0.8559 0.2152 0.4702
vn 0.4725 0.8041 -0.3607
vn 0.4750 0.7791 -0.4092
vn 0.4636 0.8444 -0.2684
vn 0.5581 0.1853 0.8088
vn 0.5074 0.1069 0.8550
vn -0.9885 0.1207 0.0916
vn -0.9221 0.3557 0.1521
vn -0.8138 -0.2923 0.5022
vn -0.8142 -0.2979 0.4984
vn -0.8140 -0.2908 0.5028
vn -0.0768 -0.1332 0.9881
vn -0.0885 -0.1475 0.9851
vn 0.9154 0.2914 -0.2777
vn 0.8987 0.2805 -0.3370
vn 0.9201 0.3116 -0.2373
vn -0.1517 -0.0576 0.9868
vn -0.1573 -0.0634 0.9855
vn -0.1474 -0.0551 0.9875
vn 0.8281 -0.5082 -0.2364
vn 0.8348 -0.4888 -0.2533
vn 0.7958 -0.5562 -0.2395
vn -0.0629 -0.9515 -0.3011
vn -0.0673 -0.9473 -0.3132
vn -0.0661 -0.9522 -0.2983
vn -0.7969 -0.3051 0.5214
vn -0.1852 -0.1038 0.9772
vn -0.1793 -0.1025 0.9784
vn -0.1907 -0.1055 0.9760
vn 0.8594 -0.3648 0.3582
vn 0.8472 -0.3836 0.3676
vn 0.8613 -0.3562 0.3624
vn -0.2697 0.9530 0.1379
vn -0.2543 0.9417 0.2204
vn -0.2724 0.9607 0.0536
vn 0.2202 0.0414 0.9746
vn 0.2292 0.1103 0.9671
vn 0.2470 0.0185 0.9688
vn -0.7868 0.1423 0.6006
vn -0.7874 0.1249 0.6037
vn -0.7907 0.1716 0.5877
vn 0.0826 0.8588 -0.5056
vn 0.0750 0.8904 -0.4489
vn 0.2940 0.5097 0.8086
vn 0.3790 0.3039 0.8741
vn 0.2334 0.6440 0.7286
vn -0.7844 -0.3816 0.4889
vn -0.7818 -0.3923 0.4846
vn -0.7876 -0.3786 0.4863
vn 0.3693 -0.7888 -0.4914
vn 0.3642 -0.7867 -0.4984
vn 0.3664 -0.7929 -0.4868
vn -0.0997 -0.9549 -0.2796
vn -0.1012 -0.9540 -0.2823
vn -0.1005 -0.9550 -0.2792
vn 0.8903 -0.2090 0.4046
vn 0.8634 -0.1011 0.4942
vn 0.8997 -0.2523 0.3563
vn -0.3008 0.9456 -0.1237
vn -0.2466 0.9683 -0.0397
vn -0.3109 0.9316 -0.1881
vn -0.0760 0.1567 0.9847
vn -0.0760 0.1655 0.9833
vn -0.0705 0.1540 0.9856
vn -0.4402 0.6071 -0.6616
vn -0.3927 0.6854 -0.6132
vn -0.4548 0.5120 -0.7287
vn -0.7700 -0.6329 -0.0812
vn -0.8038 -0.5922 -0.0571
vn -0.7178 -0.6892 -0.0983
vn -0.2146 0.1703 0.9617
vn -0.2230 0.1699 0.9599
vn -0.6545 0.4811 -0.5832
vn -0.6534 0.5319 -0.5386
vn -0.3963 0.9018 0.1723
vn -0.4037 0.8972 0.1789
vn 0.4737 0.7851 -0.3991
vn 0.4740 0.7846 -0.3996
vn 0.9229 -0.2029 -0.3272
vn 0.9271 -0.2017 -0.3159
vn 0.9190 -0.1992 -0.3402
vn 0.2866 0.0078 0.9580
vn 0.2514 -0.0347 0.9673
vn 0.3078 0.0201 0.9512
vn 0.3666 -0.0730 0.9275
vn 0.3562 -0.0871 0.9303
vn 0.3694 -0.0683 0.9268
vn -0.7999 -0.3748 0.4686
vn -0.7977 -0.3775 0.4703
vn 0.6058 0.1186 0.7867
vn 0.5906 0.1339 0.7957
vn -0.9122 -0.4093 0.0180
vn -0.9102 -0.4139 0.0163
vn -0.5629 -0.8069 -0.1790
vn -0.5425 -0.8150 -0.2037
vn -0.5700 -0.8072 -0.1536
vn -0.5922 0.7994 -0.1017
vn -0.5014 0.8652 -0.0000
vn -0.6355 0.7522 -0.1743
vn 0.6672 -0.6876 -0.2864
vn 0.6603 -0.6418 -0.3899
vn 0.7010 -0.7058 -0.1024
vn -0.7967 0.2732 -0.5391
vn -0.7725 0.2437 -0.5864
vn -0.8070 0.3127 -0.5009
vn -0.8120 -0.0536 0.5813
vn -0.8132 -0.0733 0.5774
vn -0.8148 -0.0490 0.5777
vn -0.1192 0.9255 0.3596
vn -0.0655 0.9382 0.3399
vn -0.1491 0.9197 0.3633
vn 0.3406 0.3045 0.8895
vn 0.3707 0.2476 0.8951
vn 0.3246 0.3408 0.8823
vn 0.6338 -0.3138 0.7070
vn 0.6067 -0.3635 0.7070
vn 0.6381 -0.2978 0.7101
vn 0.3846 0.1108 0.9164
vn 0.3277 0.0523 0.9433
vn 0.4314 0.1262 0.8933
vn -0.4000 0.5568 0.7280
vn -0.3901 0.5764 0.7180
vn -0.4072 0.5221 0.7494
vn -0.3756 0.9075 0.1878
vn 0.2940 -0.0751 0.9528
vn 0.2613 -0.0358 0.9646
vn 0.3355 -0.0711 0.9394
vn 0.3433 -0.7702 -0.5375
vn -0.3145 0.8317 0.4576
vn -0.3053 0.8491 0.4310
vn -0.3270 0.8165 0.4758
vn 0.7858 0.2262 0.5757
vn 0.7620 0.2044 0.6145
vn 0.8069 0.2313 0.5435
vn 0.1440 -0.9094 -0.3902
vn 0.1697 -0.9460 -0.2763
vn 0.1159 -0.8321 -0.5424
vn -0.1269 0.9647 0.2306
vn -0.2299 0.9632 0.1392
vn -0.0977 0.9471 0.3058
vn 0.7038 0.2206 -0.6753
vn 0.6802 0.1924 -0.7074
vn 0.7221 0.2606 -0.6408
vn -0.7910 -0.6073 -0.0743
vn -0.7828 -0.6183 -0.0702
vn 0.9605 0.2778 0.0136
vn 0.9708 0.2397 0.0130
vn 0.9587 0.2838 0.0163
vn -0.0863 -0.9266 -0.3661
vn -0.0719 -0.9241 -0.3752
vn -0.0945 -0.9242 -0.3701
vn -0.2240 0.7055 0.6724
vn -0.2235 0.7138 0.6638
vn -0.2200 0.7043 0.6750
vn 0.8995 0.4086 0.1548
vn 0.8924 0.4289 0.1404
vn 0.9032 0.3972 0.1626
vn 0.8477 -0.2388 -0.4737
vn 0.8740 -0.2387 -0.4232
vn 0.8242 -0.2100 -0.5259
vn 0.7878 0.0912 -0.6091
vn 0.7526 0.0130 -0.6583
vn 0.8578 0.4853 -0.1693
vn 0.9866 0.1596 0.0342
vn 0.8313 0.5381 -0.1396
vn 0.9066 -0.2648 -0.3287
vn 0.9114 -0.2679 -0.3125
vn 0.9088 -0.2492 -0.3346
vn 0.8168 -0.4746 -0.3279
vn 0.8435 -0.4609 -0.2760
vn 0.8199 -0.4347 -0.3725
vn 0.6322 -0.1198 -0.7655
vn 0.5387 -0.4358 -0.7210
vn 0.6013 0.0972 -0.7931
vn -0.7260 -0.2348 -0.6464
vn -0.6812 -0.3251 -0.6560
vn 0.8298 0.2665 0.4904
vn 0.8617 0.2981 0.4106
vn 0.7203 -0.0505 -0.6918
vn 0.6724 -0.1308 -0.7286
vn 0.7425 -0.0603 -0.6672
vn 0.2327 -0.9715 -0.0444
vn 0.2329 -0.9714 -0.0453
vn 0.2332 -0.9714 -0.0439
vn 0.5739 -0.8133 -0.0959
vn 0.5696 -0.8133 -0.1186
vn 0.5613 -0.8235 -0.0830
vn -0.7591 -0.5452 -0.3556
vn -0.7793 -0.5236 -0.3442
vn -0.7431 -0.5602 -0.3661
vn -0.1005 -0.8935 -0.4377
vn -0.1000 -0.8943 -0.4362
vn -0.0998 -0.8933 -0.4382
vn 0.8056 0.5923 -0.0158
vn 0.8073 0.5901 -0.0089
vn 0.7988 0.6014 -0.0176
vn 0.6826 0.7244 0.0967
vn 0.4447 0.8752 0.1905
vn 0.8121 0.5756 0.0959
vn 0.9323 0.3397 -0.1240
vn 0.9074 0.3666 -0.2054
vn 0.9359 0.3478 -0.0561
vn 0.1790 0.1859 0.9661
vn 0.1464 0.2640 0.9534
vn 0.1965 0.1027 0.9751
vn 0.1474 0.4689 -0.8708
vn 0.1474 0.4694 -0.8706
vn -0.3473 -0.2778 0.8956
vn 0.6216 -0.3340 -0.7085
vn 0.5895 -0.3146 -0.7440
vn 0.6127 -0.3868 -0.6892
vn -0.6628 -0.7488 -0.0053
vn -0.6592 -0.7516 -0.0234
vn -0.6651 -0.7468 0.0015
vn -0.2142 0.5779 0.7875
vn -0.2125 0.5646 0.7975
vn -0.2209 0.5790 0.7848
vn -0.5572 0.2613 0.7882
vn -0.5728 0.1933 0.7966
vn -0.5648 0.2820 0.7755
vn -0.1108 0.3415 -0.9333
vn -0.1166 0.3418 -0.9325
vn -0.1068 0.3353 -0.9360
vn 0.2027 -0.0477 0.9781
vn 0.1933 -0.0582 0.9794
vn 0.2078 -0.0442 0.9772
vn 0.4021 -0.8115 -0.4241
vn 0.4079 -0.8152 -0.4113
vn 0.3943 -0.8061 -0.4413
vn 0.0942 -0.0297 0.9951
vn 0.0630 -0.0458 0.9970
vn -0.0960 -0.9949 -0.0297
vn 0.4166 0.1613 0.8947
vn 0.4086 0.1730 0.8962
vn -0.3338 -0.0577 0.9409
vn -0.3337 -0.0577 0.9409
vn -0.1314 0.0182 0.9912
vn -0.1318 0.0179 0.9911
vn -0.5636 -0.1389 0.8143
vn 0.9877 0.1515 -0.0395
vn -0.7911 -0.2062 0.5759
vn 0.2498 0.0374 0.9676
vn 0.9922 0.0944 -0.0816
vn 0.9915 0.1008 -0.0826
vn 0.9921 0.0910 -0.0861
vn 0.6189 0.1167 0.7767
vn 0.6268 0.1479 0.7650
vn 0.6255 0.1047 0.7732
vn -0.3168 -0.0519 0.9471
vn 0.9445 0.1469 0.2939
vn 0.9454 0.1585 0.2848
vn 0.4173 0.0570 0.9070
vn 0.4226 0.0656 0.9039
vn 0.8071 0.1479 0.5716
vn 0.8109 0.1662 0.5610
vn 0.8094 0.1400 0.5703
vt 0.123215 0.404970
vt 0.131444 0.380072
vt 0.139380 0.399339
vt 0.263991 0.071260
vt 0.267420 0.081818
vt 0.261252 0.080502
vt 0.286301 0.074812
vt 0.291283 0.084720
vt 0.284820 0.084306
vt 0.027456 0.404461
vt 0.041370 0.424163
vt 0.024022 0.422180
vt 0.087394 0.394130
vt 0.107339 0.409715
vt 0.091581 0.414296
vt 0.253224 0.068059
vt 0.255868 0.078901
vt 0.249584 0.076540
vt 0.352695 0.096359
vt 0.358310 0.086129
vt 0.360323 0.095848
vt 0.337890 0.096285
vt 0.343890 0.086706
vt 0.345293 0.096322
vt 0.274969 0.073436
vt 0.279155 0.083618
vt 0.272909 0.082906
vt 0.041898 0.404105
vt 0.058787 0.422596
vt 0.323558 0.095734
vt 0.329871 0.086527
vt 0.330724 0.096010
vt 0.242768 0.063802
vt 0.244356 0.074411
vt 0.238201 0.070551
vt 0.296265 0.094628
vt 0.303253 0.085541
vt 0.302970 0.094917
vt 0.367952 0.095337
vt 0.372879 0.084158
vt 0.375549 0.093540
vt 0.309674 0.095207
vt 0.316318 0.086102
vt 0.316616 0.095471
vt 0.057133 0.401903
vt 0.075508 0.418975
vt 0.072374 0.398338
vt 0.102235 0.389798
vt 0.145095 0.374013
vt 0.154815 0.392424
vt 0.373023 0.053981
vt 0.368474 0.064940
vt 0.366545 0.055146
vt 0.040646 0.383896
vt 0.054553 0.381118
vt 0.068690 0.377598
vt 0.082803 0.373675
vt 0.116940 0.385232
vt 0.096735 0.369586
vt 0.110450 0.365290
vt 0.123880 0.360502
vt 0.136803 0.355155
vt 0.027348 0.385789
vt 0.250835 0.058461
vt 0.255848 0.059745
vt 0.390836 0.068491
vt 0.385542 0.050576
vt 0.360067 0.056311
vt 0.354978 0.066719
vt 0.353593 0.056902
vt 0.261232 0.061345
vt 0.266243 0.062317
vt 0.282440 0.064794
vt 0.287595 0.065296
vt 0.334537 0.057804
vt 0.328749 0.067400
vt 0.328473 0.057708
vt 0.310755 0.057147
vt 0.304392 0.066454
vt 0.305170 0.056846
vt 0.347119 0.057494
vt 0.341651 0.067408
vt 0.340828 0.057649
vt 0.322409 0.057612
vt 0.316325 0.067033
vt 0.316582 0.057379
vt 0.402824 0.063201
vt 0.397445 0.046569
vt 0.298029 0.075761
vt 0.293459 0.065770
vt 0.298807 0.066152
vt 0.271732 0.063405
vt 0.276775 0.064106
vt 0.077828 0.353384
vt 0.090885 0.349368
vt 0.116315 0.340558
vt 0.103713 0.345082
vt 0.148786 0.349471
vt 0.128493 0.335530
vt 0.140099 0.330094
vt 0.144442 0.339783
vt 0.278580 0.054776
vt 0.275159 0.045018
vt 0.279880 0.045506
vt 0.299585 0.056544
vt 0.295170 0.046723
vt 0.300133 0.046948
vt 0.380921 0.031632
vt 0.392896 0.028121
vt 0.321843 0.038063
vt 0.316299 0.047605
vt 0.316445 0.037919
vt 0.344707 0.037713
vt 0.339622 0.047758
vt 0.338888 0.037912
vt 0.051236 0.360564
vt 0.064539 0.357153
vt 0.311047 0.037775
vt 0.305316 0.047160
vt 0.305864 0.037564
vt 0.333069 0.038112
vt 0.327739 0.047862
vt 0.327456 0.038088
vt 0.288889 0.055779
vt 0.285034 0.046007
vt 0.289822 0.046340
vt 0.268495 0.053374
vt 0.265350 0.043626
vt 0.270117 0.044317
vt 0.356703 0.036604
vt 0.351911 0.047049
vt 0.350705 0.037158
vt 0.368857 0.034590
vt 0.258473 0.051431
vt 0.255436 0.041716
vt 0.260339 0.042654
vt 0.025067 0.365796
vt 0.038078 0.363460
vt 0.364462 0.045451
vt 0.362780 0.035597
vt 0.157295 0.367013
vt 0.153040 0.358242
vt 0.409895 0.078133
vt 0.396980 0.085723
vt 0.377806 0.072979
vt 0.383146 0.091743
vt 0.380476 0.082361
vt 0.167912 0.382397
vt 0.307038 0.977898
vt 0.299598 0.993737
vt 0.298469 0.978751
vt 0.302754 0.978325
vt 0.100483 0.457757
vt 0.112092 0.430015
vt 0.120105 0.452186
vt 0.290657 0.978496
vt 0.280562 0.978004
vt 0.288114 0.973867
vt 0.431004 0.520330
vt 0.413126 0.508319
vt 0.430952 0.506005
vt 0.176329 0.960226
vt 0.181172 0.965235
vt 0.176508 0.965607
vt 0.202514 0.969554
vt 0.194265 0.969899
vt 0.195967 0.965590
vt 0.328378 0.255809
vt 0.315457 0.242889
vt 0.327635 0.242241
vt 0.053852 0.921305
vt 0.060389 0.916245
vt 0.059869 0.921136
vt 0.307804 0.155457
vt 0.300671 0.144082
vt 0.308738 0.144846
vt 0.090069 0.540435
vt 0.063869 0.568844
vt 0.062753 0.541322
vt 0.346277 0.617179
vt 0.367689 0.600560
vt 0.367842 0.608792
vt 0.367996 0.617024
vt 0.426340 0.641865
vt 0.406944 0.626808
vt 0.426463 0.626786
vt 0.276832 0.862900
vt 0.288886 0.852596
vt 0.288523 0.863130
vt 0.407863 0.362930
vt 0.393396 0.358657
vt 0.405546 0.354338
vt 0.090506 0.794359
vt 0.079956 0.787528
vt 0.090544 0.786844
vt 0.220611 0.910624
vt 0.208637 0.917562
vt 0.209404 0.908734
vt 0.345040 0.177971
vt 0.352640 0.166351
vt 0.354303 0.177176
vt 0.447944 0.956254
vt 0.450674 0.964745
vt 0.446138 0.960456
vt 0.158405 0.352479
vt 0.179901 0.334854
vt 0.179855 0.343390
vt 0.179810 0.351925
vt 0.444639 0.543849
vt 0.462724 0.536481
vt 0.460854 0.542404
vt 0.458984 0.548327
vt 0.410815 0.441572
vt 0.430045 0.425650
vt 0.430255 0.441833
vt 0.334504 0.427554
vt 0.316359 0.437063
vt 0.314542 0.425126
vt 0.444000 0.689158
vt 0.464929 0.675751
vt 0.463862 0.683561
vt 0.462795 0.691371
vt 0.450176 0.458121
vt 0.430103 0.474416
vt 0.430194 0.457814
vt 0.410830 0.424842
vt 0.391072 0.407920
vt 0.410749 0.408490
vt 0.053004 0.910782
vt 0.044327 0.905041
vt 0.052768 0.904586
vt 0.416139 0.214124
vt 0.401709 0.205131
vt 0.413463 0.202565
vt 0.089064 0.726449
vt 0.112944 0.717689
vt 0.108491 0.738039
vt 0.447675 0.520106
vt 0.330727 0.543183
vt 0.340690 0.533454
vt 0.341103 0.542055
vt 0.385414 0.611997
vt 0.406430 0.611747
vt 0.430761 0.409815
vt 0.320850 0.739098
vt 0.330925 0.728392
vt 0.331025 0.738031
vt 0.035013 0.595792
vt 0.003903 0.570190
vt 0.034799 0.569096
vt 0.352733 0.433166
vt 0.334731 0.438355
vt 0.037502 0.322060
vt 0.045759 0.316197
vt 0.045255 0.322857
vt 0.017929 0.053637
vt 0.034612 0.046457
vt 0.033392 0.055107
vt 0.328246 0.652213
vt 0.307964 0.636142
vt 0.327491 0.634811
vt 0.311023 0.745027
vt 0.323587 0.745542
vt 0.319407 0.752112
vt 0.432668 0.184798
vt 0.418958 0.176659
vt 0.429217 0.173340
vt 0.061273 0.514281
vt 0.033901 0.541707
vt 0.033274 0.514718
vt 0.225842 0.870006
vt 0.199742 0.887996
vt 0.200511 0.877926
vt 0.201279 0.867856
vt 0.036491 0.465408
vt 0.018064 0.441410
vt 0.039187 0.444085
vt 0.207428 0.188668
vt 0.208723 0.211772
vt 0.195761 0.204677
vt 0.139878 0.941883
vt 0.149797 0.946410
vt 0.142017 0.949123
vt 0.086417 0.265370
vt 0.101235 0.260525
vt 0.099004 0.268724
vt 0.465693 0.522493
vt 0.457168 0.514182
vt 0.466555 0.514975
vt 0.444332 0.964658
vt 0.440545 0.973340
vt 0.439860 0.965285
vt 0.457557 0.720473
vt 0.442804 0.703662
vt 0.460957 0.706448
vt 0.459257 0.713461
vt 0.329882 0.781687
vt 0.342494 0.793056
vt 0.329270 0.791883
vt 0.206568 0.785557
vt 0.230313 0.807091
vt 0.205292 0.806222
vt 0.205930 0.795889
vt 0.339351 0.511906
vt 0.353554 0.523722
vt 0.339947 0.523247
vt 0.431832 0.899298
vt 0.442095 0.907688
vt 0.432438 0.907879
vt 0.434112 0.932414
vt 0.442001 0.938911
vt 0.434442 0.938793
vt 0.317564 0.449484
vt 0.301505 0.463116
vt 0.300845 0.456444
vt 0.300185 0.449772
vt 0.004975 0.487471
vt 0.034315 0.489131
vt 0.452792 0.880233
vt 0.464135 0.889914
vt 0.452778 0.889365
vt 0.279572 0.942325
vt 0.268224 0.934478
vt 0.279114 0.933586
vt 0.311888 0.687950
vt 0.290109 0.673451
vt 0.309821 0.670975
vt 0.281777 0.956573
vt 0.289926 0.949103
vt 0.289567 0.956284
vt 0.045649 0.199087
vt 0.062399 0.190499
vt 0.060086 0.201687
vt 0.125389 0.225686
vt 0.110677 0.228740
vt 0.113210 0.220201
vt 0.076650 0.155036
vt 0.062551 0.143724
vt 0.082247 0.144594
vt 0.322455 0.885679
vt 0.332992 0.897604
vt 0.321553 0.895979
vt 0.447755 0.303953
vt 0.434807 0.303688
vt 0.444169 0.297381
vt 0.333020 0.550130
vt 0.341550 0.549185
vt 0.347167 0.702976
vt 0.366821 0.687688
vt 0.366383 0.696273
vt 0.365945 0.704858
vt 0.363566 0.176381
vt 0.370722 0.164341
vt 0.372995 0.174988
vt 0.323611 0.976199
vt 0.315324 0.977049
vt 0.316774 0.972652
vt 0.407132 0.674187
vt 0.385415 0.659538
vt 0.406439 0.658395
vt 0.085937 0.938134
vt 0.078832 0.937567
vt 0.080280 0.934442
vt 0.391811 0.495448
vt 0.393606 0.511781
vt 0.392709 0.503614
vt 0.409054 0.704136
vt 0.426124 0.688641
vt 0.425913 0.702852
vt 0.254551 0.906229
vt 0.265756 0.895193
vt 0.265979 0.905550
vt 0.439912 0.559550
vt 0.432067 0.570867
vt 0.432196 0.560062
vt 0.390621 0.904515
vt 0.399850 0.893775
vt 0.401129 0.902717
vt 0.318013 0.729555
vt 0.330559 0.716618
vt 0.037834 0.913056
vt 0.045843 0.917181
vt 0.039389 0.918795
vt 0.353991 0.512011
vt 0.361430 0.519158
vt 0.353773 0.517866
vt 0.340017 0.416110
vt 0.344513 0.406555
vt 0.349009 0.396999
vt 0.352153 0.406917
vt 0.137779 0.183694
vt 0.154202 0.187405
vt 0.145788 0.194023
vt 0.318881 0.462262
vt 0.335300 0.450197
vt 0.336077 0.462278
vt 0.133487 0.906202
vt 0.144206 0.895805
vt 0.144711 0.905254
vt 0.320191 0.475203
vt 0.305390 0.489876
vt 0.304196 0.483193
vt 0.303002 0.476510
vt 0.448642 0.505871
vt 0.458850 0.498662
vt 0.458030 0.506664
vt 0.390594 0.424692
vt 0.084170 0.008874
vt 0.112363 0.024229
vt 0.082717 0.024450
vt 0.070578 0.809810
vt 0.060857 0.804010
vt 0.070440 0.802473
vt 0.306812 0.619301
vt 0.284561 0.604017
vt 0.305799 0.602671
vt 0.070301 0.795136
vt 0.080279 0.802252
vt 0.080384 0.913182
vt 0.073135 0.917075
vt 0.073655 0.912184
vt 0.365600 0.537858
vt 0.358393 0.540340
vt 0.359180 0.535977
vt 0.095000 0.917141
vt 0.086424 0.920191
vt 0.087692 0.915161
vt 0.446659 0.626852
vt 0.469215 0.611689
vt 0.468820 0.619449
vt 0.468425 0.627210
vt 0.403228 0.345747
vt 0.413215 0.340337
vt 0.423201 0.334927
vt 0.419749 0.343887
vt 0.003032 0.619325
vt 0.034077 0.620849
vt 0.251728 0.841891
vt 0.264023 0.831460
vt 0.264295 0.841689
vt 0.052019 0.839628
vt 0.061414 0.832099
vt 0.061148 0.839700
vt 0.125418 0.084367
vt 0.105500 0.061628
vt 0.130601 0.066183
vt 0.278657 0.924848
vt 0.288809 0.914862
vt 0.289025 0.924505
vt 0.031288 0.336491
vt 0.038816 0.326882
vt 0.040130 0.331705
vt 0.354016 0.486952
vt 0.369864 0.500586
vt 0.361984 0.500217
vt 0.354105 0.499848
vt 0.247710 0.231779
vt 0.239006 0.215312
vt 0.251887 0.216922
vt 0.351186 0.542822
vt 0.328435 0.376547
vt 0.341478 0.372512
vt 0.337643 0.380422
vt 0.190958 0.716199
vt 0.214743 0.702737
vt 0.206310 0.716528
vt 0.453407 0.732055
vt 0.441157 0.716352
vt 0.455482 0.726264
vt 0.159715 0.950936
vt 0.168388 0.944162
vt 0.167962 0.950368
vt 0.301937 0.316687
vt 0.286651 0.302424
vt 0.301755 0.301803
vt 0.410725 0.120768
vt 0.399198 0.115151
vt 0.387670 0.109534
vt 0.403667 0.102853
vt 0.080211 0.300581
vt 0.086437 0.314699
vt 0.077883 0.309108
vt 0.220200 0.376927
vt 0.233767 0.374818
vt 0.227938 0.383341
vt 0.301717 0.258049
vt 0.289109 0.244389
vt 0.302126 0.244009
vt 0.209094 0.290319
vt 0.223709 0.302903
vt 0.208492 0.302098
vt 0.406253 0.597331
vt 0.385080 0.604946
vt 0.384745 0.597896
vt 0.232537 0.340558
vt 0.217532 0.347477
vt 0.219083 0.338120
vt 0.450018 0.442368
vt 0.347413 0.686556
vt 0.330221 0.702457
vt 0.329554 0.686621
vt 0.106625 0.289938
vt 0.093418 0.295260
vt 0.094592 0.286147
vt 0.050618 0.702660
vt 0.057474 0.678659
vt 0.065234 0.704315
vt 0.042444 0.256474
vt 0.022441 0.238668
vt 0.044659 0.238742
vt 0.043551 0.247608
vt 0.457737 0.283771
vt 0.445767 0.279659
vt 0.455360 0.276468
vt 0.353551 0.474418
vt 0.369977 0.462247
vt 0.370448 0.468418
vt 0.370919 0.474589
vt 0.326487 0.524501
vt 0.315523 0.538882
vt 0.314011 0.533418
vt 0.312499 0.527953
vt 0.092503 0.653804
vt 0.061479 0.649530
vt 0.068552 0.885081
vt 0.077508 0.878222
vt 0.076617 0.885776
vt 0.277407 0.904870
vt 0.267141 0.915751
vt 0.371636 0.223324
vt 0.359422 0.212416
vt 0.369473 0.211323
vt 0.089075 0.840707
vt 0.079370 0.847862
vt 0.079676 0.840239
vt 0.339462 0.929237
vt 0.328245 0.936128
vt 0.329295 0.927490
vt 0.123462 0.626687
vt 0.093017 0.625058
vt 0.186984 0.654183
vt 0.221583 0.670548
vt 0.194807 0.686335
vt 0.010784 0.462583
vt 0.356426 0.553768
vt 0.347491 0.555725
vt 0.349483 0.549866
vt 0.352955 0.551817
vt 0.044735 0.933713
vt 0.049293 0.927509
vt 0.050004 0.931771
vt 0.232074 0.595293
vt 0.208257 0.605064
vt 0.209994 0.583992
vt 0.121152 0.568554
vt 0.148659 0.537727
vt 0.151218 0.568415
vt 0.292969 0.690760
vt 0.313705 0.703632
vt 0.296110 0.707056
vt 0.294540 0.698908
vt 0.105136 0.874169
vt 0.094909 0.880319
vt 0.095800 0.872766
vt 0.106978 0.137665
vt 0.092609 0.113922
vt 0.114875 0.120438
vt 0.072396 0.093639
vt 0.098211 0.096897
vt 0.431326 0.532832
vt 0.431562 0.543462
vt 0.140254 0.444250
vt 0.129641 0.477198
vt 0.052532 0.898391
vt 0.043939 0.891486
vt 0.052481 0.891383
vt 0.273483 0.259338
vt 0.260597 0.245559
vt 0.274992 0.245034
vt 0.443605 0.231157
vt 0.429872 0.222640
vt 0.441052 0.219759
vt 0.396685 0.526962
vt 0.416373 0.535034
vt 0.400261 0.540344
vt 0.398473 0.533653
vt 0.472393 0.429027
vt 0.471860 0.436333
vt 0.471326 0.443639
vt 0.408157 0.689569
vt 0.386426 0.675988
vt 0.289668 0.153907
vt 0.283588 0.142121
vt 0.291604 0.143307
vt 0.426163 0.673217
vt 0.426158 0.657672
vt 0.210308 0.626286
vt 0.183031 0.627326
vt 0.302535 0.229969
vt 0.291665 0.216472
vt 0.303273 0.216617
vt 0.038987 0.273355
vt 0.022449 0.255903
vt 0.040716 0.264915
vt 0.160746 0.688020
vt 0.156482 0.656451
vt 0.136155 0.924907
vt 0.146045 0.914607
vt 0.146568 0.923572
vt 0.092026 0.568638
vt 0.064042 0.596130
vt 0.154180 0.845923
vt 0.141769 0.836769
vt 0.154179 0.836212
vt 0.070810 0.824570
vt 0.079942 0.832639
vt 0.070543 0.832170
vt 0.326298 0.618192
vt 0.352950 0.462296
vt 0.337009 0.474591
vt 0.177748 0.866160
vt 0.190028 0.856542
vt 0.189514 0.867008
vt 0.421859 0.303423
vt 0.405958 0.299301
vt 0.416807 0.294414
vt 0.101844 0.890156
vt 0.092221 0.895374
vt 0.093263 0.888313
vt 0.327034 0.822573
vt 0.313987 0.832433
vt 0.314260 0.821908
vt 0.051977 0.854586
vt 0.042429 0.847037
vt 0.051998 0.847107
vt 0.446507 0.532861
vt 0.122407 0.597902
vt 0.092900 0.596855
vt 0.071726 0.937001
vt 0.067362 0.943560
vt 0.068242 0.937000
vt 0.319823 0.331513
vt 0.301356 0.331944
vt 0.002112 0.669835
vt 0.028596 0.663837
vt 0.023907 0.678649
vt 0.319414 0.548116
vt 0.324279 0.555602
vt 0.315935 0.791118
vt 0.315901 0.780640
vt 0.392565 0.219536
vt 0.379937 0.209430
vt 0.389922 0.207837
vt 0.357737 0.678246
vt 0.357117 0.687122
vt 0.176992 0.904774
vt 0.186828 0.914636
vt 0.176819 0.913410
vt 0.285571 0.969237
vt 0.291463 0.962616
vt 0.291772 0.968821
vt 0.411933 0.492843
vt 0.390363 0.477883
vt 0.410734 0.475954
vt 0.182411 0.572789
vt 0.152220 0.599081
vt 0.269114 0.317473
vt 0.284944 0.332337
vt 0.266560 0.333925
vt 0.417860 0.742904
vt 0.404232 0.743584
vt 0.415065 0.736896
vt 0.059729 0.904788
vt 0.020645 0.307908
vt 0.036286 0.291054
vt 0.035741 0.299111
vt 0.035195 0.307169
vt 0.223405 0.162727
vt 0.226853 0.180786
vt 0.215416 0.175698
vt 0.328589 0.669711
vt 0.308770 0.653713
vt 0.452983 0.269165
vt 0.440076 0.263507
vt 0.450646 0.260427
vt 0.225636 0.361006
vt 0.212756 0.365698
vt 0.214081 0.357701
vt 0.106914 0.482791
vt 0.087099 0.512794
vt 0.083926 0.486297
vt 0.301573 0.286919
vt 0.287528 0.273129
vt 0.301645 0.272484
vt 0.034419 0.869967
vt 0.043198 0.862276
vt 0.043310 0.869813
vt 0.109983 0.795363
vt 0.100120 0.802366
vt 0.100244 0.794861
vt 0.177330 0.987556
vt 0.172415 0.979115
vt 0.177009 0.979272
vt 0.080175 0.344219
vt 0.070542 0.340777
vt 0.074758 0.337434
vt 0.264007 0.350376
vt 0.251166 0.332932
vt 0.449035 0.789973
vt 0.437704 0.798475
vt 0.437168 0.789433
vt 0.246115 0.121580
vt 0.242936 0.110092
vt 0.250135 0.113296
vt 0.328493 0.534656
vt 0.245950 0.499389
vt 0.283354 0.496381
vt 0.260961 0.515216
vt 0.055274 0.929829
vt 0.060580 0.925398
vt 0.060203 0.929449
vt 0.345615 0.601025
vt 0.325503 0.601403
vt 0.390057 0.295179
vt 0.373827 0.286766
vt 0.386061 0.283567
vt 0.438499 0.208362
vt 0.424643 0.199684
vt 0.435584 0.196580
vt 0.298962 0.904876
vt 0.309045 0.915310
vt 0.299178 0.914518
vt 0.414277 0.918365
vt 0.402449 0.911440
vt 0.412956 0.909642
vt 0.021116 0.220581
vt 0.045182 0.219477
vt 0.044921 0.229109
vt 0.382066 0.271954
vt 0.396910 0.278680
vt 0.321645 0.488124
vt 0.337873 0.487305
vt 0.251391 0.821389
vt 0.263609 0.811210
vt 0.263855 0.821208
vt 0.299426 0.443496
vt 0.298668 0.437220
vt 0.193934 0.438835
vt 0.232628 0.437499
vt 0.210905 0.459405
vt 0.124706 0.656739
vt 0.091294 0.683240
vt 0.382423 0.173595
vt 0.390843 0.160507
vt 0.393836 0.171057
vt 0.347208 0.201508
vt 0.336483 0.190074
vt 0.346124 0.189739
vt 0.173909 0.454903
vt 0.152471 0.468362
vt 0.002400 0.639621
vt 0.031922 0.643712
vt 0.448309 0.251688
vt 0.434859 0.244330
vt 0.445957 0.241423
vt 0.430588 0.490716
vt 0.449291 0.490085
vt 0.448967 0.497978
vt 0.023825 0.323242
vt 0.036348 0.314614
vt 0.053800 0.735976
vt 0.048745 0.714445
vt 0.067149 0.724513
vt 0.108924 0.842634
vt 0.098842 0.849558
vt 0.099000 0.841671
vt 0.181444 0.601344
vt 0.148430 0.932060
vt 0.149002 0.939857
vt 0.276501 0.230729
vt 0.266282 0.216397
vt 0.278648 0.216852
vt 0.177060 0.937387
vt 0.185347 0.944366
vt 0.176635 0.943593
vt 0.129357 0.827616
vt 0.141335 0.817537
vt 0.141767 0.827058
vt 0.235892 0.140609
vt 0.239693 0.155694
vt 0.229649 0.151668
vt 0.333760 0.312415
vt 0.317667 0.299667
vt 0.332181 0.298018
vt 0.213241 0.943937
vt 0.203438 0.947641
vt 0.204713 0.941593
vt 0.404920 0.320204
vt 0.384073 0.312397
vt 0.397489 0.307692
vt 0.367310 0.199323
vt 0.356175 0.188647
vt 0.365438 0.187852
vt 0.466690 0.659317
vt 0.445111 0.673546
vt 0.445850 0.657872
vt 0.330602 0.283620
vt 0.346914 0.294105
vt 0.020003 0.690330
vt 0.041693 0.691104
vt 0.034843 0.703266
vt 0.153743 0.627425
vt 0.442429 0.552814
vt 0.456476 0.553397
vt 0.453968 0.558466
vt 0.454586 0.315308
vt 0.443266 0.316408
vt 0.451171 0.309631
vt 0.226313 0.715389
vt 0.209900 0.731707
vt 0.109044 0.043225
vt 0.325711 0.156093
vt 0.317692 0.145164
vt 0.325728 0.145546
vt 0.355892 0.402431
vt 0.362775 0.407863
vt 0.090258 0.809368
vt 0.080534 0.816969
vt 0.080418 0.809589
vt 0.052200 0.869659
vt 0.060933 0.862338
vt 0.060664 0.869980
vt 0.373747 0.132316
vt 0.380709 0.120925
vt 0.383411 0.130082
vt 0.275442 0.780895
vt 0.288715 0.790722
vt 0.275634 0.790963
vt 0.473068 0.917752
vt 0.462916 0.908125
vt 0.474274 0.908674
vt 0.410787 0.191005
vt 0.396605 0.182300
vt 0.408018 0.179763
vt 0.377878 0.152301
vt 0.385477 0.140075
vt 0.388570 0.149860
vt 0.468701 0.308075
vt 0.458228 0.306014
vt 0.465850 0.302271
vt 0.346148 0.888426
vt 0.335118 0.876487
vt 0.347602 0.877632
vt 0.189514 0.479342
vt 0.166725 0.497092
vt 0.178694 0.367172
vt 0.179252 0.359549
vt 0.360240 0.154730
vt 0.366993 0.143523
vt 0.369059 0.153516
vt 0.118265 0.539291
vt 0.139873 0.505738
vt 0.045987 0.347996
vt 0.045153 0.333466
vt 0.050176 0.335226
vt 0.322925 0.500778
vt 0.309405 0.516201
vt 0.308048 0.509604
vt 0.306690 0.503007
vt 0.054233 0.249293
vt 0.405710 0.845663
vt 0.393095 0.837371
vt 0.405128 0.836240
vt 0.060067 0.464521
vt 0.060646 0.488347
vt 0.277507 0.130335
vt 0.272810 0.119648
vt 0.279807 0.120905
vt 0.067654 0.242539
vt 0.056418 0.231008
vt 0.069387 0.233286
vt 0.002766 0.656508
vt 0.048854 0.056577
vt 0.032178 0.064189
vt 0.309673 0.134236
vt 0.317499 0.124666
vt 0.317708 0.134618
vt 0.190540 0.739432
vt 0.271366 0.288161
vt 0.257412 0.274535
vt 0.272425 0.273750
vt 0.032902 0.825354
vt 0.042250 0.818352
vt 0.042601 0.825338
vt 0.418283 0.140428
vt 0.405679 0.134138
vt 0.414504 0.130598
vt 0.287956 0.655412
vt 0.289033 0.664432
vt 0.347163 0.634081
vt 0.357579 0.625553
vt 0.357859 0.634015
vt 0.149510 0.969229
vt 0.154612 0.960083
vt 0.156523 0.965465
vt 0.367703 0.262135
vt 0.379275 0.259912
vt 0.160683 0.433292
vt 0.129981 0.423518
vt 0.149113 0.414877
vt 0.343243 0.155863
vt 0.350204 0.145113
vt 0.351741 0.155297
vt 0.156981 0.922237
vt 0.166986 0.913505
vt 0.166813 0.922141
vt 0.082599 0.900592
vt 0.074763 0.905889
vt 0.075168 0.899750
vt 0.113222 0.510296
vt 0.285403 0.177248
vt 0.278436 0.164282
vt 0.287535 0.165578
vt 0.433797 0.275547
vt 0.418975 0.270375
vt 0.430483 0.266697
vt 0.178619 0.825644
vt 0.190463 0.836284
vt 0.178243 0.835727
vt 0.177317 0.885950
vt 0.187757 0.896397
vt 0.177154 0.895362
vt 0.250558 0.457884
vt 0.229001 0.480638
vt 0.047389 0.283585
vt 0.046490 0.292708
vt 0.230189 0.113399
vt 0.228177 0.101269
vt 0.234973 0.106001
vt 0.470062 0.474933
vt 0.459677 0.482509
vt 0.449830 0.474161
vt 0.380480 0.829080
vt 0.391389 0.818606
vt 0.392513 0.827948
vt 0.345983 0.717254
vt 0.440583 0.290810
vt 0.451791 0.293638
vt 0.376484 0.247870
vt 0.363201 0.237169
vt 0.374060 0.235597
vt 0.283701 0.587270
vt 0.305279 0.586448
vt 0.429412 0.862729
vt 0.441102 0.871481
vt 0.429963 0.871948
vt 0.179307 0.420305
vt 0.166173 0.404917
vt 0.214434 0.101309
vt 0.216100 0.115864
vt 0.206401 0.108325
vt 0.357597 0.278352
vt 0.342987 0.267080
vt 0.355469 0.265334
vt 0.275126 0.398658
vt 0.265837 0.392168
vt 0.274184 0.387875
vt 0.325744 0.135000
vt 0.332776 0.125219
vt 0.333660 0.135042
vt 0.418816 0.545551
vt 0.404974 0.551578
vt 0.063405 0.622964
vt 0.352306 0.321851
vt 0.335734 0.329377
vt 0.398203 0.242885
vt 0.384919 0.233104
vt 0.395384 0.231211
vt 0.237041 0.563119
vt 0.234692 0.588425
vt 0.217205 0.559150
vt 0.341576 0.135084
vt 0.348020 0.125113
vt 0.349370 0.134723
vt 0.228413 0.525685
vt 0.183179 0.536007
vt 0.207927 0.505460
vt 0.299216 0.393877
vt 0.313825 0.385212
vt 0.311447 0.396513
vt 0.325758 0.178640
vt 0.316781 0.167048
vt 0.325734 0.167367
vt 0.425349 0.350609
vt 0.425416 0.369694
vt 0.416606 0.356770
vt 0.357164 0.134363
vt 0.363755 0.123978
vt 0.365456 0.133339
vt 0.333643 0.145589
vt 0.334477 0.155978
vt 0.361404 0.456991
vt 0.361463 0.462272
vt 0.326075 0.202852
vt 0.315974 0.190625
vt 0.325916 0.190746
vt 0.097852 0.904146
vt 0.089118 0.908664
vt 0.090226 0.902369
vt 0.301487 0.821243
vt 0.288657 0.811137
vt 0.301738 0.810896
vt 0.077858 0.439756
vt 0.095116 0.435230
vt 0.144885 0.764802
vt 0.130192 0.744539
vt 0.151167 0.745494
vt 0.102255 0.079655
vt 0.078188 0.058687
vt 0.256064 0.202065
vt 0.249779 0.186422
vt 0.260249 0.188554
vt 0.298074 0.941632
vt 0.305883 0.949497
vt 0.297715 0.948813
vt 0.080758 0.461848
vt 0.059538 0.443001
vt 0.001016 0.682121
vt 0.077865 0.330927
vt 0.086419 0.336518
vt 0.353341 0.252316
vt 0.340117 0.240494
vt 0.351629 0.239392
vt 0.045945 0.300766
vt 0.044605 0.308751
vt 0.305873 0.178397
vt 0.297771 0.166152
vt 0.306839 0.166927
vt 0.255098 0.303123
vt 0.270240 0.302817
vt 0.240003 0.699524
vt 0.421689 0.554069
vt 0.431931 0.552214
vt 0.476473 0.280646
vt 0.462999 0.296467
vt 0.460368 0.290119
vt 0.463534 0.201866
vt 0.089940 0.708386
vt 0.303015 0.123713
vt 0.310237 0.124294
vt 0.404153 0.265204
vt 0.390319 0.256537
vt 0.401178 0.254045
vt 0.126242 0.727695
vt 0.326893 0.228673
vt 0.315453 0.215970
vt 0.326484 0.215762
vt 0.037012 0.721751
vt 0.344310 0.729691
vt 0.363346 0.720895
vt 0.361533 0.727921
vt 0.359719 0.734946
vt 0.427169 0.257848
vt 0.412686 0.250367
vt 0.424289 0.247409
vt 0.452520 0.861782
vt 0.464302 0.871198
vt 0.452656 0.871008
vt 0.426169 0.288108
vt 0.437190 0.283179
vt 0.349918 0.226468
vt 0.337996 0.214660
vt 0.348563 0.213988
vt 0.473359 0.790274
vt 0.461949 0.798683
vt 0.461197 0.790124
vt 0.210176 0.899310
vt 0.222141 0.900815
vt 0.264435 0.175042
vt 0.258960 0.161122
vt 0.267952 0.163179
vt 0.243459 0.260909
vt 0.226738 0.247892
vt 0.245585 0.246344
vt 0.425766 0.161881
vt 0.412515 0.154650
vt 0.422024 0.151155
vt 0.335375 0.167032
vt 0.344141 0.166917
vt 0.293539 0.132707
vt 0.287823 0.122091
vt 0.294948 0.122949
vt 0.198369 0.115342
vt 0.200937 0.132675
vt 0.190661 0.124453
vt 0.462285 0.924911
vt 0.462713 0.916915
vt 0.250656 0.675822
vt 0.245702 0.660659
vt 0.347401 0.669236
vt 0.220213 0.327217
vt 0.235431 0.328022
vt 0.241081 0.288773
vt 0.225302 0.276589
vt 0.242270 0.274841
vt 0.448130 0.773178
vt 0.436716 0.781036
vt 0.435908 0.772249
vt 0.280795 0.202975
vt 0.272615 0.189009
vt 0.283099 0.190112
vt 0.398485 0.938889
vt 0.409147 0.942918
vt 0.400700 0.945974
vt 0.304012 0.203266
vt 0.294708 0.190257
vt 0.304942 0.190831
vt 0.271469 0.151315
vt 0.266599 0.139085
vt 0.274488 0.140825
vt 0.316159 0.270835
vt 0.329490 0.269715
vt 0.288307 0.770153
vt 0.288680 0.780244
vt 0.387279 0.196138
vt 0.375423 0.186260
vt 0.384851 0.184866
vt 0.216569 0.927888
vt 0.206378 0.933568
vt 0.206616 0.926193
vt 0.412505 0.728568
vt 0.425713 0.715930
vt 0.425733 0.726829
vt 0.393745 0.722117
vt 0.392207 0.714732
vt 0.390669 0.707347
vt 0.060542 0.891736
vt 0.060135 0.898650
vt 0.424554 0.560247
vt 0.364646 0.712876
vt 0.180166 0.785667
vt 0.192729 0.795945
vt 0.179671 0.795678
vt 0.163537 0.961702
vt 0.169874 0.955750
vt 0.169933 0.960964
vt 0.152236 0.319778
vt 0.166068 0.327316
vt 0.155784 0.337410
vt 0.448027 0.153384
vt 0.438569 0.130744
vt 0.411119 0.560560
vt 0.121290 0.102217
vt 0.213530 0.418674
vt 0.194811 0.403990
vt 0.204170 0.411332
vt 0.451135 0.825156
vt 0.439677 0.834628
vt 0.439296 0.825280
vt 0.389540 0.699672
vt 0.388412 0.691996
vt 0.464208 0.529487
vt 0.352680 0.451297
vt 0.044073 0.130273
vt 0.028949 0.122710
vt 0.043858 0.121310
vt 0.045459 0.145475
vt 0.031328 0.142008
vt 0.044766 0.137874
vt 0.267215 0.477626
vt 0.258887 0.467755
vt 0.155935 0.904307
vt 0.166626 0.895128
vt 0.166463 0.904541
vt 0.330057 0.917758
vt 0.341496 0.919383
vt 0.430514 0.881168
vt 0.441639 0.889832
vt 0.431173 0.890233
vt 0.270669 0.951281
vt 0.280675 0.949449
vt 0.002844 0.514817
vt 0.052431 0.884375
vt 0.060779 0.877338
vt 0.060492 0.884728
vt 0.282878 0.988674
vt 0.286768 0.983585
vt 0.179779 0.392243
vt 0.187295 0.398116
vt 0.229011 0.827170
vt 0.203810 0.826221
vt 0.204551 0.816221
vt 0.182953 0.133564
vt 0.185410 0.152461
vt 0.175144 0.142664
vt 0.428219 0.844101
vt 0.440369 0.852942
vt 0.428815 0.853415
vt 0.328659 0.802078
vt 0.340856 0.813412
vt 0.327846 0.812325
vt 0.186016 0.970244
vt 0.181673 0.978900
vt 0.181351 0.970616
vt 0.300213 0.863360
vt 0.311334 0.874519
vt 0.299885 0.873924
vt 0.059853 0.211881
vt 0.058151 0.221756
vt 0.066688 0.127833
vt 0.196663 0.924499
vt 0.186862 0.930943
vt 0.186655 0.923272
vt 0.428486 0.110831
vt 0.190610 0.360784
vt 0.189285 0.368781
vt 0.480410 0.292392
vt 0.485329 0.303056
vt 0.338704 0.499876
vt 0.324639 0.513035
vt 0.179177 0.805690
vt 0.165868 0.797413
vt 0.310952 0.522077
vt 0.100241 0.817777
vt 0.089893 0.817164
vt 0.147958 0.301643
vt 0.179007 0.315408
vt 0.165621 0.317593
vt 0.414437 0.522443
vt 0.098180 0.152677
vt 0.462953 0.815802
vt 0.463641 0.824458
vt 0.472489 0.246436
vt 0.468642 0.225220
vt 0.406577 0.642385
vt 0.299557 0.884488
vt 0.310104 0.895383
vt 0.299259 0.894682
vt 0.075974 0.076258
vt 0.244583 0.537722
vt 0.048609 0.154939
vt 0.038783 0.156000
vt 0.047034 0.150207
vt 0.359577 0.530790
vt 0.367234 0.532082
vt 0.474954 0.265072
vt 0.341812 0.562270
vt 0.335358 0.555110
vt 0.341686 0.555236
vt 0.144845 0.285478
vt 0.177016 0.294698
vt 0.013499 0.092046
vt 0.028571 0.102196
vt 0.013663 0.103597
vt 0.154924 0.885409
vt 0.166336 0.875785
vt 0.166120 0.885679
vt 0.170332 0.736904
vt 0.137118 0.269244
vt 0.153494 0.254306
vt 0.158493 0.255789
vt 0.163491 0.257273
vt 0.090766 0.248469
vt 0.105901 0.244236
vt 0.103410 0.252074
vt 0.418732 0.093839
vt 0.394516 0.922181
vt 0.405758 0.928073
vt 0.396500 0.930535
vt 0.084816 0.163897
vt 0.395146 0.519372
vt 0.456753 0.177455
vt 0.249800 0.134391
vt 0.241003 0.131095
vt 0.233040 0.127004
vt 0.223977 0.121909
vt 0.217765 0.130418
vt 0.220585 0.146573
vt 0.210635 0.140213
vt 0.261730 0.126854
vt 0.257942 0.115933
vt 0.264921 0.117907
vt 0.187868 0.171358
vt 0.205637 0.167042
vt 0.197648 0.180013
vt 0.170626 0.191116
vt 0.189027 0.189892
vt 0.177360 0.205902
vt 0.141583 0.723144
vt 0.338722 0.386773
vt 0.347930 0.390648
vt 0.414289 0.348178
vt 0.451724 0.399789
vt 0.430129 0.394761
vt 0.226847 0.739093
vt 0.220638 0.740726
vt 0.214430 0.742360
vt 0.205179 0.754285
vt 0.209805 0.748322
vt 0.323652 0.568838
vt 0.324765 0.584947
vt 0.120486 0.761633
vt 0.259467 0.414658
vt 0.255882 0.405439
vt 0.267296 0.406658
vt 0.437061 0.356842
vt 0.429897 0.357081
vt 0.273242 0.377093
vt 0.286229 0.385485
vt 0.354520 0.368477
vt 0.370286 0.370133
vt 0.360456 0.378036
vt 0.432669 0.330904
vt 0.429359 0.338605
vt 0.256547 0.385678
vt 0.246111 0.387717
vt 0.251940 0.379193
vt 0.435518 0.342284
vt 0.430434 0.346447
vt 0.299769 0.722059
vt 0.304519 0.734930
vt 0.302144 0.728495
vt 0.317028 0.943019
vt 0.323762 0.952971
vt 0.315360 0.950191
vt 0.319128 0.925744
vt 0.308601 0.933688
vt 0.309261 0.924953
vt 0.315620 0.717644
vt 0.297940 0.714558
vt 0.065131 0.929069
vt 0.068429 0.933035
vt 0.064945 0.933034
vt 0.435157 0.955632
vt 0.439745 0.960145
vt 0.435272 0.960772
vt 0.447209 0.596077
vt 0.446399 0.611945
vt 0.341830 0.739753
vt 0.356937 0.740995
vt 0.354155 0.747043
vt 0.378824 0.810623
vt 0.389701 0.800215
vt 0.390561 0.809377
vt 0.288365 0.933240
vt 0.433044 0.916460
vt 0.442273 0.924264
vt 0.433578 0.924437
vt 0.250643 0.801544
vt 0.263043 0.791219
vt 0.263235 0.801288
vt 0.366568 0.584359
vt 0.367128 0.592459
vt 0.451502 0.932069
vt 0.459431 0.940921
vt 0.450696 0.938738
vt 0.437042 0.735343
vt 0.450930 0.736504
vt 0.448453 0.740954
vt 0.191494 0.815956
vt 0.178898 0.815667
vt 0.153314 0.807458
vt 0.140703 0.799499
vt 0.152937 0.798298
vt 0.425926 0.735017
vt 0.451079 0.412400
vt 0.410393 0.717537
vt 0.474160 0.414316
vt 0.473276 0.421672
vt 0.344121 0.585208
vt 0.062997 0.950118
vt 0.060157 0.943233
vt 0.063878 0.943559
vt 0.408050 0.964464
vt 0.413930 0.955706
vt 0.415282 0.960789
vt 0.352124 0.441266
vt 0.158126 0.937830
vt 0.167386 0.929938
vt 0.167593 0.937608
vt 0.338677 0.746730
vt 0.051597 0.811350
vt 0.041853 0.805718
vt 0.051367 0.804780
vt 0.369858 0.451687
vt 0.136466 0.047211
vt 0.297974 0.968404
vt 0.302506 0.973151
vt 0.298221 0.973577
vt 0.021357 0.035457
vt 0.037442 0.029573
vt 0.036326 0.037367
vt 0.080534 0.041167
vt 0.153796 0.204352
vt 0.168945 0.212519
vt 0.157969 0.215645
vt 0.018699 0.201415
vt 0.045415 0.209282
vt 0.450538 0.807092
vt 0.438997 0.816248
vt 0.438456 0.807034
vt 0.463916 0.833750
vt 0.451517 0.834172
vt 0.407166 0.864441
vt 0.394779 0.856198
vt 0.406438 0.855052
vt 0.467667 0.643076
vt 0.468046 0.635143
vt 0.426074 0.596470
vt 0.425905 0.611593
vt 0.384875 0.642967
vt 0.385072 0.634861
vt 0.385270 0.626754
vt 0.315073 0.811661
vt 0.315324 0.801314
vt 0.368759 0.651582
vt 0.368410 0.660760
vt 0.368061 0.669937
vt 0.287423 0.646572
vt 0.286890 0.637732
vt 0.349056 0.866839
vt 0.337286 0.855144
vt 0.350202 0.856130
vt 0.288195 0.873694
vt 0.276897 0.873528
vt 0.276961 0.884157
vt 0.264666 0.873734
vt 0.068418 0.111332
vt 0.087416 0.130013
vt 0.165966 0.816551
vt 0.153746 0.816979
vt 0.154572 0.865771
vt 0.166220 0.855790
vt 0.166160 0.865965
vt 0.410570 0.458606
vt 0.390390 0.441470
vt 0.142224 0.856220
vt 0.154376 0.855847
vt 0.215696 0.837310
vt 0.203059 0.836572
vt 0.052300 0.825322
vt 0.061439 0.817566
vt 0.061555 0.824946
vt 0.276861 0.841487
vt 0.289174 0.831365
vt 0.288900 0.841890
vt 0.110224 0.826185
vt 0.099650 0.833446
vt 0.099876 0.825572
vt 0.046570 0.327680
vt 0.042591 0.832405
vt 0.370839 0.487823
vt 0.302253 0.469813
vt 0.324088 0.864547
vt 0.312514 0.853420
vt 0.324802 0.853998
vt 0.065197 0.168015
vt 0.061534 0.155679
vt 0.047342 0.073772
vt 0.077287 0.254157
vt 0.079210 0.245504
vt 0.043644 0.112346
vt 0.082560 0.282356
vt 0.069628 0.288359
vt 0.070526 0.279236
vt 0.071120 0.224034
vt 0.080943 0.236252
vt 0.051295 0.039277
vt 0.065915 0.040222
vt 0.101031 0.214715
vt 0.086075 0.219375
vt 0.087777 0.209500
vt 0.354048 0.505929
vt 0.054015 0.310333
vt 0.061678 0.320491
vt 0.053512 0.316994
vt 0.053009 0.323654
vt 0.056959 0.330494
vt 0.051592 0.329440
vt 0.056695 0.294362
vt 0.066125 0.305999
vt 0.055355 0.302348
vt 0.060908 0.337334
vt 0.055542 0.336280
vt 0.067031 0.032428
vt 0.081626 0.032808
vt 0.084682 0.886470
vt 0.076210 0.892689
vt 0.287961 0.894516
vt 0.277184 0.894513
vt 0.351348 0.845421
vt 0.339191 0.833997
vt 0.352201 0.835083
vt 0.285878 0.620729
vt 0.286384 0.629230
vt 0.357961 0.642832
vt 0.368657 0.642766
vt 0.264280 0.852396
vt 0.276847 0.852193
vt 0.177867 0.845810
vt 0.166022 0.836155
vt 0.450188 0.427208
vt 0.131699 0.886505
vt 0.143135 0.876138
vt 0.143312 0.885957
vt 0.470786 0.458911
vt 0.470424 0.466922
vt 0.389823 0.459522
vt 0.188745 0.877078
vt 0.177532 0.876055
vt 0.227582 0.848400
vt 0.214430 0.858128
vt 0.214945 0.847661
vt 0.061127 0.847178
vt 0.060821 0.854802
vt 0.306040 0.496441
vt 0.043425 0.877171
vt 0.052315 0.877017
vt 0.107637 0.858641
vt 0.097051 0.865002
vt 0.098199 0.857562
vt 0.088760 0.856483
vt 0.078944 0.863392
vt 0.079213 0.855750
vt 0.361825 0.506528
vt 0.409078 0.883035
vt 0.396886 0.875004
vt 0.408122 0.873738
vt 0.451899 0.843188
vt 0.464116 0.852315
vt 0.452210 0.852485
vt 0.446571 0.642158
vt 0.467179 0.651196
vt 0.385145 0.651253
vt 0.072454 0.270743
vt 0.075112 0.262607
vt 0.045455 0.092818
vt 0.030420 0.082909
vt 0.031421 0.072786
vt 0.151698 0.167765
vt 0.169783 0.169562
vt 0.161162 0.179440
vt 0.019747 0.290743
vt 0.029367 0.282049
vt 0.028017 0.290899
vt 0.111591 0.272078
vt 0.097075 0.277217
vt 0.050468 0.266295
vt 0.236727 0.408383
vt 0.244512 0.402302
vt 0.242303 0.407685
vt 0.366393 0.387596
vt 0.356622 0.385946
vt 0.126413 0.693370
vt 0.417692 0.854271
vt 0.416965 0.844882
vt 0.427456 0.825404
vt 0.416583 0.835533
vt 0.416001 0.826110
vt 0.417000 0.933965
vt 0.425886 0.939569
vt 0.418405 0.940456
vt 0.439153 0.727183
vt 0.425575 0.965766
vt 0.431167 0.973894
vt 0.421822 0.971184
vt 0.424195 0.925390
vt 0.415639 0.926165
vt 0.425302 0.788894
vt 0.413800 0.798513
vt 0.412941 0.789351
vt 0.423054 0.908831
vt 0.421734 0.900109
vt 0.430366 0.960699
vt 0.428836 0.956373
vt 0.426373 0.806976
vt 0.415460 0.816896
vt 0.414335 0.807554
vt 0.418840 0.872805
vt 0.421075 0.891044
vt 0.419796 0.882102
vt 0.426706 0.754245
vt 0.434680 0.741667
vt 0.440478 0.749809
vt 0.433592 0.752027
vt 0.343418 0.569309
vt 0.246767 0.765689
vt 0.261104 0.773292
vt 0.247993 0.773973
vt 0.363755 0.570373
vt 0.365161 0.577366
vt 0.426198 0.742549
vt 0.301919 0.779594
vt 0.316509 0.770082
vt 0.283569 0.572100
vt 0.344298 0.773847
vt 0.358714 0.766007
vt 0.357350 0.784306
vt 0.426024 0.582146
vt 0.405124 0.584306
vt 0.471005 0.777152
vt 0.460020 0.783563
vt 0.459567 0.775165
vt 0.384359 0.592250
vt 0.383974 0.586604
vt 0.330223 0.755871
vt 0.330897 0.746098
vt 0.165407 0.778152
vt 0.180132 0.776067
vt 0.474834 0.401655
vt 0.152560 0.789137
vt 0.139993 0.782730
vt 0.151604 0.779886
vt 0.193333 0.776012
vt 0.207897 0.774584
vt 0.409430 0.391494
vt 0.233011 0.768799
vt 0.209227 0.763611
vt 0.392217 0.392594
vt 0.060087 0.790429
vt 0.069853 0.787916
vt 0.370149 0.441269
vt 0.369420 0.433623
vt 0.051136 0.798210
vt 0.032928 0.790855
vt 0.049873 0.785721
vt 0.050504 0.791965
vt 0.421408 0.236971
vt 0.406987 0.228254
vt 0.418774 0.225547
vt 0.015318 0.180939
vt 0.114785 0.004906
vt 0.142614 0.026813
vt 0.234975 0.607355
vt 0.231289 0.687504
vt 0.258165 0.687338
vt 0.214686 0.648472
vt 0.237915 0.623795
vt 0.241227 0.642598
vt 0.447802 0.581076
vt 0.193895 0.324365
vt 0.192765 0.335267
vt 0.192453 0.304287
vt 0.178012 0.305053
vt 0.174253 0.274388
vt 0.191674 0.282353
vt 0.175635 0.284543
vt 0.191214 0.344625
vt 0.469964 0.595923
vt 0.469832 0.580805
vt 0.469898 0.588364
vt 0.398008 0.771840
vt 0.387098 0.782096
vt 0.385355 0.773250
vt 0.423685 0.771321
vt 0.412132 0.780564
vt 0.410847 0.771580
vt 0.024449 0.019069
vt 0.039528 0.015203
vt 0.038989 0.021379
vt 0.114764 0.214114
vt 0.074524 0.204286
vt 0.090494 0.200249
vt 0.003271 0.542832
vt 0.110204 0.780518
vt 0.100355 0.787439
vt 0.100393 0.779923
vt 0.297571 0.431042
vt 0.296475 0.424863
vt 0.352760 0.534097
vt 0.353157 0.528910
vt 0.170513 0.260171
vt 0.141356 0.273110
vt 0.190017 0.262288
vt 0.172383 0.267280
vt 0.162816 0.242106
vt 0.173792 0.238980
vt 0.053528 0.023689
vt 0.068122 0.024069
vt 0.184094 0.220687
vt 0.177303 0.240429
vt 0.165993 0.716551
vt 0.239936 0.356633
vt 0.229087 0.350782
vt 0.300774 0.347202
vt 0.287008 0.362148
vt 0.282391 0.348789
vt 0.314605 0.361875
vt 0.300471 0.360619
vt 0.370852 0.331286
vt 0.362686 0.349882
vt 0.354281 0.338812
vt 0.387040 0.338517
vt 0.374891 0.342835
vt 0.422530 0.319175
vt 0.413390 0.311813
vt 0.247334 0.372709
vt 0.260288 0.374901
vt 0.303016 0.104199
vt 0.317180 0.105043
vt 0.331607 0.105691
vt 0.346252 0.105899
vt 0.361208 0.105240
vt 0.376745 0.102668
vt 0.173845 0.387320
vt 0.239756 0.098604
vt 0.236694 0.087951
vt 0.242850 0.091812
vt 0.254155 0.105012
vt 0.250050 0.095016
vt 0.256334 0.097378
vt 0.268112 0.108960
vt 0.263312 0.099352
vt 0.269480 0.100669
vt 0.282107 0.111475
vt 0.276478 0.101926
vt 0.282723 0.102637
vt 0.296357 0.113191
vt 0.289849 0.103496
vt 0.296311 0.103909
vt 0.297356 0.955995
vt 0.303647 0.962550
vt 0.297665 0.962200
vt 0.348626 0.751199
vt 0.343098 0.755355
vt 0.294316 0.973450
vt 0.294563 0.978624
vt 0.313693 0.957363
vt 0.318652 0.966781
vt 0.311815 0.963234
vt 0.307771 0.739978
vt 0.276121 0.967042
vt 0.272784 0.959738
vt 0.434772 0.945172
vt 0.428644 0.951143
vt 0.427290 0.946059
vt 0.416812 0.965115
vt 0.413060 0.970533
vt 0.444466 0.745381
vt 0.441358 0.950713
vt 0.434965 0.950402
vt 0.398346 0.734345
vt 0.449890 0.945408
vt 0.456100 0.953534
vt 0.448917 0.950831
vt 0.419790 0.567782
vt 0.167499 0.970674
vt 0.171914 0.965450
vt 0.172093 0.970831
vt 0.158505 0.969952
vt 0.154904 0.975364
vt 0.449637 0.563049
vt 0.445307 0.567632
vt 0.193634 0.951345
vt 0.198074 0.960450
vt 0.191527 0.956486
vt 0.176210 0.949799
vt 0.182815 0.955712
vt 0.176270 0.955013
vt 0.065887 0.920968
vt 0.070256 0.925858
vt 0.065509 0.925018
vt 0.057316 0.936349
vt 0.061223 0.932709
vt 0.061037 0.936674
vt 0.331727 0.561260
vt 0.051026 0.935031
vt 0.049096 0.937120
vt 0.077849 0.923240
vt 0.081893 0.930687
vt 0.076237 0.926995
vt 0.361392 0.547015
vt 0.355438 0.548441
vt 0.356289 0.544919
vt 0.351365 0.561105
vt 0.346588 0.561687
vt 0.212075 0.069737
vt 0.209212 0.081787
vt 0.206178 0.079277
vt 0.215545 0.048490
vt 0.218971 0.059767
vt 0.215094 0.059141
vt 0.208379 0.030005
vt 0.216856 0.037097
vt 0.213188 0.038532
vt 0.177524 0.093765
vt 0.189321 0.095533
vt 0.177615 0.097714
vt 0.193469 0.019826
vt 0.198572 0.020142
vt 0.203674 0.020459
vt 0.201465 0.023721
vt 0.158561 0.086884
vt 0.165856 0.096075
vt 0.155748 0.089722
vt 0.157155 0.088303
vt 0.152923 0.078087
vt 0.149697 0.073150
vt 0.151648 0.072920
vt 0.189203 0.017283
vt 0.194041 0.017936
vt 0.176677 0.020088
vt 0.171731 0.020488
vt 0.176045 0.018218
vt 0.150453 0.057216
vt 0.149750 0.051573
vt 0.151608 0.052189
vt 0.162272 0.030182
vt 0.157823 0.033131
vt 0.160803 0.028880
vt 0.150374 0.067753
vt 0.148465 0.062256
vt 0.150413 0.062485
vt 0.156788 0.038002
vt 0.152917 0.041966
vt 0.155080 0.037041
vt 0.167223 0.092329
vt 0.169029 0.024113
vt 0.164182 0.025846
vt 0.167906 0.022501
vt 0.180807 0.017414
vt 0.180839 0.019385
vt 0.219464 0.048116
vt 0.215677 0.071326
vt 0.153927 0.083266
vt 0.155742 0.082485
vt 0.188064 0.091800
vt 0.200143 0.090099
vt 0.197908 0.086857
vt 0.211467 0.027542
vt 0.182434 0.055054
vt 0.185001 0.018683
vt 0.189235 0.019255
vt 0.172853 0.022101
vt 0.152764 0.047162
vt 0.159530 0.034092
vt 0.154776 0.042582
vt 0.165651 0.027147
vt 0.269480 0.072348
vt 0.292165 0.075287
vt 0.258608 0.069660
vt 0.351292 0.086743
vt 0.337037 0.086803
vt 0.280635 0.074124
vt 0.323260 0.086365
vt 0.247996 0.065931
vt 0.297147 0.085194
vt 0.365938 0.085618
vt 0.309957 0.085830
vt 0.375414 0.063480
vt 0.361996 0.066105
vt 0.335360 0.067562
vt 0.310498 0.066800
vt 0.348504 0.067310
vt 0.322685 0.067304
vt 0.273538 0.054075
vt 0.294237 0.056162
vt 0.322126 0.047837
vt 0.345913 0.047603
vt 0.310901 0.047461
vt 0.333803 0.047958
vt 0.283735 0.055278
vt 0.263484 0.052403
vt 0.358385 0.046457
vt 0.370940 0.044285
vt 0.253460 0.050147
vt 0.162603 0.374705
vt 0.313534 0.986470
vt 0.182875 0.960926
vt 0.192430 0.980152
vt 0.315048 0.256929
vt 0.053428 0.916044
vt 0.298736 0.154682
vt 0.396958 0.367360
vt 0.080403 0.794747
vt 0.218590 0.919256
vt 0.455127 0.958956
vt 0.454616 0.534671
vt 0.045419 0.911919
vt 0.404352 0.216830
vt 0.385342 0.619375
vt 0.003970 0.595952
vt 0.019643 0.044547
vt 0.421727 0.187901
vt 0.223670 0.891007
vt 0.211706 0.889502
vt 0.218865 0.193756
vt 0.088592 0.256920
vt 0.448869 0.968947
vt 0.355107 0.804425
vt 0.231942 0.787165
vt 0.442298 0.898898
vt 0.442807 0.932241
vt 0.464438 0.880423
vt 0.269567 0.944157
vt 0.291539 0.682106
vt 0.046048 0.187821
vt 0.123213 0.232844
vt 0.334302 0.887053
vt 0.439851 0.310730
vt 0.361903 0.165556
vt 0.385920 0.667763
vt 0.076325 0.945884
vt 0.253855 0.895624
vt 0.438687 0.569250
vt 0.388982 0.895284
vt 0.361768 0.512609
vt 0.331847 0.407629
vt 0.144738 0.175730
vt 0.132593 0.896353
vt 0.061088 0.810580
vt 0.285219 0.612373
vt 0.079117 0.918211
vt 0.363496 0.542436
vt 0.091323 0.928476
vt 0.404074 0.332976
vt 0.251559 0.831640
vt 0.052159 0.832475
vt 0.278032 0.914859
vt 0.370351 0.494204
vt 0.228864 0.233328
vt 0.351973 0.538460
vt 0.333072 0.361443
vt 0.158920 0.944383
vt 0.285526 0.317080
vt 0.401901 0.124308
vt 0.090339 0.304864
vt 0.222918 0.368966
vt 0.287600 0.258694
vt 0.225087 0.289546
vt 0.103546 0.299542
vt 0.449160 0.287291
vt 0.068840 0.877691
vt 0.360777 0.224896
vt 0.088918 0.848595
vt 0.337478 0.938225
vt 0.461876 0.698910
vt 0.353895 0.557436
vt 0.042839 0.929124
vt 0.103490 0.882162
vt 0.044092 0.898845
vt 0.258471 0.260123
vt 0.432507 0.234064
vt 0.387419 0.683992
vt 0.280568 0.152611
vt 0.289518 0.230349
vt 0.020237 0.272991
vt 0.134821 0.915555
vt 0.142028 0.846296
vt 0.080169 0.824765
vt 0.177807 0.855985
vt 0.099848 0.897151
vt 0.326275 0.833011
vt 0.042549 0.854668
vt 0.317849 0.314551
vt 0.382101 0.221430
vt 0.187595 0.905809
vt 0.283674 0.962905
vt 0.413177 0.751127
vt 0.408705 0.747355
vt 0.233450 0.166753
vt 0.443390 0.272356
vt 0.286470 0.287540
vt 0.033771 0.862359
vt 0.109912 0.802855
vt 0.168815 0.984527
vt 0.072469 0.346691
vt 0.248272 0.345467
vt 0.449786 0.798532
vt 0.238152 0.117490
vt 0.275285 0.487004
vt 0.054563 0.925567
vt 0.376642 0.299884
vt 0.427319 0.211243
vt 0.309807 0.905578
vt 0.404396 0.920273
vt 0.393110 0.268579
vt 0.251017 0.811467
vt 0.223079 0.428086
vt 0.380150 0.162948
vt 0.336641 0.202180
vt 0.437739 0.254768
vt 0.045005 0.723152
vt 0.108281 0.850638
vt 0.138016 0.933395
vt 0.262105 0.231254
vt 0.186623 0.938318
vt 0.128980 0.818489
vt 0.244688 0.143905
vt 0.208634 0.957689
vt 0.387886 0.325745
vt 0.357259 0.200415
vt 0.465810 0.667534
vt 0.344099 0.280986
vt 0.448362 0.321095
vt 0.316758 0.155775
vt 0.357701 0.392298
vt 0.052088 0.862123
vt 0.372046 0.122954
vt 0.399033 0.193572
vt 0.375813 0.142309
vt 0.461644 0.311692
vt 0.156454 0.366138
vt 0.358702 0.144547
vt 0.056157 0.240640
vt 0.394051 0.846810
vt 0.269619 0.128595
vt 0.048098 0.065174
vt 0.256223 0.288467
vt 0.032722 0.818808
vt 0.408773 0.143924
vt 0.146833 0.962795
vt 0.369832 0.275153
vt 0.342409 0.145474
vt 0.156458 0.913272
vt 0.081492 0.906887
vt 0.274919 0.176145
vt 0.422776 0.280477
vt 0.191215 0.825933
vt 0.188529 0.886973
vt 0.241593 0.447692
vt 0.037636 0.282205
vt 0.222311 0.107354
vt 0.469560 0.483193
vt 0.379652 0.819852
vt 0.364913 0.250093
vt 0.440966 0.862256
vt 0.263712 0.397440
vt 0.325534 0.125048
vt 0.348493 0.308502
vt 0.387343 0.245377
vt 0.241637 0.587614
vt 0.340693 0.125262
vt 0.299691 0.383956
vt 0.315816 0.178519
vt 0.355815 0.124752
vt 0.315044 0.203059
vt 0.096426 0.910644
vt 0.288903 0.821136
vt 0.130736 0.759120
vt 0.243182 0.200455
vt 0.307551 0.942325
vt 0.340860 0.254063
vt 0.295638 0.177823
vt 0.253720 0.316480
vt 0.301606 0.133471
vt 0.314714 0.229321
vt 0.415661 0.261526
vt 0.464427 0.861612
vt 0.431221 0.297116
vt 0.338405 0.227571
vt 0.474065 0.798361
vt 0.253965 0.172910
vt 0.226490 0.262657
vt 0.415507 0.165201
vt 0.335399 0.178306
vt 0.285523 0.131521
vt 0.208067 0.122880
vt 0.471977 0.926355
vt 0.448583 0.781576
vt 0.268430 0.202520
vt 0.407743 0.936427
vt 0.292404 0.203120
vt 0.262477 0.149258
vt 0.316087 0.285269
vt 0.273993 0.770700
vt 0.377294 0.197730
vt 0.214905 0.935912
vt 0.193367 0.785612
vt 0.161626 0.956319
vt 0.030635 0.134407
vt 0.037208 0.151268
vt 0.155430 0.894858
vt 0.441653 0.880700
vt 0.193229 0.141786
vt 0.440059 0.843644
vt 0.341883 0.803252
vt 0.312151 0.863953
vt 0.196425 0.931874
vt 0.166245 0.806574
vt 0.100049 0.809858
vt 0.450837 0.816124
vt 0.311006 0.885083
vt 0.046960 0.160362
vt 0.029477 0.092432
vt 0.154748 0.875590
vt 0.133326 0.264155
vt 0.143410 0.259230
vt 0.093365 0.240132
vt 0.253922 0.124217
vt 0.226829 0.135513
vt 0.195687 0.160682
vt 0.179247 0.181237
vt 0.336343 0.398073
vt 0.303556 0.569360
vt 0.253673 0.410822
vt 0.286704 0.375564
vt 0.366724 0.361431
vt 0.427574 0.326217
vt 0.254422 0.390949
vt 0.326261 0.945116
vt 0.318078 0.934381
vt 0.069878 0.929909
vt 0.347893 0.651859
vt 0.441550 0.955943
vt 0.469590 0.603806
vt 0.377506 0.801488
vt 0.442701 0.916268
vt 0.249931 0.791901
vt 0.461194 0.933514
vt 0.192235 0.805956
vt 0.140958 0.808410
vt 0.396046 0.728231
vt 0.058226 0.945323
vt 0.405483 0.958762
vt 0.157553 0.930033
vt 0.042070 0.811806
vt 0.370003 0.446478
vt 0.303955 0.968755
vt 0.022903 0.027263
vt 0.162211 0.197734
vt 0.395930 0.865707
vt 0.336572 0.865693
vt 0.265060 0.884588
vt 0.471056 0.451275
vt 0.142643 0.866109
vt 0.051948 0.818336
vt 0.276590 0.831257
vt 0.109574 0.834409
vt 0.370879 0.481206
vt 0.045311 0.165786
vt 0.046398 0.083295
vt 0.081386 0.291469
vt 0.083542 0.227914
vt 0.050075 0.047927
vt 0.098498 0.223255
vt 0.064785 0.313985
vt 0.061176 0.327151
vt 0.068453 0.297472
vt 0.062835 0.343248
vt 0.064763 0.349163
vt 0.083641 0.893531
vt 0.288259 0.884323
vt 0.338432 0.844435
vt 0.264602 0.863105
vt 0.166023 0.845867
vt 0.131206 0.876477
vt 0.043889 0.884478
vt 0.106386 0.866405
vt 0.087612 0.863923
vt 0.398210 0.884544
vt 0.464298 0.842766
vt 0.084488 0.273863
vt 0.044550 0.102582
vt 0.159516 0.159764
vt 0.109108 0.281008
vt 0.053126 0.258159
vt 0.236201 0.399069
vt 0.427837 0.834753
vt 0.425556 0.933190
vt 0.430481 0.965839
vt 0.423660 0.917413
vt 0.425838 0.797935
vt 0.426915 0.816190
vt 0.418289 0.863585
vt 0.259656 0.763097
vt 0.419941 0.752686
vt 0.301545 0.769502
vt 0.330491 0.771129
vt 0.472182 0.783713
vt 0.166363 0.787402
vt 0.474497 0.407986
vt 0.140326 0.790339
vt 0.060718 0.796673
vt 0.041622 0.799148
vt 0.032108 0.800087
vt 0.409805 0.239928
vt 0.046446 0.176555
vt 0.147453 0.004715
vt 0.179454 0.325131
vt 0.193055 0.292508
vt 0.191887 0.269396
vt 0.399293 0.780824
vt 0.424493 0.780107
vt 0.024999 0.012012
vt 0.103748 0.205464
vt 0.076836 0.193099
vt 0.110093 0.787941
vt 0.190265 0.247524
vt 0.054067 0.017513
vt 0.054606 0.011337
vt 0.167002 0.258722
vt 0.197055 0.227782
vt 0.319242 0.346770
vt 0.426903 0.310465
vt 0.255670 0.361543
vt 0.310237 0.104779
vt 0.324441 0.105415
vt 0.338849 0.105862
vt 0.353580 0.105751
vt 0.369148 0.104465
vt 0.385408 0.100639
vt 0.232960 0.093872
vt 0.246956 0.101808
vt 0.261133 0.106986
vt 0.275109 0.110217
vt 0.289232 0.112333
vt 0.305524 0.956679
vt 0.322095 0.960142
vt 0.442331 0.945290
vt 0.401289 0.738964
vt 0.458625 0.947590
vt 0.165518 0.966188
vt 0.184922 0.950572
vt 0.071868 0.922104
vt 0.056295 0.933089
vt 0.350335 0.546344
vt 0.358909 0.550391
vt 0.151108 0.078868
vt 0.148505 0.056988
vt 0.148422 0.067983
vt 0.152520 0.084685
vt 0.149292 0.079648
vt 0.180174 0.015543
vt 0.184936 0.014739
vt 0.175413 0.016347
vt 0.159335 0.027579
vt 0.150905 0.046546
vt 0.149046 0.045930
vt 0.146514 0.062486
vt 0.146557 0.056759
vt 0.146471 0.068213
vt 0.153373 0.036080
vt 0.147802 0.051344
vt 0.166784 0.020888
vt 0.184969 0.016711
vt 0.147882 0.073931
vt 0.199143 0.018252
vt 0.194613 0.016046
vt 0.074624 0.930749
vt 0.189420 0.961626
vt 0.464836 0.955716
vt 0.462311 0.961659
vt 0.467361 0.949773
vt 0.424045 0.961440
vt 0.422515 0.957114
vt 0.278019 0.973374
vt 0.270466 0.977511
vt 0.327054 0.969561
vt 0.330497 0.962922
vt 0.309937 0.969105
vt 0.283340 0.093800
vt 0.270849 0.092377
vt 0.258512 0.089744
vt 0.245944 0.085021
vt 0.229899 0.083219
vt 0.233633 0.077299
vt 0.226165 0.089140
vt 0.379008 0.111564
vt 0.370345 0.113593
vt 0.362405 0.114367
vt 0.354465 0.115142
vt 0.347137 0.115291
vt 0.339809 0.115439
vt 0.332566 0.115268
vt 0.325324 0.115096
vt 0.318062 0.114724
vt 0.310801 0.114352
vt 0.303579 0.113771
vt 0.268624 0.363734
vt 0.431946 0.317507
vt 0.378929 0.354385
vt 0.337709 0.346338
vt 0.300167 0.374035
vt 0.210017 0.234876
vt 0.157818 0.240622
vt 0.162142 0.226939
vt 0.209769 0.249641
vt 0.209522 0.264405
vt 0.092807 0.189063
vt 0.106465 0.196213
vt 0.079149 0.181912
vt 0.117481 0.204863
vt 0.128498 0.213513
vt 0.040078 0.008145
vt 0.025549 0.004954
vt 0.400579 0.789808
vt 0.388384 0.791080
vt 0.376189 0.792352
vt 0.204078 0.345038
vt 0.202527 0.354396
vt 0.205629 0.335681
vt 0.209308 0.277362
vt 0.207889 0.313877
vt 0.193448 0.314642
vt 0.180098 0.766467
vt 0.127759 0.783931
vt 0.127425 0.776322
vt 0.128093 0.791540
vt 0.150648 0.770636
vt 0.344907 0.763288
vt 0.331100 0.760570
vt 0.316135 0.759990
vt 0.301171 0.759410
vt 0.272544 0.760504
vt 0.411636 0.900920
vt 0.404546 0.826816
vt 0.435387 0.965912
vt 0.402298 0.808132
vt 0.436073 0.973967
vt 0.436759 0.982022
vt 0.346851 0.384296
vt 0.243986 0.392988
vt 0.252297 0.396221
vt 0.235675 0.389755
vt 0.061150 0.267981
vt 0.058492 0.276117
vt 0.063808 0.259844
vt 0.177601 0.161561
vt 0.167334 0.151763
vt 0.476515 0.851893
vt 0.476333 0.861443
vt 0.476696 0.842344
vt 0.386018 0.876512
vt 0.384693 0.866972
vt 0.387343 0.886052
vt 0.369704 0.506897
vt 0.369545 0.513208
vt 0.077796 0.870832
vt 0.069128 0.870301
vt 0.086464 0.871363
vt 0.034883 0.877274
vt 0.035346 0.884581
vt 0.070277 0.839771
vt 0.130714 0.866448
vt 0.154177 0.826500
vt 0.252050 0.852600
vt 0.252372 0.863310
vt 0.325515 0.843449
vt 0.067737 0.898908
vt 0.052412 0.031483
vt 0.075555 0.317636
vt 0.065125 0.333991
vt 0.069342 0.330649
vt 0.072448 0.324143
vt 0.095965 0.231795
vt 0.300577 0.852826
vt 0.300940 0.842292
vt 0.042451 0.839558
vt 0.032882 0.839489
vt 0.276318 0.821028
vt 0.130295 0.856559
vt 0.129876 0.846669
vt 0.252766 0.874164
vt 0.253160 0.885019
vt 0.383542 0.857464
vt 0.382392 0.847956
vt 0.476421 0.833052
vt 0.476146 0.823760
vt 0.308488 0.973502
vt 0.032325 0.806175
vt 0.032542 0.812263
vt 0.176646 0.922046
vt 0.411362 0.950003
vt 0.419809 0.946947
vt 0.402915 0.953059
vt 0.055386 0.938438
vt 0.053456 0.940528
vt 0.128348 0.800451
vt 0.128602 0.809362
vt 0.469123 0.942366
vt 0.470885 0.934958
vt 0.262331 0.781577
vt 0.249220 0.782258
vt 0.451930 0.924073
vt 0.452359 0.916077
vt 0.298734 0.932896
vt 0.299394 0.924161
vt 0.073175 0.933875
vt 0.332995 0.955068
vt 0.335493 0.947213
vt 0.437042 0.322194
vt 0.442138 0.326881
vt 0.382491 0.363087
vt 0.386053 0.371789
vt 0.250089 0.401604
vt 0.247880 0.406986
vt 0.326056 0.387847
vt 0.323678 0.399148
vt 0.213455 0.156367
vt 0.203506 0.150007
vt 0.257607 0.137028
vt 0.253484 0.147202
vt 0.108501 0.235898
vt 0.121037 0.240002
vt 0.037134 0.161424
vt 0.028957 0.157061
vt 0.320652 0.906279
vt 0.462655 0.806770
vt 0.474771 0.806448
vt 0.110032 0.818267
vt 0.109841 0.810348
vt 0.191169 0.353161
vt 0.196186 0.939248
vt 0.323272 0.875113
vt 0.354080 0.814586
vt 0.353054 0.824746
vt 0.261676 0.954446
vt 0.259562 0.945989
vt 0.263791 0.962904
vt 0.452764 0.898497
vt 0.319890 0.916012
vt 0.023077 0.147801
vt 0.017197 0.138541
vt 0.015511 0.126844
vt 0.013826 0.115147
vt 0.286857 0.759957
vt 0.206759 0.324779
vt 0.402256 0.157970
vt 0.399263 0.147419
vt 0.405249 0.168520
vt 0.248489 0.158990
vt 0.243495 0.170778
vt 0.198970 0.897420
vt 0.198198 0.906844
vt 0.411755 0.285406
vt 0.476209 0.871028
vt 0.476084 0.880613
vt 0.239703 0.302130
vt 0.238325 0.315487
vt 0.236898 0.184812
vt 0.230301 0.198845
vt 0.276073 0.811029
vt 0.275827 0.801031
vt 0.314301 0.375291
vt 0.367039 0.317938
vt 0.363226 0.304590
vt 0.459175 0.490768
vt 0.469058 0.491452
vt 0.220299 0.095224
vt 0.048740 0.274736
vt 0.202308 0.846923
vt 0.407954 0.275305
vt 0.066926 0.911185
vt 0.151935 0.953649
vt 0.144156 0.956362
vt 0.396169 0.137634
vt 0.393076 0.127849
vt 0.015501 0.071800
vt 0.381436 0.838518
vt 0.065731 0.251191
vt 0.452561 0.907287
vt 0.301954 0.790071
vt 0.301989 0.800549
vt 0.069666 0.855017
vt 0.089527 0.824960
vt 0.364584 0.397730
vt 0.360411 0.291471
vt 0.194910 0.945297
vt 0.392568 0.913348
vt 0.163899 0.976086
vt 0.160299 0.981499
vt 0.033122 0.854751
vt 0.210038 0.373658
vt 0.199877 0.370390
vt 0.067332 0.905047
vt 0.197431 0.915671
vt 0.033002 0.847120
vt 0.313228 0.842870
vt 0.190087 0.846367
vt 0.089301 0.832834
vt 0.129616 0.837142
vt 0.035498 0.891940
vt 0.035651 0.899299
vt 0.047398 0.922920
vt 0.040944 0.924535
vt 0.267766 0.925740
vt 0.256876 0.926631
vt 0.100467 0.309147
vt 0.236485 0.366857
vt 0.096565 0.318982
vt 0.092663 0.328817
vt 0.390373 0.118692
vt 0.346115 0.357408
vt 0.220159 0.216861
vt 0.288184 0.904873
vt 0.414061 0.327565
vt 0.090382 0.801864
vt 0.369207 0.519757
vt 0.368869 0.526306
vt 0.344839 0.898978
vt 0.343530 0.909529
vt 0.062798 0.179233
vt 0.288823 0.941978
vt 0.258219 0.936310
vt 0.475782 0.890104
vt 0.475479 0.899595
vt 0.445082 0.977628
vt 0.453405 0.973235
vt 0.116054 0.255680
vt 0.036743 0.906178
vt 0.457858 0.967447
vt 0.069406 0.780697
vt 0.059965 0.910984
vt 0.187718 0.965935
vt 0.276672 0.983092
vt 0.250423 0.040432
vt 0.252399 0.032001
vt 0.248446 0.048863
vt 0.262205 0.033878
vt 0.281179 0.036235
vt 0.290755 0.036901
vt 0.271738 0.035260
vt 0.316601 0.076724
vt 0.310240 0.076453
vt 0.322962 0.076996
vt 0.343037 0.077224
vt 0.336184 0.077321
vt 0.349889 0.077127
vt 0.304134 0.076107
vt 0.329573 0.077158
vt 0.356907 0.076513
vt 0.363924 0.075899
vt 0.245607 0.056332
vt 0.370865 0.074439
vt 0.163060 0.024234
vt 0.151210 0.041005
vt 0.156354 0.031829
vt 0.171099 0.018617
vt 0.189774 0.015393
vt 0.064758 0.936999
vt 0.176687 0.970987
vt 0.418070 0.976603
vt 0.421162 0.952030
vt 0.267128 0.970207
vt 0.289802 0.094214
vt 0.277094 0.093089
vt 0.264681 0.091061
vt 0.252228 0.087382
vt 0.239789 0.081160
vt 0.264894 0.381386
vt 0.391079 0.350066
vt 0.173118 0.223813
vt 0.090583 0.779328
vt 0.126943 0.219600
vt 0.374446 0.783506
vt 0.372703 0.774660
vt 0.059639 0.783209
vt 0.194662 0.765039
vt 0.139037 0.773479
vt 0.165373 0.768551
vt 0.410357 0.891977
vt 0.403422 0.817474
vt 0.401439 0.798970
vt 0.427414 0.979312
vt 0.350685 0.376386
vt 0.014500 0.081923
vt 0.069397 0.862659
vt 0.069972 0.847394
vt 0.201793 0.857390
vt 0.166398 0.826072
vt 0.368555 0.633949
vt 0.340044 0.823660
vt 0.068145 0.891994
vt 0.072822 0.214160
vt 0.057594 0.285240
vt 0.032892 0.832421
vt 0.301214 0.831767
vt 0.070694 0.817190
vt 0.176853 0.929716
vt 0.241505 0.381232
vt 0.438828 0.334583
vt 0.376223 0.379692
vt 0.287171 0.396268
vt 0.118546 0.247841
vt 0.028735 0.113747
vt 0.361212 0.525014
vt 0.475459 0.815104
vt 0.201202 0.362393
vt 0.332091 0.907904
vt 0.223107 0.314682
vt 0.084109 0.323227
vt 0.288908 0.800790
vt 0.369918 0.456967
vt 0.455377 0.300210
vt 0.368276 0.625486
vt 0.016715 0.062719
vt 0.464122 0.899046
vt 0.400906 0.290293
vt 0.367441 0.678813
vt 0.085573 0.878917
vt 0.255713 0.916430
vt 0.066407 0.916077
vt 0.468238 0.499454
vt 0.467417 0.507457
vt 0.113822 0.263879
vt 0.079994 0.780012
vt 0.257302 0.032940
vt 0.266971 0.034569
vt 0.285967 0.036568
vt 0.300681 0.037353
vt 0.295718 0.037127
vt 0.276459 0.035747
s 1
f 61/1/1 55/3/1 6/2/1
f 21/4/2 1561/6/4 1562/5/3
f 15/7/5 1871/9/6 1872/8/5
f 4/10/7 59/12/7 58/11/7
f 20/13/8 52/15/8 63/14/8
f 3/16/9 1210/18/11 1211/17/10
f 50/19/12 1052/21/12 874/20/12
f 62/22/13 1053/24/15 1054/23/14
f 13/25/16 1564/27/18 1565/26/17
f 19/28/19 58/11/19 57/29/19
f 48/30/20 2061/32/20 2062/31/20
f 22/33/21 1760/35/23 1761/34/22
f 67/36/24 1056/38/26 1762/37/25
f 51/39/27 1873/41/27 1566/40/27
f 2/42/28 1058/44/28 1059/43/28
f 11/45/29 57/29/29 56/46/29
f 9/47/30 56/46/30 52/15/30
f 12/48/31 63/14/31 61/1/31
f 55/3/32 54/50/34 23/49/33
f 40/51/35 1060/53/37 878/52/36
f 11/45/38 43/55/38 30/54/38
f 20/13/39 32/57/39 46/56/39
f 18/58/40 25/60/41 45/59/40
f 23/49/42 26/62/42 44/61/42
f 19/28/43 30/54/45 42/63/44
f 3/16/46 1212/65/48 1213/64/47
f 24/66/49 33/67/49 40/51/49
f 34/68/50 1061/70/52 1062/69/51
f 21/4/53 1568/72/53 1569/71/53
f 15/7/54 1874/74/54 1875/73/54
f 31/75/55 1876/77/57 2065/76/56
f 29/78/58 1570/80/58 1877/79/58
f 9/47/59 46/56/59 43/55/59
f 39/81/60 1879/83/62 2067/82/61
f 36/84/63 1571/86/63 1764/85/63
f 4/87/64 42/88/64 33/67/64
f 7/89/65 1878/91/67 1880/90/66
f 13/25/68 1572/93/68 1573/92/68
f 6/2/69 44/61/70 25/60/70
f 12/48/71 45/59/71 32/57/71
f 45/59/72 830/95/72 829/94/72
f 832/96/73 831/97/73 25/60/73
f 41/98/74 880/101/74 836/100/74 833/99/74
f 37/102/75 1574/104/75 1575/103/75
f 35/105/76 1216/107/78 1217/106/77
f 42/88/79 834/109/79 839/108/79
f 845/110/80 1576/112/80 1577/111/80
f 840/113/81 2069/115/81 1881/114/81
f 46/56/82 828/117/82 849/116/82
f 848/118/83 1883/120/83 1218/119/83
f 846/121/84 1579/123/84 1401/122/84
f 28/124/85 1403/126/85 1404/125/85
f 27/127/86 1220/129/86 1221/128/86
f 841/130/87 2070/132/87 1884/131/87
f 33/67/88 839/108/88 838/133/88
f 38/134/89 1766/136/89 1767/135/89
f 30/54/90 835/138/90 834/137/90
f 833/99/91 832/96/91 44/61/91
f 25/60/92 831/97/92 830/95/92
f 32/57/93 829/94/95 828/117/94
f 43/55/96 849/116/96 835/138/96
f 838/133/97 1768/140/97 1065/139/97
f 22/141/98 1769/142/101 41/98/100 26/62/99
f 24/66/102 60/144/102 59/143/102
f 5/145/103 1567/147/103 47/146/103 60/144/103
f 23/49/104 54/50/104 64/148/104
f 369/149/105 881/152/105 692/151/105 673/150/105
f 310/153/106 214/155/106 219/154/106
f 226/156/107 1067/158/107 1068/157/107
f 722/159/108 728/161/108 348/160/108
f 817/162/109 1222/164/111 1069/163/110
f 815/165/112 1581/167/112 1071/166/112
f 74/168/113 1073/170/115 1074/169/114
f 585/171/116 882/173/118 883/172/117
f 78/174/119 1772/176/121 1773/175/120
f 315/177/122 125/179/122 233/178/122
f 239/180/123 419/183/123 1887/182/123 415/181/123
f 698/184/124 699/186/124 319/185/124
f 595/187/125 1224/189/127 1225/188/126
f 649/190/128 885/192/130 1075/191/129
f 554/193/131 1582/195/133 1583/194/132
f 476/196/134 1888/198/136 886/197/135
f 91/199/137 2071/201/137 888/200/137
f 803/202/138 1406/204/138 1774/203/138
f 251/205/139 441/208/139 889/207/139 446/206/139
f 580/209/140 582/212/140 890/211/140 481/210/140
f 161/213/141 725/215/141 731/214/141
f 313/216/142 398/218/142 555/217/142
f 84/219/143 490/222/143 1077/221/143 493/220/143
f 602/223/144 724/225/144 740/224/144
f 346/226/145 548/228/145 550/227/145
f 205/229/146 1889/231/148 1585/230/147
f 184/232/149 2073/234/151 2074/233/150
f 133/235/152 662/237/152 669/236/152
f 728/161/153 722/159/153 410/238/153
f 584/239/154 759/241/154 742/240/154
f 319/185/155 263/243/155 485/242/155
f 346/226/156 731/214/158 735/244/157
f 796/245/159 801/247/159 693/246/159
f 267/248/160 254/250/160 121/249/160
f 659/251/161 313/216/161 756/252/161
f 196/253/162 1409/255/164 1410/254/163
f 449/256/165 1411/258/167 1412/257/166
f 675/259/168 695/261/168 617/260/168
f 797/262/169 417/264/169 155/263/169
f 434/265/170 1079/267/170 1775/266/170
f 126/268/171 112/270/171 124/269/171
f 622/271/172 619/274/172 891/273/172 73/272/172
f 311/275/173 396/277/175 240/276/174
f 518/278/176 2075/280/178 1414/279/177
f 481/281/179 890/283/179 892/282/179
f 179/284/180 1227/286/182 1228/285/181
f 482/287/183 1229/289/185 1416/288/184
f 92/290/186 1418/292/186 1419/291/186
f 495/293/187 1891/296/187 496/295/187 206/294/187
f 542/297/188 2077/299/190 2078/298/189
f 547/300/191 1892/303/191 295/302/191 470/301/191
f 750/304/192 743/306/192 218/305/192
f 701/307/193 1586/309/195 1587/308/194
f 716/310/196 1589/312/196 1590/311/196
f 156/313/197 499/316/197 1230/315/197 502/314/197
f 112/270/198 113/318/198 144/317/198
f 85/319/199 1592/321/201 1593/320/200
f 306/322/202 1420/324/204 1080/323/203
f 134/325/205 83/327/205 423/326/205
f 573/328/206 1594/330/208 1595/329/207
f 561/331/209 894/333/211 895/332/210
f 563/334/212 2081/336/214 1422/335/213
f 274/337/215 275/339/215 769/338/215
f 301/340/216 1596/342/218 1597/341/217
f 237/343/219 1598/345/221 2082/344/220
f 820/346/222 825/347/222 759/241/222
f 189/348/223 467/351/223 1599/350/223 421/349/223
f 88/352/224 2084/354/224 2085/353/225
f 797/355/226 1231/357/226 897/356/226
f 141/358/227 632/360/227 633/359/227
f 823/361/228 1232/363/228 1233/362/228
f 477/364/229 1424/366/229 476/365/229 348/160/229
f 109/367/230 714/369/230 702/368/230
f 421/370/231 1082/372/233 1600/371/232
f 185/373/234 719/375/234 723/374/234
f 490/376/235 1893/378/237 1778/377/236
f 572/379/238 693/246/238 687/380/238
f 509/381/239 1602/383/241 1603/382/240
f 371/384/242 1083/386/244 1235/385/243
f 427/387/245 526/390/245 522/389/245 1236/388/245
f 363/391/246 900/393/248 1085/392/247
f 338/394/249 747/396/249 753/395/249
f 475/397/250 1895/399/252 1237/398/251
f 610/400/253 612/403/256 902/402/255 505/401/254
f 340/404/257 1417/406/259 1425/405/258
f 161/213/260 346/226/260 470/407/260
f 793/408/261 781/410/261 559/409/261
f 754/411/262 1086/413/264 903/412/263
f 127/414/265 203/416/265 416/415/265
f 762/417/266 1086/413/268 905/418/267
f 108/419/269 1426/421/271 1427/420/270
f 509/422/272 907/424/274 1604/423/273
f 508/425/275 1428/427/277 1429/426/276
f 413/428/278 488/431/278 1431/430/278 484/429/278
f 656/432/279 534/435/279 655/434/279 1896/433/279
f 318/436/280 335/437/280 267/248/280
f 615/438/281 1605/440/283 1240/439/282
f 607/441/284 1897/443/286 1898/442/285
f 451/444/287 450/446/287 71/445/287
f 68/447/288 1432/449/290 1433/448/289
f 448/450/291 210/452/291 1434/451/291 196/253/291
f 350/453/292 628/456/292 1435/455/292 630/454/292
f 221/457/293 1899/459/295 1606/458/294
f 742/240/296 759/241/296 586/460/296
f 653/461/297 1436/463/299 1437/462/298
f 667/464/300 174/466/300 668/465/300
f 570/467/301 1901/469/301 495/293/301 194/468/301
f 579/470/302 1242/472/303 1243/471/303
f 262/473/304 1780/475/306 1244/474/305
f 437/476/307 466/479/307 278/478/307 1781/477/307
f 380/480/308 1246/482/309 1439/481/309
f 244/483/310 1440/485/312 1441/484/311
f 77/486/313 1442/488/315 1607/487/314
f 788/489/316 1444/491/318 2088/490/317
f 540/492/319 538/494/319 1608/493/319 485/242/319
f 285/495/320 1609/497/322 1610/496/321
f 404/498/323 725/215/323 724/225/323
f 409/499/324 679/501/324 688/500/324
f 641/502/325 1902/504/327 1445/503/326
f 317/505/328 671/507/328 663/506/328
f 339/508/329 1249/511/329 400/510/329 450/509/329
f 439/512/330 1782/514/332 1250/513/331
f 608/515/333 611/518/335 1611/517/334 501/516/334
f 101/519/336 511/522/336 1447/521/336 508/520/336
f 114/523/337 182/524/337 663/506/337
f 749/525/338 1903/527/340 910/526/339
f 266/528/341 1082/372/343 1088/529/342
f 389/530/344 1783/532/346 1905/531/345
f 101/519/347 743/306/347 750/304/347
f 609/533/348 911/535/350 912/534/349
f 468/536/351 1906/538/353 2090/537/352
f 198/539/354 197/540/356 114/523/355
f 113/318/357 112/270/357 126/268/357
f 230/541/358 665/543/358 377/542/358
f 113/318/359 311/275/359 332/544/359
f 84/219/360 206/294/360 496/295/360
f 824/545/361 1785/548/362 822/547/361 827/546/361
f 824/549/363 1612/551/363 913/550/363
f 792/552/364 98/554/364 384/553/364
f 724/225/365 725/215/365 161/213/365
f 307/555/366 379/557/366 402/556/366
f 422/558/367 1786/561/369 468/560/369 142/559/368
f 629/562/370 915/564/372 1907/563/371
f 458/565/373 456/567/373 358/566/373
f 358/566/374 638/569/374 783/568/374
f 721/570/375 720/571/375 580/209/375
f 217/572/376 214/155/376 215/573/376
f 135/574/377 1908/576/379 1909/575/378
f 175/577/380 916/579/382 1910/578/381
f 435/580/383 1252/582/385 2092/581/384
f 483/583/386 2094/586/386 480/585/386 281/584/386
f 404/498/387 473/589/387 1614/588/387 469/587/387
f 123/590/388 141/358/388 492/591/388
f 81/592/389 2095/594/391 918/593/390
f 703/595/392 717/596/392 632/360/392
f 157/597/393 229/598/393 230/541/393
f 76/599/394 1449/601/396 1450/600/395
f 637/602/397 1253/604/399 339/508/398 451/603/398
f 230/541/400 333/606/402 276/605/401
f 482/607/403 919/609/405 1911/608/404
f 236/610/406 233/178/406 234/611/406
f 601/612/407 1912/614/409 921/613/408
f 755/615/410 2087/617/412 922/616/411
f 676/618/413 127/414/413 617/260/413
f 241/619/414 747/396/414 746/620/414
f 741/621/415 1254/623/417 1255/622/416
f 96/624/418 1914/626/420 2097/625/419
f 504/627/421 1916/629/423 1788/628/422
f 252/630/424 1451/632/426 1452/631/425
f 164/633/427 1454/635/429 1455/634/428
f 100/636/430 410/238/430 722/159/430
f 246/637/431 235/638/433 197/540/432
f 163/639/434 1257/641/434 1258/640/434
f 262/473/435 1615/643/437 1790/642/436
f 349/644/438 118/646/438 181/645/438
f 587/647/439 823/648/439 820/346/439
f 542/297/440 1791/650/442 1792/649/441
f 211/651/443 1260/653/444 1793/652/443
f 508/520/445 587/647/445 584/239/445
f 409/499/446 923/655/448 924/654/447
f 727/656/449 1918/658/451 925/657/450
f 800/659/452 2099/661/452 1261/660/452
f 212/662/453 620/664/453 622/663/453
f 97/665/454 379/557/454 320/666/454
f 242/667/455 1089/669/457 1090/668/456
f 330/670/458 804/672/458 805/671/458
f 135/574/459 1889/231/461 1919/673/460
f 458/674/462 195/677/462 1263/676/462 412/675/462
f 517/678/463 1620/680/465 1621/679/464
f 680/681/466 675/259/466 598/682/466
f 438/683/467 1456/685/469 1091/684/468
f 105/686/470 927/688/472 928/687/471
f 233/178/473 254/250/473 267/248/473
f 271/689/474 268/691/474 269/690/474
f 272/692/475 1623/694/477 1920/693/476
f 630/695/478 1264/697/480 1457/696/479
f 557/698/481 1093/700/483 929/699/482
f 723/701/484 1265/703/484 931/702/484
f 454/704/485 1459/706/485 1795/705/485
f 647/707/486 1089/669/488 2101/708/487
f 535/709/489 1921/711/491 1922/710/490
f 520/712/492 2103/714/494 1796/713/493
f 123/590/495 702/368/495 703/595/495
f 102/715/496 742/240/498 743/306/497
f 461/716/499 460/718/501 363/717/500
f 821/719/502 1625/721/502 2104/720/502
f 370/722/503 682/723/503 676/618/503
f 528/724/504 1923/726/506 1461/725/505
f 440/727/507 1095/729/509 1463/728/508
f 678/730/510 1779/732/512 1924/731/511
f 331/733/513 1926/735/515 1266/734/514
f 400/510/516 1626/738/516 325/737/516 462/736/516
f 527/739/517 1923/726/519 1927/740/518
f 282/741/520 751/742/520 746/620/520
f 419/743/521 1267/745/523 1627/744/522
f 555/217/524 557/747/524 1268/746/524 499/316/524
f 464/748/525 515/750/525 314/749/525
f 115/751/526 114/523/528 72/752/527
f 271/689/529 215/573/529 214/155/529
f 153/753/530 1798/755/530 1928/754/530
f 87/756/531 1929/758/533 1930/757/532
f 217/572/534 216/760/534 302/759/534
f 128/761/535 180/762/535 335/437/535
f 436/763/536 1270/765/538 1931/764/537
f 340/404/539 1933/768/539 207/767/539 729/766/539
f 453/769/540 196/253/540 1271/770/540 195/677/540
f 269/690/541 126/268/541 125/179/541
f 479/771/542 660/773/542 530/772/542
f 612/774/543 933/776/545 2106/775/544
f 394/777/546 384/553/548 98/554/547
f 481/281/549 1934/779/550 934/778/549
f 169/780/551 936/782/553 937/781/552
f 737/783/554 909/785/554 938/784/554
f 473/786/555 1913/788/557 940/787/556
f 519/789/558 1629/791/560 2108/790/559
f 523/792/561 1272/794/563 2110/793/562
f 480/795/564 1096/797/564 2112/796/564
f 657/798/565 2113/800/567 1273/799/566
f 86/801/568 1801/803/570 1802/802/569
f 634/804/571 636/806/573 224/805/572
f 524/807/574 1272/794/576 1275/808/575
f 313/809/577 659/811/577 672/810/577
f 334/812/578 198/539/578 115/751/578
f 811/813/579 816/815/579 1803/814/579 582/212/579
f 277/816/580 1630/818/582 941/817/581
f 174/466/583 385/820/583 666/819/583
f 312/821/584 559/409/584 781/410/584
f 342/822/585 1804/824/587 1936/823/586
f 522/389/588 526/390/588 428/826/588 1465/825/588
f 329/827/589 906/829/591 943/828/590
f 627/830/592 1277/832/594 1278/831/593
f 337/833/595 2114/835/595 1805/834/595
f 541/836/596 1631/838/598 1632/837/597
f 497/839/599 1279/841/601 2115/840/600
f 220/842/602 1807/844/602 944/843/602
f 152/845/603 1938/847/603 2116/846/603
f 189/348/604 688/500/604 687/380/604
f 507/848/605 945/850/607 1634/849/606
f 423/851/608 1940/853/610 1941/852/609
f 216/760/611 387/855/611 361/854/611
f 445/856/612 946/857/612 441/208/612 251/205/612
f 89/858/613 947/860/613 948/859/613
f 372/861/614 402/556/614 382/862/614
f 765/863/615 780/865/615 1099/864/615 210/452/615
f 626/866/616 629/869/618 2118/868/617 504/867/617
f 400/510/619 1249/511/621 2119/870/620
f 589/871/622 1100/873/624 2120/872/623
f 355/874/625 199/875/625 268/691/625
f 227/876/626 1281/878/628 1467/877/627
f 771/879/629 1282/881/631 1637/880/630
f 129/882/632 181/645/632 180/762/632
f 116/883/633 1411/258/635 1469/884/634
f 79/885/636 1937/887/638 1942/886/637
f 174/466/639 667/464/639 664/888/639
f 243/889/640 1943/891/642 1808/890/641
f 501/892/643 1470/894/645 1639/893/644
f 465/895/646 1641/897/647 2121/896/646
f 599/898/648 1940/899/648 423/326/648 83/327/648
f 614/900/649 1809/902/651 1283/901/650
f 816/903/652 1471/905/652 1285/904/652
f 527/739/653 1642/907/655 1472/906/654
f 628/456/656 350/453/658 751/742/657
f 303/908/659 286/910/659 264/909/659
f 746/620/660 751/742/662 350/453/661
f 90/911/663 950/913/665 1102/912/664
f 321/914/666 952/916/666 953/915/667
f 70/917/668 1810/919/670 1811/918/669
f 270/920/671 269/690/671 315/177/671
f 373/921/672 954/923/674 1473/922/673
f 171/924/675 1103/926/677 1287/925/676
f 733/927/678 1105/929/680 1288/928/679
f 372/861/681 315/177/681 236/610/681
f 726/930/682 1812/932/684 1945/931/683
f 515/750/685 429/934/685 202/933/685
f 412/675/686 1474/936/688 1475/935/687
f 405/937/689 1814/939/691 2123/938/690
f 621/940/692 624/942/692 207/767/692 1947/941/692
f 488/943/693 1101/945/695 956/944/694
f 142/559/696 688/500/698 679/501/697
f 159/946/699 687/380/699 693/246/699
f 265/947/700 1598/345/702 957/948/701
f 341/949/703 1645/951/705 1646/950/704
f 307/555/706 236/610/706 235/638/706
f 203/416/707 546/953/709 543/952/708
f 718/954/710 1476/956/712 1647/955/711
f 430/957/713 514/958/713 286/910/713
f 247/959/714 1948/961/716 1949/960/715
f 292/962/717 1477/964/719 1109/963/718
f 644/965/720 1478/967/722 1649/966/721
f 343/968/723 1950/970/725 2125/969/724
f 480/585/726 581/972/726 578/971/726
f 235/638/727 234/611/729 392/973/728
f 523/792/730 1290/975/732 1479/974/731
f 376/976/733 1291/978/735 2127/977/734
f 793/979/736 146/981/736 183/980/736
f 366/982/737 1951/984/737 958/983/737
f 288/985/738 287/987/738 145/986/738
f 197/540/739 392/973/739 182/524/739
f 311/275/740 113/318/740 199/875/740
f 394/777/741 320/666/741 334/812/741
f 399/988/742 1952/990/744 1953/989/743
f 309/991/745 1651/993/747 1815/992/746
f 624/942/748 740/224/748 729/766/748
f 529/994/749 960/996/749 649/190/749 479/995/749
f 351/997/750 961/999/750 2128/998/750
f 342/822/751 1112/1001/753 1817/1000/752
f 241/619/754 962/1003/756 963/1002/755
f 231/1004/757 1954/1006/759 1955/1005/758
f 511/1007/760 1818/1009/762 1481/1008/761
f 684/1010/763 1293/1012/765 1653/1011/764
f 310/153/766 69/1014/766 403/1013/766
f 396/277/767 311/275/769 355/874/768
f 125/179/770 124/269/772 254/250/771
f 427/1015/773 661/1017/775 525/1016/774
f 213/1018/776 71/445/776 770/1019/776
f 191/1020/777 1956/1022/779 1957/1021/778
f 690/1023/780 1081/1025/782 1294/1024/781
f 356/1026/783 403/1013/783 93/1027/783
f 268/691/784 199/875/786 126/268/785
f 392/973/787 335/437/787 180/762/787
f 398/1028/788 313/809/788 118/646/788
f 461/716/789 429/934/789 287/987/789
f 454/704/790 1820/1030/790 1296/1029/790
f 270/920/791 382/862/791 215/573/791
f 364/1031/792 1482/1033/794 1297/1032/793
f 195/677/795 1299/1035/795 1300/1034/795
f 395/1036/796 1822/1038/798 964/1037/797
f 242/667/799 1115/1040/801 1116/1039/800
f 668/465/802 666/819/802 204/1041/802
f 814/1042/803 818/1043/803 720/571/803
f 129/1044/804 439/512/804 965/1046/804 433/1045/804
f 434/265/805 1095/729/805 440/727/805 121/1047/805
f 187/1048/806 671/507/806 660/773/806
f 79/885/807 1958/1050/809 1959/1049/808
f 259/1051/810 1302/1053/812 1303/1052/811
f 662/237/813 525/1016/813 186/1054/813
f 464/748/814 430/957/814 303/908/814
f 229/598/815 334/812/815 333/606/815
f 75/1055/816 1304/1057/818 1305/1056/817
f 530/772/819 659/811/819 513/1058/819
f 574/1059/820 575/1062/820 2131/1061/820 432/1060/820
f 170/1063/821 1117/1065/823 1118/1064/822
f 631/1066/824 1655/1068/826 1483/1067/825
f 265/947/827 1306/1070/829 1963/1069/828
f 386/1071/830 1965/1073/832 1966/1072/831
f 538/1074/833 1968/1076/835 1119/1075/834
f 476/196/836 1424/1078/838 966/1077/837
f 374/1079/839 1484/1081/841 968/1080/840
f 222/1082/842 1657/1084/844 1824/1083/843
f 516/1085/845 969/1087/845 1969/1086/845
f 91/199/846 1121/1089/848 1307/1088/847
f 80/1090/849 2132/1092/851 2133/1091/850
f 216/760/852 215/573/852 382/862/852
f 320/666/853 379/557/853 307/555/853
f 388/1093/854 1122/1095/856 1660/1094/855
f 497/839/857 1662/1097/859 2134/1096/858
f 251/1098/860 323/1099/860 377/542/860
f 324/1100/861 680/681/861 679/501/861
f 659/811/862 530/772/862 317/505/862
f 384/553/863 394/777/863 229/598/863
f 285/495/864 2136/1102/866 1663/1101/865
f 234/611/867 267/248/867 335/437/867
f 360/1103/868 1825/1105/870 2137/1104/869
f 264/909/871 219/154/871 214/155/871
f 643/1106/872 1440/1108/874 1308/1107/873
f 190/1109/875 1827/1111/877 1828/1110/876
f 495/1112/878 1901/1114/878 1971/1113/878
f 356/1026/879 268/691/879 271/689/879
f 322/1115/880 1123/1117/882 1124/1116/881
f 320/666/883 246/637/883 198/539/883
f 228/1118/884 1309/1120/886 1310/1119/885
f 524/807/887 1125/1122/889 1666/1121/888
f 541/836/890 1667/1124/892 1973/1123/891
f 347/1125/893 970/1127/893 2138/1126/893
f 483/1128/894 971/1130/896 1127/1129/895
f 566/1131/897 712/1133/897 713/1132/897
f 109/367/898 497/1136/898 1829/1135/898 494/1134/898
f 239/180/899 676/618/899 695/261/899
f 135/574/900 1975/1138/902 1976/1137/901
f 723/374/903 719/375/903 328/1139/903
f 432/1060/904 2139/1140/906 467/351/906 189/348/905
f 734/1141/907 1487/1143/909 1977/1142/908
f 812/1144/910 1488/1146/910 1129/1145/910
f 119/1147/911 323/1149/911 446/206/911 1979/1148/911
f 103/1150/912 144/1151/912 465/895/912
f 581/972/913 815/1152/913 814/1042/913
f 213/1018/914 638/569/914 642/1153/914
f 388/1154/915 1948/1156/915 247/1155/915 430/957/915
f 193/1157/916 972/1159/918 973/1158/917
f 123/590/919 491/1161/919 1279/1160/919 497/1136/919
f 481/210/920 974/1162/920 482/287/920 410/238/920
f 241/619/921 138/1163/921 753/395/921
f 107/1164/922 1312/1166/924 1313/1165/923
f 167/1167/925 1314/1169/925 1980/1168/925
f 201/1170/926 975/1171/926 202/933/926 429/934/926
f 367/1172/927 1981/1174/929 1982/1173/928
f 720/571/930 721/570/930 281/584/930
f 468/536/931 1786/1176/933 1831/1175/932
f 700/1177/934 1489/1179/936 2141/1178/935
f 573/328/937 1131/1181/939 2143/1180/938
f 124/269/940 112/270/940 103/1182/940
f 365/1183/941 1669/1185/943 1670/1184/942
f 127/414/944 676/618/944 682/723/944
f 226/156/945 1133/1187/945 418/1186/945 673/150/945
f 247/1155/946 1983/1189/946 248/1188/946 514/958/946
f 295/302/947 1984/1192/950 308/1191/949 474/1190/948
f 314/1193/951 1134/1195/953 1135/1194/952
f 361/854/954 287/987/954 429/934/954
f 704/1196/955 2144/1198/957 1985/1197/956
f 280/1199/958 1490/1201/960 2145/1200/959
f 106/1202/961 1070/1204/961 1137/1203/961
f 681/1205/962 1672/1207/964 1673/1206/963
f 325/737/965 1638/1209/967 1675/1208/966
f 773/1210/968 769/338/968 275/339/968
f 273/1211/969 926/1213/970 976/1212/970
f 144/1151/971 332/1214/971 437/476/971
f 445/856/972 1676/1216/974 1677/1215/973
f 507/848/975 398/1218/975 349/1217/975
f 763/1219/976 626/866/976 408/1220/976
f 732/1221/977 1487/1143/979 1678/1222/978
f 408/1220/980 504/867/980 2147/1223/980 511/522/980
f 329/827/981 2148/1225/983 977/1224/982
f 120/1226/984 119/1147/987 1988/1228/986 444/1227/985
f 721/570/988 722/159/988 401/1229/988
f 275/339/989 453/1230/989 458/565/989
f 193/1157/990 978/1232/992 979/1231/991
f 318/1233/993 122/1234/993 435/580/993
f 592/1235/994 632/360/994 717/596/994
f 302/759/995 361/854/995 515/750/995
f 677/1236/996 1681/1238/998 1832/1237/997
f 638/569/999 213/1018/999 768/1239/999
f 288/985/1000 354/1240/1002 460/718/1001
f 168/1241/1003 1989/1243/1003 2150/1242/1003
f 509/422/1004 1682/1245/1006 1138/1244/1005
f 128/1246/1007 318/1233/1007 436/763/1007
f 744/1247/1008 745/1249/1008 362/1248/1008
f 148/1250/1009 120/1226/1009 443/1251/1009
f 122/1234/1010 121/1047/1010 440/727/1010
f 641/1252/1011 1991/1254/1013 1834/1253/1012
f 99/1255/1014 1316/1257/1016 1317/1256/1015
f 298/1258/1017 664/888/1017 667/464/1017
f 128/1246/1018 438/683/1018 1782/514/1018 439/512/1018
f 183/1259/1019 794/1262/1019 1992/1261/1019 791/1260/1019
f 232/1263/1020 2151/1265/1022 2152/1264/1021
f 332/1214/1023 240/1266/1023 466/479/1023
f 496/1267/1024 1891/1269/1026 1139/1268/1025
f 274/337/1027 448/1270/1027 453/1230/1027
f 348/160/1028 476/365/1028 1492/1271/1028 483/583/1028
f 104/1272/1029 103/1150/1029 516/1085/1029
f 520/712/1030 1993/1274/1032 981/1273/1031
f 405/937/1033 1141/1276/1035 1683/1275/1034
f 378/1277/1036 1684/1279/1038 1143/1278/1037
f 139/1280/1039 1318/1282/1041 1319/1281/1040
f 406/1283/1042 1836/1285/1044 1837/1284/1043
f 290/1286/1045 1144/1288/1047 1145/1287/1046
f 661/1017/1048 670/1289/1048 186/1054/1048
f 522/389/1049 1146/1291/1051 1147/1290/1050
f 530/772/1052 660/773/1052 671/507/1052
f 656/432/1053 885/192/1055 983/1292/1054
f 662/1293/1056 133/1294/1058 735/244/1057
f 385/820/1059 425/1297/1059 984/1296/1061 512/1295/1060
f 426/1298/1062 985/1299/1062 425/1297/1062 385/820/1062
f 546/953/1063 686/1301/1063 298/1300/1063
f 525/1016/1064 662/237/1064 428/1302/1064
f 182/524/1065 180/762/1065 181/645/1065
f 426/1303/1066 1148/1305/1068 1494/1304/1067
f 670/1289/1069 661/1017/1069 298/1258/1069
f 529/994/1070 531/1307/1070 513/1306/1070
f 645/1308/1071 1478/967/1073 1994/1309/1072
f 652/1310/1074 2153/1312/1076 1996/1311/1075
f 655/434/1077 1320/1314/1079 1686/1313/1078
f 533/1315/1080 1688/1317/1082 1689/1316/1081
f 534/435/1083 529/994/1086 986/1319/1085 651/1318/1084
f 431/1320/1087 1998/1322/1087 576/1321/1087 572/379/1087
f 312/821/1088 71/445/1088 450/446/1088
f 160/1323/1089 2154/1325/1091 2155/1324/1090
f 279/1326/1092 1925/1328/1094 1999/1327/1093
f 468/560/1095 2000/1330/1097 431/1320/1097 143/1329/1096
f 826/1331/1098 988/1333/1098 1322/1332/1098
f 610/400/1099 746/620/1099 747/396/1099
f 713/1132/1100 714/369/1100 109/367/1100
f 675/259/1101 680/681/1103 324/1100/1102
f 810/1334/1104 1838/1336/1104 1496/1335/1104
f 537/1337/1105 414/1338/1107 484/429/1106
f 799/1339/1108 798/1341/1108 2001/1340/1108 575/1062/1108
f 484/1342/1109 989/1344/1111 1497/1343/1110
f 682/723/1112 686/1301/1112 546/953/1112
f 68/447/1113 1420/324/1115 1498/1345/1114
f 711/1346/1116 2002/1348/1116 2156/1347/1116
f 687/380/1117 688/500/1117 142/559/1117
f 415/1349/1118 1690/1351/1120 2003/1350/1119
f 370/722/1121 415/181/1121 2004/1353/1121 544/1352/1121
f 192/1354/1122 2158/1356/1122 2159/1355/1122
f 807/1357/1123 806/1359/1123 1150/1358/1123 570/467/1123
f 732/1221/1124 1499/1361/1126 1500/1360/1125
f 393/1362/1127 991/1364/1129 992/1363/1128
f 804/672/1130 809/1365/1130 712/1133/1130
f 552/1366/1131 735/244/1131 731/214/1131
f 566/1131/1132 110/1367/1132 494/1134/1132
f 469/587/1133 1693/1369/1133 551/1368/1133 552/1366/1133
f 545/1370/1134 686/1301/1135 682/723/1135
f 744/1371/1136 2098/1373/1136 2160/1372/1137
f 806/1374/1138 1839/1376/1140 2005/1375/1139
f 558/1377/1141 756/252/1141 753/395/1141
f 383/1378/1142 2007/1380/1142 2008/1379/1142
f 130/1381/1143 799/1339/1145 801/247/1144
f 149/1382/1146 1694/1384/1148 1695/1383/1147
f 558/1377/1149 138/1163/1151 498/1385/1150
f 559/409/1152 312/821/1152 462/1386/1152
f 802/1387/1153 1502/1389/1153 994/1388/1153
f 463/1390/1154 1503/1392/1156 2009/1391/1155
f 71/445/1157 312/821/1157 776/1393/1157
f 289/1394/1158 1323/1396/1160 995/1395/1159
f 325/737/1161 1696/1398/1164 561/331/1163 564/1397/1162
f 162/1399/1165 1151/1401/1167 1152/1400/1166
f 193/1157/990 996/1403/1169 997/1402/1168
f 635/1404/1170 1697/1406/1172 1154/1405/1171
f 594/1407/1173 2162/1408/1173 488/431/1173 413/428/1173
f 728/161/1174 729/766/1174 212/662/1174
f 263/243/1175 705/1410/1175 708/1409/1175
f 319/185/1176 489/1413/1178 998/1412/1177 593/1411/1177
f 134/325/1179 679/501/1179 680/681/1179
f 280/1199/1180 2163/1415/1182 2164/1414/1181
f 324/1100/1183 424/1418/1186 2165/1417/1185 600/1416/1184
f 617/260/1187 618/1420/1189 2011/1419/1188 599/898/1188
f 599/1421/1190 2011/1423/1192 2012/1422/1191
f 595/187/1193 1699/1425/1195 1325/1424/1194
f 117/1426/1196 1699/1425/1198 1701/1427/1197
f 767/1428/1199 773/1210/1199 257/1429/1199
f 393/1362/1200 1935/1431/1202 999/1430/1201
f 623/1432/1203 2014/1434/1205 2015/1433/1204
f 473/589/1206 404/498/1206 602/223/1206
f 604/1435/1207 161/213/1207 474/1436/1207
f 623/1432/1208 1000/1438/1210 1702/1437/1209
f 308/1191/1211 1505/1440/1213 1506/1439/1212
f 740/224/1214 724/225/1214 604/1435/1214
f 188/1441/1215 1507/1443/1217 1508/1442/1216
f 156/313/1218 753/395/1218 756/252/1218
f 613/1444/1219 1703/1446/1221 1704/1445/1220
f 502/1447/1222 2149/1449/1224 1840/1448/1223
f 210/452/1225 1099/864/1227 1156/1450/1226
f 188/1441/1228 1470/894/1230 1509/1451/1229
f 608/515/1231 350/453/1231 506/1452/1231
f 338/394/1232 502/314/1232 1841/1453/1232 612/403/1232
f 597/1454/1233 1705/1456/1235 1706/1455/1234
f 765/1457/1236 766/1458/1236 168/1241/1236
f 783/568/1237 768/1239/1239 209/1459/1238
f 168/1241/1240 766/1458/1240 769/338/1240
f 768/1239/1241 770/1019/1241 116/883/1241
f 232/1263/1242 2169/1461/1244 2170/1460/1243
f 773/1210/1245 767/1428/1245 166/1462/1245
f 639/1463/1246 2016/1465/1248 2017/1464/1247
f 769/338/1249 773/1210/1249 107/1164/1249
f 775/1466/1250 1282/881/1252 2171/1467/1251
f 770/1019/1253 776/1393/1253 1510/1469/1253 300/1468/1253
f 560/1470/1254 2172/1472/1256 2173/1471/1255
f 708/1409/1257 705/1410/1257 414/1338/1257
f 371/384/1258 1330/1473/1260 628/456/1260 763/1219/1259
f 778/1474/1261 1078/1476/1263 1511/1475/1262
f 779/1477/1264 1328/1479/1264 1842/1478/1264
f 774/1480/1265 1821/1482/1265 1331/1481/1265
f 238/1483/1266 1843/1484/1266 780/865/1266 765/863/1266
f 776/1393/1267 2174/1486/1269 1157/1485/1268
f 255/1487/1270 1903/527/1272 2018/1488/1271
f 117/1426/1273 1601/1490/1275 1707/1489/1274
f 618/1491/1276 1513/1493/1278 1514/1492/1277
f 420/1494/1279 1513/1495/1279 618/1420/1189 617/260/1187
f 600/1416/1280 2175/1497/1282 2176/1496/1281
f 614/900/1283 695/261/1283 675/259/1283
f 595/187/1284 1333/1499/1286 1334/1498/1285
f 730/1500/1287 1105/929/1289 2019/1501/1288
f 94/1502/1290 731/214/1290 725/215/1290
f 729/766/1291 740/224/1291 620/664/1291
f 478/1503/1292 1335/1505/1294 1844/1504/1293
f 621/940/1295 1708/1507/1295 605/1506/1297 602/223/1296
f 620/664/1298 604/1435/1298 606/1508/1298
f 741/621/1299 1835/1510/1301 1002/1509/1300
f 606/1511/1302 1327/1513/1304 1845/1512/1303
f 164/633/1305 1515/1515/1307 1516/1514/1306
f 626/866/1308 763/1219/1308 751/742/1308
f 282/741/1309 505/401/254 1004/1516/1310 629/869/1310
f 365/1183/1311 1709/1518/1313 1710/1517/1312
f 505/1519/1314 2177/1521/1316 1005/1520/1315
f 208/1522/1317 2179/1524/1319 2180/1523/1318
f 628/456/1320 1330/1473/1322 2020/1525/1321
f 319/185/1323 699/186/1323 705/1410/1323
f 390/1526/1324 1846/1528/1326 1847/1527/1325
f 591/1529/1327 2021/1531/1329 2022/1530/1328
f 634/804/1330 1161/1533/1333 594/1407/1332 590/1532/1331
f 592/1235/1334 593/1411/1334 1006/1534/1334 633/359/1334
f 179/284/1335 1338/1536/1337 1339/1535/1336
f 767/1428/1338 783/568/1338 640/1537/1338
f 209/1459/1339 1007/1539/1341 1008/1538/1340
f 201/1540/1342 1009/1542/1344 1010/1541/1343
f 638/569/1345 358/566/1345 456/567/1345
f 456/1543/1346 1519/1545/1348 2181/1544/1347
f 452/1546/1349 1227/286/1351 1521/1547/1350
f 339/508/1352 1253/604/1354 1341/1548/1353
f 512/1549/1355 984/1551/1357 1522/1550/1356
f 648/1552/1358 2153/1312/1360 1524/1553/1359
f 115/751/1361 658/1554/1361 276/605/1361
f 704/1196/1362 1712/1556/1364 1342/1555/1363
f 703/595/1365 224/805/1365 636/806/1365
f 707/1557/1366 1163/1559/1368 1713/1558/1367
f 717/596/1369 636/806/1369 590/1532/1369
f 82/1560/1370 1164/1562/1370 1165/1561/1370
f 807/1357/1371 568/1563/1371 712/1133/1371
f 111/1564/1372 2025/1566/1372 2026/1565/1372
f 331/733/1373 1166/1568/1375 1343/1567/1374
f 194/468/1376 206/294/1376 714/369/1376
f 715/1569/1377 2182/1571/1379 1011/1570/1378
f 714/369/1380 206/294/1380 84/219/1380
f 568/1563/1381 194/468/1381 713/1132/1381
f 701/307/1382 2028/1573/1384 1344/1572/1383
f 810/1334/1385 2183/1575/1385 2029/1574/1385
f 706/1576/1386 1012/1578/1388 1168/1577/1387
f 413/428/1389 414/1338/1389 705/1410/1389
f 635/1404/1390 1846/1528/1392 1345/1579/1391
f 84/219/1393 224/805/1393 703/595/1393
f 700/1177/1394 1848/1581/1396 2031/1580/1395
f 590/1532/1397 413/428/1397 699/186/1397
f 696/1582/1398 2027/1585/1398 487/1584/1398 368/1583/1398
f 686/1301/1399 545/1370/1401 664/1586/1400
f 426/1587/1402 1169/1589/1404 1170/1588/1403
f 545/1370/1405 544/1352/1405 1169/1591/1405 426/1590/1405
f 696/1582/1406 697/1592/1407 330/670/1407
f 685/1593/1408 1791/650/1410 1171/1594/1409
f 427/1595/1411 543/952/1411 546/953/1411
f 542/297/1412 543/1598/1412 427/1597/1412 1346/1596/1412
f 185/373/1413 811/813/1413 818/1043/1413
f 204/1599/1414 666/1600/1414 540/492/1414
f 512/1601/1415 2184/1603/1417 2185/1602/1416
f 666/1600/1418 512/1605/1418 2186/1604/1418 538/494/1418
f 673/1606/1419 674/1607/1421 155/263/1420
f 734/1141/1422 2033/1609/1424 2187/1608/1423
f 428/1610/1425 662/1293/1425 552/1366/1425
f 549/1611/1426 1715/1613/1428 1525/1612/1427
f 547/300/1429 1347/1615/1431 2034/1614/1430
f 133/1294/1432 660/1616/1432 548/228/1432
f 479/1617/1433 649/1618/1433 1347/1615/1433 547/300/1433
f 660/1616/1434 479/1619/1436 550/227/1435
f 762/417/1437 1716/1621/1439 1348/1620/1438
f 556/1622/1440 513/1623/1440 659/251/1440
f 553/1624/1441 1013/1627/1441 651/1626/1441 513/1625/1441
f 223/1628/1442 2188/1630/1444 1349/1629/1443
f 146/981/1445 145/986/1445 97/665/1445
f 460/1631/1446 564/1397/1162 561/331/1163
f 354/1632/1447 559/409/1447 564/1633/1447
f 148/1634/1448 384/553/1448 157/597/1448
f 411/1635/1449 204/1041/1449 250/1636/1449
f 158/1637/1450 119/1639/1450 120/1638/1450
f 158/1637/1451 377/542/1451 323/1099/1451
f 537/1337/1452 250/1640/1452 204/1599/1452
f 446/206/1453 1850/1642/1455 1851/1641/1454
f 443/1251/1456 1350/1644/1458 1351/1643/1457
f 442/1645/1459 1172/1647/1461 1173/1646/1460
f 446/206/1462 889/207/1464 1852/1648/1463
f 539/1649/1465 1718/1651/1465 445/1650/1465 250/1640/1465
f 784/1652/1466 1676/1654/1468 1353/1653/1467
f 244/1655/1469 1528/1657/1471 1529/1656/1470
f 183/980/1472 146/981/1472 98/554/1472
f 563/1658/1473 1174/1660/1475 1354/1659/1474
f 560/1470/1476 2081/336/214 2191/1661/1477
f 777/1662/1478 2172/1472/1480 1357/1663/1479
f 254/250/1481 124/269/1481 104/1664/1481
f 507/1665/1482 1719/1667/1484 1359/1666/1483
f 398/218/1485 507/1669/1486 1360/1668/1487 557/747/1486
f 130/1381/1488 674/1607/1490 673/1606/1489
f 249/1670/1491 1175/1671/1491 218/305/1491 743/306/1491
f 274/337/1492 766/1458/1492 765/1457/1492
f 785/1672/1493 792/1673/1493 148/1250/1493
f 785/1672/1494 1176/1675/1496 1015/1674/1495
f 794/1262/1497 2192/1677/1499 1361/1676/1498
f 562/1678/1500 1158/1679/1500 781/410/1500 793/408/1500
f 793/979/1501 354/1240/1503 288/985/1502
f 794/1262/1504 183/1259/1504 792/1673/1504
f 344/1680/1505 2192/1677/1507 2193/1681/1506
f 411/1635/1508 377/542/1508 665/543/1508
f 276/605/1509 173/1682/1509 667/464/1509
f 276/605/1510 658/1554/1512 670/1289/1511
f 187/1048/1513 669/236/1513 658/1554/1513
f 72/752/1514 663/506/1514 671/507/1514
f 181/645/1515 118/646/1515 672/810/1515
f 669/236/1516 186/1054/1516 670/1289/1517
f 285/495/1518 1017/1684/1520 1720/1683/1519
f 261/1685/1521 1618/1687/1523 1721/1686/1522
f 261/1685/1524 1019/1689/1526 1723/1688/1525
f 284/1690/1527 1480/1692/1529 1530/1691/1528
f 284/1690/1530 1178/1694/1532 1532/1693/1531
f 96/624/1533 2194/1696/1535 2195/1695/1534
f 646/1697/1536 1688/1317/1538 1724/1698/1537
f 402/556/1539 145/986/1539 387/855/1539
f 97/665/1540 145/986/1540 402/556/1540
f 387/855/1541 145/986/1541 287/987/1541
f 2/42/1542 1056/38/1542 1179/1699/1543
f 48/30/1544 1058/44/1544 2196/1700/1544
f 62/22/1545 2061/32/1545 1853/1701/1545
f 50/19/1546 1053/24/1546 1181/1702/1546
f 51/39/1547 1052/21/1547 1363/1703/1547
f 47/146/1548 1873/41/1548 2037/1704/1548
f 466/479/1549 60/144/1549 47/146/1549
f 240/1266/1550 59/143/1550 60/144/1550
f 396/277/1551 58/11/1551 59/12/1551
f 93/1027/1552 57/29/1552 58/11/1552
f 403/1013/1553 56/46/1553 57/29/1553
f 69/1014/1554 52/15/1554 56/46/1554
f 219/154/1555 63/14/1557 52/15/1556
f 264/909/1558 61/1/1558 63/14/1558
f 55/3/1559 61/1/1559 264/909/1559
f 54/50/1560 55/3/1560 286/910/1560
f 248/1188/1561 2198/1705/1561 64/148/1561 54/50/1561
f 294/1706/1562 1021/1708/1564 2199/1707/1563
f 521/1709/1565 1725/1711/1567 1022/1710/1566
f 140/1712/1568 1183/1714/1570 1726/1713/1569
f 357/1715/1571 1023/1717/1573 1184/1716/1572
f 381/1718/1574 1362/1720/1576 1024/1719/1575
f 691/1721/1577 1262/1723/1577 1365/1722/1577
f 574/1059/1578 693/246/1578 801/247/1578
f 130/1381/1579 418/1725/1579 1185/1724/1579 798/1341/1579
f 226/156/1580 1186/1727/1580 1187/1726/1580
f 571/1728/1581 1367/1730/1581 1368/1729/1581
f 576/1321/1582 2200/1731/1582 797/262/1582 796/245/1582
f 155/263/1583 674/1607/1583 801/247/1583
f 573/328/1584 1727/1733/1584 1728/1732/1584
f 709/1734/1585 2024/1736/1585 1729/1735/1585
f 368/1583/1586 807/1357/1586 809/1365/1586
f 806/1374/1587 2038/1738/1587 2039/1737/1587
f 330/670/1588 697/1592/1588 809/1365/1588
f 368/1583/1589 487/1584/1589 2038/1739/1589 806/1359/1589
f 709/1734/1590 1730/1741/1590 1731/1740/1590
f 804/672/1591 566/1131/1591 569/1742/1591
f 565/1743/1592 1732/1745/1592 1733/1744/1592
f 811/813/1593 580/209/1593 720/571/1593
f 815/1152/1594 471/1746/1594 328/1139/1594
f 137/1747/1595 932/1749/1595 1025/1748/1595
f 328/1139/1596 719/375/1596 818/1043/1596
f 816/903/1597 2201/1751/1597 1026/1750/1597
f 185/373/1598 472/1753/1598 2201/1752/1598 816/815/1598
f 577/1754/1599 1028/1756/1599 1029/1755/1599
f 738/1757/1600 1130/1759/1600 1188/1758/1600
f 760/1760/1601 2105/1762/1603 2202/1761/1602
f 200/1763/1604 2161/1765/1604 2203/1764/1604
f 586/460/1605 759/241/1605 825/347/1605
f 823/648/1606 500/1766/1606 362/1248/1606
f 824/549/1607 1372/1768/1607 2204/1767/1607
f 583/1769/1608 2040/1771/1608 2041/1770/1608
f 362/1248/1609 745/1249/1609 825/347/1609
f 588/1772/1610 1189/1774/1612 1533/1773/1611
f 825/347/1613 745/1249/1613 827/546/1613
f 745/1249/1614 744/1247/1617 1373/1776/1616 299/1775/1615
f 851/1777/1618 850/1779/1620 828/1778/1619
f 853/1780/1621 852/1782/1623 830/1781/1622
f 855/1783/1624 854/1785/1626 832/1784/1625
f 856/1786/1627 834/1788/1629 835/1787/1628
f 859/1789/1630 858/1792/1633 836/1791/1632 1534/1790/1631
f 860/1793/1634 1855/1796/1637 838/1795/1636 839/1794/1635
f 863/1797/1638 1856/1799/1640 2206/1798/1639
f 859/1789/1630 1735/1801/1642 1191/1800/1641
f 865/1802/1643 1374/1804/1645 1535/1803/1644
f 868/1805/1646 1375/1807/1648 1736/1806/1647
f 869/1808/1649 2042/1810/1651 2208/1809/1650
f 862/1811/1652 1857/1813/1654 1858/1812/1653
f 870/1814/1655 2209/1816/1656 1738/1815/1656
f 861/1817/1657 839/1794/1635 834/1788/1629
f 866/1818/1658 1536/1820/1660 2043/1819/1659
f 865/1802/1643 2210/1822/1662 1192/1821/1661
f 854/1785/1626 853/1780/1621 831/1823/1663
f 851/1777/1618 829/1824/1665 830/1781/1664
f 860/1793/1634 1537/1826/1667 1030/1825/1666
f 857/1827/1668 835/1787/1628 849/1828/1669
f 871/1829/1670 849/1828/1669 828/1778/1671
f 855/1783/1672 833/1830/1673 836/1791/1632
f 1/1831/1674 850/1779/1620 851/1777/1618
f 1/1831/1675 852/1782/1623 853/1780/1621
f 1/1831/1675 854/1785/1626 855/1783/1624
f 1/1831/1676 856/1786/1627 857/1827/1668
f 1/1831/1677 858/1792/1679 859/1789/1678
f 1/1831/1676 860/1793/1634 861/1817/1657
f 1/1831/1680 862/1811/1652 1856/1799/1640 863/1797/1638
f 1/1831/1681 859/1789/1630 1376/1833/1683 864/1832/1682
f 1/1831/1681 865/1802/1643 1032/1834/1685 866/1818/1684
f 1/1831/1680 867/1835/1687 1375/1807/1686 868/1805/1646
f 1/1831/1681 869/1808/1689 1739/1836/1688 870/1814/1688
f 1/1831/1680 868/1805/1646 1857/1813/1654 862/1811/1652
f 1/1831/1680 870/1814/1691 1377/1837/1690 867/1835/1687
f 1/1831/1676 861/1817/1657 856/1786/1627
f 1/1831/1681 866/1818/1684 1194/1838/1692 869/1808/1689
f 1/1831/1681 864/1832/1682 2210/1822/1662 865/1802/1643
f 1/1831/1675 853/1780/1621 854/1785/1626
f 1/1831/1693 851/1777/1618 852/1782/1694
f 1/1831/1676 863/1797/1695 1537/1826/1667 860/1793/1634
f 1/1831/1676 857/1827/1668 871/1829/1670
f 1/1831/1674 871/1829/1696 850/1779/1620
f 1/1831/1677 855/1783/1697 858/1792/1679
f 61/1/1698 6/2/1698 18/58/1698
f 21/4/1699 1562/5/1701 1740/1839/1700
f 15/7/1702 1872/8/1702 2044/1840/1702
f 4/10/1703 58/11/1703 19/28/1703
f 20/13/1704 63/14/1704 12/48/1704
f 3/16/9 1211/17/10 1378/1841/1705
f 50/19/1706 874/20/1706 1055/1842/1706
f 62/22/13 1054/23/14 2063/1843/1707
f 13/25/1708 1565/26/1709 1741/1844/1708
f 19/28/1710 57/29/1710 11/45/1710
f 48/30/1711 2062/31/1712 2064/1845/1711
f 22/33/1713 1761/34/1715 1379/1846/1714
f 67/36/24 1762/37/25 2045/1847/1716
f 51/39/1717 1566/40/1718 875/1848/1717
f 2/42/1719 1059/43/1719 1057/1849/1719
f 11/45/1720 56/46/1721 9/47/1720
f 9/47/1722 52/15/1722 20/13/1722
f 12/48/1723 61/1/1723 18/58/1723
f 55/3/32 23/49/33 6/2/1724
f 40/51/1725 878/52/1727 1743/1850/1726
f 11/45/1728 30/54/1728 19/28/1728
f 20/13/1729 46/56/1730 9/47/1730
f 18/58/1731 45/59/1731 12/48/1731
f 23/49/1732 44/61/1732 6/2/1732
f 19/28/43 42/63/44 4/10/1733
f 3/16/1734 1213/64/1736 1379/1846/1735
f 24/66/1737 40/51/1737 1743/1850/1737 5/145/1737
f 34/68/1738 1062/69/1738 879/1851/1738
f 21/4/1739 1569/71/1739 1378/1841/1740
f 15/7/1741 1875/73/1743 1741/1844/1742
f 31/75/1744 2065/76/1745 2068/1852/1744
f 29/78/1746 1877/79/1746 1765/1853/1746
f 9/47/1720 43/55/1747 11/45/1720
f 39/81/1748 2067/82/1748 1063/1854/1748
f 36/84/1749 1764/85/1749 2066/1855/1749
f 4/87/1750 33/67/1750 24/66/1750
f 7/89/65 1880/90/66 2044/1840/1751
f 13/25/1752 1573/92/1752 1740/1839/1752
f 6/2/1753 25/60/1753 18/58/1753
f 12/48/1754 32/57/1754 20/13/1754
f 45/59/1755 829/94/1755 32/57/1755
f 832/96/1756 25/60/70 44/61/70
f 41/98/100 833/99/1757 26/62/99
f 37/102/1758 1575/103/1758 1215/1856/1758
f 35/105/76 1217/106/77 1399/1857/1759
f 42/88/1760 839/108/1760 33/67/1760
f 845/110/1761 1577/111/1761 1402/1858/1761
f 840/113/1762 1881/114/1763 1885/1859/1762
f 46/56/1764 849/116/1764 43/55/1764
f 848/118/1765 1218/119/1765 1578/1860/1765
f 846/121/1766 1401/122/1767 1882/1861/1766
f 28/124/1768 1404/125/1768 1398/1862/1768
f 27/127/1769 1221/128/1769 1214/1863/1769
f 841/130/1770 1884/131/1771 1066/1864/1770
f 33/67/1772 838/133/1772 2213/1865/1772 40/51/1772
f 38/134/1773 1767/135/1773 1763/1866/1773
f 30/54/1774 834/137/1774 42/63/1774
f 833/99/1775 44/61/1775 26/62/1775
f 25/60/1776 830/95/1776 45/59/1776
f 32/57/93 828/117/94 46/56/1777
f 43/55/1778 835/138/1778 30/54/1778
f 838/133/1779 1065/139/1780 2213/1865/1779
f 22/141/1781 26/62/1781 23/49/1781
f 24/66/1782 59/143/1782 4/87/1782
f 5/145/1783 60/144/1783 24/66/1783
f 23/49/1784 64/148/1784 1760/1867/1784 22/141/1784
f 369/149/1785 673/150/1785 417/1868/1785
f 310/153/1786 219/154/1786 69/1014/1786
f 226/156/1787 1068/157/1787 1133/1187/1787
f 722/159/1788 348/160/1788 401/1229/1788
f 817/162/1789 1069/163/1789 1734/1869/1789
f 815/165/1790 1071/166/1790 106/1202/1790 471/1870/1790
f 74/168/113 1074/169/114 1126/1871/1791
f 585/171/1792 883/172/1794 1744/1872/1793
f 78/174/1795 1773/175/1797 1823/1873/1796
f 315/177/1798 233/178/1798 236/610/1798
f 239/180/1799 415/181/1799 370/722/1799
f 698/184/1800 319/185/1800 592/1235/1800
f 595/187/1801 1225/188/1803 1333/1499/1802
f 649/190/1804 1075/191/1806 2035/1874/1805
f 554/193/1807 1583/194/1809 1198/1875/1808
f 476/196/1810 886/197/1812 1492/1876/1811
f 91/199/1813 888/200/1814 1121/1089/1813
f 803/202/1815 1774/203/1815 1370/1877/1815
f 251/205/1816 446/206/1816 323/1149/1816
f 580/209/1817 481/210/1817 1538/1878/1817 100/636/1817
f 161/213/1818 731/214/158 346/226/156
f 313/216/1819 555/217/1819 756/252/1819
f 84/219/1820 493/220/1820 224/805/1820
f 602/223/1821 740/224/1821 624/942/1821
f 346/226/1822 550/227/1822 470/407/1823
f 205/229/1824 1585/230/1826 1745/1879/1825
f 184/232/1827 2074/233/1829 2189/1880/1828
f 133/235/1830 669/236/1830 187/1048/1830
f 728/161/1831 410/238/1831 340/404/1831
f 584/239/1832 742/240/1832 102/715/1832
f 319/185/1176 485/242/1833 1680/1881/1833 489/1413/1178
f 346/226/1834 735/244/1834 548/228/1834
f 796/245/1835 693/246/1835 572/379/1835
f 267/248/1836 121/249/1836 122/1882/1836
f 659/251/1837 756/252/1837 558/1377/1837
f 196/253/162 1410/254/163 1271/770/1838
f 449/256/1839 1412/257/1841 980/1883/1840
f 675/259/1842 617/260/1842 598/682/1842
f 797/262/1843 155/263/1843 796/245/1843
f 434/265/1844 1775/266/1844 1464/1884/1844
f 126/268/1845 124/269/772 125/179/770
f 622/271/1846 73/272/1846 967/1886/1846 477/1885/1846
f 311/275/173 240/276/174 332/544/1847
f 518/278/1848 1414/279/1850 1622/1887/1849
f 481/281/1851 892/282/1851 1934/779/1851
f 179/284/1852 1228/285/1854 1380/1888/1853
f 482/287/1855 1416/288/1855 340/404/1855 410/238/1855
f 92/290/1856 1419/291/1856 1407/1889/1856
f 495/293/1857 206/294/1857 194/468/1857
f 542/297/1858 2078/298/1858 416/1890/1858 543/1598/1858
f 547/300/1859 470/301/1859 550/1891/1859
f 750/304/1860 218/305/1860 1083/386/1860 371/384/1860
f 701/307/1861 1587/308/1863 2142/1892/1862
f 716/310/1864 1590/311/1864 2157/1893/1864
f 156/313/1865 502/314/1865 338/394/1865
f 112/270/1866 144/317/1866 103/1182/1866
f 85/319/1867 1593/320/1869 1656/1894/1868
f 306/322/1870 1080/323/1872 1132/1895/1871
f 134/325/1873 423/326/1873 1862/1896/1873 422/558/1873
f 573/328/1874 1595/329/1876 1131/1181/1875
f 561/331/1877 895/332/1879 1382/1897/1878
f 563/334/1880 1422/335/1882 2048/1898/1881
f 274/337/1883 769/338/1883 766/1458/1883
f 301/340/216 1597/341/217 1746/1899/1884
f 237/343/219 2082/344/220 942/1900/1885
f 820/346/1886 759/241/1886 584/239/1886
f 189/348/1887 421/349/1887 923/655/1887 409/499/1887
f 88/352/1888 2085/353/1888 2072/1901/1888
f 797/355/1889 897/356/1890 369/149/1889 417/1868/1889
f 141/358/1891 633/359/1891 1541/1902/1891 492/591/1891
f 823/361/1892 1233/362/1892 163/639/1892 500/1903/1892
f 477/364/1893 348/160/1893 212/662/1893
f 109/367/1894 702/368/1894 123/590/1894
f 421/370/1895 1600/371/1897 1617/1904/1896
f 185/373/1898 723/374/1898 2216/1905/1898 472/1753/1898
f 490/376/1899 1778/377/1901 1077/1906/1900
f 572/379/1902 687/380/1902 143/1329/1902
f 509/381/1903 1603/382/1904 1745/1879/1825
f 371/384/1905 1235/385/1907 1337/1907/1906
f 427/387/1908 1236/388/1910 1383/1908/1909
f 363/391/246 1085/392/247 1033/1909/1911
f 338/394/1912 753/395/1912 156/313/1912
f 475/397/1913 1237/398/1915 1239/1910/1914
f 610/400/253 505/401/254 282/741/1309
f 340/404/1916 1425/405/1918 1933/768/1917
f 161/213/1919 470/407/1919 474/1436/1919
f 793/408/1920 559/409/1920 354/1632/1920
f 754/411/1921 903/412/1923 1748/1911/1922
f 127/414/1924 416/415/1924 2217/1912/1924 420/1494/1924
f 762/417/1925 905/418/1927 1198/1875/1926
f 108/419/1928 1427/420/1930 1430/1913/1929
f 509/422/1931 1604/423/1933 1602/1914/1932
f 508/425/1934 1429/426/1934 583/1769/1934 587/1915/1934
f 413/428/1935 484/429/1935 414/1338/1935
f 656/432/1936 1896/433/1938 2218/1916/1937
f 318/436/1939 267/248/1939 122/1882/1939
f 615/438/1940 1240/439/1942 1284/1917/1941
f 607/441/1943 1898/442/1945 1542/1918/1944
f 451/444/1946 71/445/1946 213/1018/1946
f 68/447/1947 1433/448/1949 1543/1919/1948
f 448/450/1950 196/253/1950 453/769/1950
f 350/453/1951 630/454/1951 1200/1920/1951 506/1452/1951
f 221/457/1952 1606/458/1954 1658/1921/1953
f 742/240/1955 586/460/1955 908/1922/1955 249/1670/1955
f 653/461/1956 1437/462/1958 1749/1923/1957
f 667/464/1959 668/465/1959 665/543/1959
f 570/467/1960 194/468/1960 568/1563/1960
f 579/470/1961 1243/471/1961 2047/1924/1961
f 262/473/1962 1244/474/1964 1201/1925/1963
f 437/476/1965 1781/477/1967 2122/1926/1966
f 380/480/1968 1439/481/1970 1544/1927/1969
f 244/483/1971 1441/484/1973 1034/1928/1972
f 77/486/1974 1607/487/1976 1624/1929/1975
f 788/489/1977 2088/490/1979 2219/1930/1978
f 540/492/1980 485/242/1980 263/243/1980
f 285/495/1981 1610/496/1983 1017/1684/1982
f 404/498/1984 724/225/1984 602/223/1984
f 409/499/1985 688/500/1985 189/348/1985
f 641/502/1986 1445/503/1988 1991/1931/1987
f 317/505/1989 663/506/1989 672/810/1989
f 339/508/1990 450/509/1990 451/603/1990
f 439/512/1991 1250/513/1993 1035/1932/1992
f 608/515/1994 501/516/1994 962/1003/1994 241/619/1994
f 101/519/1995 508/520/1995 102/715/1995
f 114/523/1996 663/506/1996 72/752/1996
f 749/525/1997 910/526/1999 1671/1933/1998
f 266/528/2000 1088/529/2002 1543/1919/2001
f 389/530/344 1905/531/345 1107/1934/2003
f 101/519/2004 750/304/2004 408/1220/2004
f 609/533/2005 912/534/2007 2107/1935/2006
f 468/536/2008 2090/537/2010 2000/1936/2009
f 198/539/354 114/523/355 115/751/2011
f 113/318/2012 126/268/2012 199/875/2012
f 230/541/2013 377/542/2013 158/1637/2013
f 113/318/2014 332/544/2014 144/317/2014
f 84/219/2015 496/295/2015 1202/1937/2015 490/222/2015
f 824/545/2016 827/546/2016 299/1775/2016 1372/1938/2016
f 824/549/2017 913/550/2019 1545/1939/2018
f 792/552/2020 384/553/2020 148/1634/2020
f 724/225/2021 161/213/2021 604/1435/2021
f 307/555/2022 402/556/2022 372/861/2022
f 422/558/367 142/559/368 134/325/2023
f 629/562/2024 1907/563/2026 2118/1940/2025
f 458/565/2027 358/566/2027 257/1429/2027
f 358/566/2028 783/568/2028 767/1428/2028
f 721/570/2029 580/209/2029 100/636/2029
f 217/572/2030 215/573/2030 216/760/2030
f 135/574/2031 1909/575/2033 1890/1941/2032
f 175/577/380 1910/578/381 1944/1942/2034
f 435/580/383 2092/581/384 1932/1943/2035
f 483/583/2036 281/584/2036 401/1229/2036
f 404/498/2037 469/587/2037 94/1502/2037
f 123/590/2038 492/591/2038 1381/1944/2038 491/1161/2038
f 81/592/2039 918/593/2041 955/1945/2040
f 703/595/2042 632/360/2044 141/358/2043
f 157/597/2045 230/541/2045 158/1637/2045
f 76/599/2046 1450/600/2048 1443/1946/2047
f 637/602/2049 451/603/2049 642/1947/2049
f 230/541/2050 276/605/2050 665/543/2050
f 482/607/2051 1911/608/2053 1229/1948/2052
f 236/610/2054 234/611/2054 235/638/2054
f 601/612/407 921/613/408 1001/1949/2055
f 755/615/410 922/616/411 2222/1950/2056
f 676/618/2057 617/260/2057 695/261/2057
f 241/619/2058 746/620/2059 608/515/2058
f 741/621/2060 1255/622/2062 1155/1951/2061
f 96/624/2063 2097/625/2065 2194/1696/2064
f 504/627/2066 1788/628/2068 2147/1952/2067
f 252/630/2069 1452/631/2071 1546/1953/2070
f 164/633/2072 1455/634/2074 1547/1954/2073
f 100/636/2075 722/159/2075 721/570/2075
f 246/637/2076 197/540/2076 198/539/2076
f 163/639/2077 1258/640/2077 744/1371/2077 500/1903/2077
f 262/473/2078 1790/642/2080 1864/1955/2079
f 349/644/2081 181/645/2081 129/882/2081
f 587/647/2082 820/346/2082 584/239/2082
f 542/297/2083 1792/649/2085 2077/299/2084
f 211/651/2086 1793/652/2088 1292/1956/2087
f 508/520/2089 584/239/2089 102/715/2089
f 409/499/2090 924/654/2090 424/1418/2090 324/1100/2090
f 727/656/2091 925/657/2093 1946/1957/2092
f 800/659/2094 1261/660/2094 1750/1958/2094
f 212/662/2095 622/663/2095 477/364/2095
f 97/665/2096 320/666/2096 394/777/2096
f 242/667/2097 1090/668/2099 1201/1925/2098
f 330/670/2100 805/671/2100 1860/1960/2100 486/1959/2100
f 135/574/2101 1919/673/2103 1975/1138/2102
f 458/674/2104 412/675/2104 1519/1545/2104 456/1543/2104
f 517/678/2105 1621/679/2107 2109/1961/2106
f 680/681/2108 598/682/2108 83/327/2108
f 438/683/2109 1091/684/2111 1251/1962/2110
f 105/686/2112 928/687/2114 1034/1928/2113
f 233/178/2115 267/248/2115 234/611/2115
f 271/689/2116 269/690/2116 270/920/2116
f 272/692/2117 1920/693/2119 1245/1963/2118
f 630/695/2120 1457/696/2122 1200/1964/2121
f 557/698/2123 929/699/2125 1268/1965/2124
f 723/701/2126 931/702/2126 2216/1966/2126
f 454/704/2127 1795/705/2127 2053/1967/2127
f 647/707/2128 2101/708/2130 1751/1968/2129
f 535/709/2131 1922/710/2133 1120/1969/2132
f 520/712/2134 1796/713/2136 1752/1970/2135
f 123/590/2137 703/595/2137 141/358/2137
f 102/715/496 743/306/497 101/519/2138
f 461/716/499 363/717/500 1033/1971/2139 201/1170/2139
f 821/719/2140 2104/720/2140 914/1972/2140
f 370/722/2141 676/618/2141 239/180/2141
f 528/724/2142 1461/725/2144 1274/1973/2143
f 440/727/2145 1463/728/2147 2093/1974/2146
f 678/730/2148 1924/731/2150 1833/1975/2149
f 331/733/2151 1266/734/2153 1385/1976/2152
f 400/510/2154 462/736/2154 450/509/2154
f 527/739/2155 1927/740/2157 1386/1977/2156
f 282/741/2158 746/620/2158 610/400/2158
f 419/743/2159 1627/744/2161 1887/1978/2160
f 555/217/2162 499/316/2162 156/313/2162
f 464/748/2163 314/749/2163 1122/1979/2163 388/1154/2163
f 115/751/526 72/752/527 658/1554/2164
f 271/689/2165 214/155/2165 310/153/2165
f 153/753/2166 1928/754/2166 2086/1980/2166
f 87/756/531 1930/757/532 1967/1981/2167
f 217/572/2168 302/759/2168 303/908/2168
f 128/761/2169 335/437/2169 318/436/2169
f 436/763/2170 1931/764/2172 1092/1982/2171
f 340/404/2173 729/766/2173 728/161/2173
f 453/769/2174 195/677/2174 458/674/2174
f 269/690/2175 125/179/2175 315/177/2175
f 479/771/2176 530/772/2176 531/1983/2176
f 612/774/543 2106/775/544 902/1984/2177
f 394/777/546 98/554/547 97/665/2178
f 481/281/2179 934/778/2179 974/1985/2179
f 169/780/551 937/781/552 917/1986/2180
f 737/783/2181 938/784/2181 1204/1987/2181
f 473/786/2182 940/787/2184 1614/1988/2183
f 519/789/2185 2108/790/2187 982/1989/2186
f 523/792/2188 2110/793/2190 1864/1955/2189
f 480/795/2191 2112/796/2191 577/1754/2191 581/1990/2191
f 657/798/2192 1273/799/2194 1548/1991/2193
f 86/801/568 1802/802/569 1784/1992/2195
f 634/804/571 224/805/572 493/220/2197 1753/1993/2196
f 524/807/2198 1275/808/2200 1549/1994/2199
f 313/809/2201 672/810/2201 118/646/2201
f 334/812/2202 115/751/2202 333/606/2202
f 811/813/2203 582/212/2203 580/209/2203
f 277/816/2204 941/817/2206 1584/1995/2205
f 174/466/2207 666/819/2207 668/465/2207
f 312/821/2208 781/410/2208 2174/1486/2208 776/1393/2208
f 342/822/585 1936/823/586 1816/1996/2209
f 522/389/2210 1465/825/2212 1205/1997/2211
f 329/827/2213 943/828/2215 2148/1225/2214
f 627/830/2216 1278/831/2218 1458/1998/2217
f 337/833/2219 1805/834/2219 2129/1999/2219
f 541/836/2220 1632/837/2222 1667/1124/2221
f 497/839/2223 2115/840/2225 1662/1097/2224
f 220/842/2226 944/843/2226 1408/2000/2226
f 152/845/2227 2116/846/2227 2117/2001/2227
f 189/348/2228 687/380/2228 159/946/2228
f 507/848/2229 1634/849/2231 1719/2002/2230
f 423/851/2232 1941/852/2234 1746/1899/2233
f 216/760/2235 361/854/2235 302/759/2235
f 445/856/2236 251/205/2236 250/2003/2236
f 89/858/2237 948/859/2237 951/2004/2237
f 372/861/2238 382/862/2238 270/920/2238
f 765/863/2239 210/452/2241 448/450/2240
f 626/866/2242 504/867/2242 408/1220/2242
f 400/510/2243 2119/870/2245 2225/2005/2244
f 589/871/2246 2120/872/2248 1698/2006/2247
f 355/874/2249 268/691/2249 356/1026/2249
f 227/876/2250 1467/877/2252 1311/2007/2251
f 771/879/2253 1637/880/2255 2225/2005/2254
f 129/882/2256 180/762/2256 128/761/2256
f 116/883/2257 1469/884/2259 1550/2008/2258
f 79/885/2260 1942/886/2262 1958/1050/2261
f 174/466/2263 664/888/2263 385/820/2263
f 243/889/2264 1808/890/2266 1301/2009/2265
f 501/892/2267 1639/893/2269 1114/2010/2268
f 465/895/2270 2121/896/2270 1970/2011/2270
f 599/898/2271 83/327/2271 598/682/2271
f 614/900/2272 1283/901/2272 419/183/2272 239/180/2272
f 816/903/2273 1285/904/2273 1803/2012/2273
f 527/739/653 1472/906/654 1462/2013/2274
f 628/456/656 751/742/657 763/1219/2275
f 303/908/2276 264/909/2276 217/572/2276
f 746/620/660 350/453/661 608/515/2277
f 90/911/663 1102/912/664 1113/2014/2278
f 321/914/2279 953/915/2281 920/2015/2280
f 70/917/2282 1811/918/2284 1819/2016/2283
f 270/920/2285 315/177/2285 372/861/2285
f 373/921/2286 1473/922/2288 1664/2017/2287
f 171/924/2289 1287/925/2291 1964/2018/2290
f 733/927/2292 1288/928/2294 1501/2019/2293
f 372/861/2295 236/610/2295 307/555/2295
f 726/930/2296 1945/931/2298 1003/2020/2297
f 515/750/2299 202/933/2299 1134/2021/2299 314/749/2299
f 412/675/2300 1475/935/2302 1520/2022/2301
f 405/937/2303 2123/938/2305 2056/2023/2304
f 621/940/2306 1947/941/2308 1867/2024/2307
f 488/943/693 956/944/694 1431/2025/2309
f 142/559/696 679/501/697 134/325/2310
f 159/946/2311 693/246/2311 574/1059/2311
f 265/947/2312 957/948/2313 1035/1932/1992
f 341/949/703 1646/950/704 1643/2026/2314
f 307/555/2315 235/638/433 246/637/431
f 203/416/707 543/952/708 416/415/2316
f 718/954/2317 1647/955/2319 1986/2027/2318
f 430/957/2320 286/910/2320 303/908/2320
f 247/959/2321 1949/960/2323 2056/2023/2322
f 292/962/2324 1109/963/2326 1549/1994/2325
f 644/965/2327 1649/966/2329 1495/2028/2328
f 343/968/2330 2125/969/2330 949/2029/2330
f 480/585/2331 578/971/2331 281/584/2331
f 235/638/2332 392/973/2332 197/540/2332
f 523/792/2333 1479/974/2335 1276/2030/2334
f 376/976/2336 2127/977/2338 1654/2031/2337
f 793/979/2339 183/980/2341 459/2032/2340
f 366/982/2342 958/983/2342 2126/2033/2342
f 288/985/2343 145/986/2343 146/981/2343
f 197/540/2344 182/524/2344 114/523/2344
f 311/275/2345 199/875/2345 355/874/2345
f 394/777/2346 334/812/2346 229/598/2346
f 399/988/2347 1953/989/2349 1044/2034/2348
f 309/991/745 1815/992/746 1652/2035/2350
f 624/942/2351 729/766/2351 207/767/2351
f 529/994/2352 479/995/2352 531/1307/2352
f 351/997/2353 2128/998/2353 959/2036/2353
f 342/822/2354 1817/1000/2356 1804/824/2355
f 241/619/2357 963/1002/2357 498/1385/2357 138/1163/2357
f 231/1004/2358 1955/1005/2360 1961/2037/2359
f 511/1007/2361 1481/1008/2363 1447/2038/2362
f 684/1010/2364 1653/1011/2366 1388/2039/2365
f 310/153/2367 403/1013/2367 356/1026/2367
f 396/277/767 355/874/768 93/1027/2368
f 125/179/2369 254/250/2369 233/178/2369
f 427/1015/2370 525/1016/2370 526/2040/2370
f 213/1018/2371 770/1019/2371 768/1239/2371
f 191/1020/2372 1957/1021/2374 1900/2041/2373
f 690/1023/2375 1294/1024/2377 2228/2042/2376
f 356/1026/2378 93/1027/2378 355/874/2378
f 268/691/784 126/268/785 269/690/2379
f 392/973/2380 180/762/2380 182/524/2380
f 398/1028/2381 118/646/2381 349/644/2381
f 461/716/2382 287/987/2382 288/985/2382
f 454/704/2383 1296/1029/2383 1459/706/2383
f 270/920/2384 215/573/2384 271/689/2384
f 364/1031/2385 1297/1032/2387 1110/2043/2386
f 195/677/2388 1300/1034/2388 1263/676/2388
f 395/1036/796 964/1037/797 1665/2044/2389
f 242/667/2390 1116/1039/2392 2102/2045/2391
f 668/465/2393 204/1041/2393 411/1635/2393
f 814/1042/2394 720/571/2394 578/971/2394
f 129/1044/2395 433/1045/2395 349/1217/2395
f 434/265/2396 121/1047/2396 104/1272/2396
f 187/1048/2397 660/773/2397 133/235/2397
f 79/885/2398 1959/1049/2400 1886/2046/2399
f 259/1051/2401 1303/1052/2403 1386/1977/2402
f 662/237/2404 186/1054/2404 669/236/2404
f 464/748/2405 303/908/2405 302/759/2405
f 229/598/2406 333/606/2406 230/541/2406
f 75/1055/2407 1305/1056/2409 1223/2047/2408
f 530/772/2410 513/1058/2410 531/1983/2410
f 574/1059/2411 432/1060/2411 159/946/2411
f 170/1063/2412 1118/1064/2414 1104/2048/2413
f 631/1066/2415 1483/1067/2417 2023/2049/2416
f 265/947/2418 1963/1069/2420 2083/2050/2419
f 386/1071/830 1966/1072/831 1298/2051/2421
f 538/1074/2422 1119/1075/2424 1608/2052/2423
f 476/196/836 966/1077/837 1888/198/2425
f 374/1079/2426 968/1080/2428 2130/2053/2427
f 222/1082/2429 1824/1083/2431 1826/2054/2430
f 516/1085/2432 1969/1086/2432 1776/2055/2432
f 91/199/846 1307/1088/847 1269/2056/2433
f 80/1090/2434 2133/1091/2436 2096/2057/2435
f 216/760/2437 382/862/2437 387/855/2437
f 320/666/2438 307/555/2438 246/637/2438
f 388/1093/2439 1660/1094/2441 1108/2058/2440
f 497/839/2442 2134/1096/2444 1829/2059/2443
f 251/1098/2445 377/542/2445 411/1635/2445
f 324/1100/2446 679/501/2446 409/499/2446
f 659/811/2447 317/505/2447 672/810/2447
f 384/553/2448 229/598/2448 157/597/2448
f 285/495/2449 1663/1101/2451 1609/497/2450
f 234/611/729 335/437/2452 392/973/728
f 360/1103/2453 2137/1104/2455 2219/1930/2454
f 264/909/2456 214/155/2456 217/572/2456
f 643/1106/2457 1308/1107/2459 2032/2060/2458
f 190/1109/2460 1828/1110/2462 1800/2061/2461
f 495/1112/2463 1971/1113/2464 1140/2062/2464
f 356/1026/2465 271/689/2465 310/153/2465
f 322/1115/880 1124/1116/881 1787/2063/2466
f 320/666/2467 198/539/2467 334/812/2467
f 228/1118/2468 1310/1119/2470 1485/2064/2469
f 524/807/887 1666/1121/888 2111/2065/2471
f 541/836/2472 1973/1123/2474 1756/2066/2473
f 347/1125/2475 2138/1126/2477 1794/2067/2476
f 483/1128/2478 1127/1129/2478 2094/2068/2478
f 566/1131/2479 713/1132/2479 110/1367/2479
f 109/367/2480 494/1134/2480 110/1367/2480
f 239/180/2481 695/261/2481 614/900/2481
f 135/574/2482 1976/1137/2484 1908/576/2483
f 723/374/2485 328/1139/2485 471/1746/2485
f 432/1060/904 189/348/905 159/946/2486
f 734/1141/2487 1977/1142/2489 1392/2069/2488
f 812/1144/2490 1129/1145/2490 1286/2070/2490
f 119/1147/987 1979/1148/2491 1988/1228/986
f 103/1150/2492 465/895/2492 969/1087/2492 516/1085/2492
f 581/972/2493 814/1042/2493 578/971/2493
f 213/1018/2494 642/1153/2494 451/444/2494
f 388/1154/2495 430/957/2495 464/748/2495
f 193/1157/2496 973/1158/2498 996/1403/2497
f 123/590/2499 497/1136/2499 109/367/2499
f 481/210/2500 410/238/2500 100/636/2500 1538/1878/2500
f 241/619/2501 753/395/2501 747/396/2501
f 107/1164/2502 1313/1165/2503 1315/2071/2502
f 167/1167/2504 1980/1168/2504 1990/2072/2504
f 201/1170/2505 429/934/2505 461/716/2505
f 367/1172/2506 1982/1173/2508 1238/2073/2507
f 720/571/2509 281/584/2509 578/971/2509
f 468/536/2510 1831/1175/2512 1906/538/2511
f 700/1177/2513 2141/1178/2515 1648/2074/2514
f 573/328/2516 2143/1180/2517 1727/1733/2516
f 124/269/2518 103/1182/2518 104/1664/2518
f 365/1183/2519 1670/1184/2521 1709/1518/2520
f 127/414/2522 682/723/2522 203/416/2522
f 226/156/2523 673/150/2523 692/151/2523 1186/1727/2523
f 247/1155/2524 514/958/2524 430/957/2524
f 295/302/2525 474/1190/2525 470/301/2525
f 314/1193/2526 1135/1194/2528 1661/2075/2527
f 361/854/2529 429/934/2529 515/750/2529
f 704/1196/2530 1985/1197/2532 2057/2076/2531
f 280/1199/2533 2145/1200/2535 2079/2077/2534
f 106/1202/2536 1137/1203/2536 723/701/2536 471/1870/2536
f 681/1205/962 1673/1206/963 1758/2078/2537
f 325/737/2538 1675/1208/2540 1696/1398/2539
f 773/1210/2541 275/339/2541 257/1429/2541
f 273/1211/2542 976/1212/2544 1128/2079/2543
f 144/1151/2545 437/476/2545 1641/897/2545 465/895/2545
f 445/856/2546 1677/1215/2548 946/857/2547
f 507/848/2549 349/1217/2549 433/1045/2549 945/850/2549
f 763/1219/2550 408/1220/2550 750/304/2550
f 732/1221/2551 1678/1222/2553 1045/2080/2552
f 408/1220/2554 511/522/2554 101/519/2554
f 329/827/2555 977/1224/2557 1038/2081/2556
f 120/1226/2558 444/1227/2558 1350/1644/2558 443/1251/2558
f 721/570/2559 401/1229/2559 281/584/2559
f 275/339/2560 458/565/2560 257/1429/2560
f 193/1157/2561 979/1231/2563 1207/2082/2562
f 318/1233/2564 435/580/2564 1270/765/2564 436/763/2564
f 592/1235/2565 717/596/2565 698/184/2565
f 302/759/2566 515/750/2566 464/748/2566
f 677/1236/2567 1832/1237/2569 1674/2083/2568
f 638/569/2570 768/1239/2570 783/568/2570
f 288/985/2571 460/718/2571 461/716/2571
f 168/1241/2572 2150/1242/2574 2230/2084/2573
f 509/422/2575 1138/1244/2577 907/424/2576
f 128/1246/2578 436/763/2578 1456/685/2578 438/683/2578
f 744/1247/2579 362/1248/2579 500/1766/2579
f 148/1250/2580 443/1251/2580 1172/1647/2580 442/1645/2580
f 122/1234/2581 440/727/2581 1252/582/2581 435/580/2581
f 641/1252/2582 1834/1253/2584 2231/2085/2583
f 99/1255/1014 1317/1256/1015 1336/2086/2585
f 298/1258/2586 667/464/2586 173/1682/2586
f 128/1246/2587 439/512/2587 129/1044/2587
f 183/1259/2588 791/1260/2588 1393/2088/2588 459/2087/2588
f 232/1263/2589 2152/1264/2591 1554/2089/2590
f 332/1214/2592 466/479/2592 437/476/2592
f 496/1267/2593 1139/1268/2595 1385/1976/2594
f 274/337/2596 453/1230/2596 275/339/2596
f 348/160/2597 483/583/2597 401/1229/2597
f 104/1272/2598 516/1085/2598 1079/267/2598 434/265/2598
f 520/712/2599 981/1273/2601 1394/2090/2600
f 405/937/2602 1683/1275/2604 1752/1970/2603
f 378/1277/2605 1143/1278/2607 1142/2091/2606
f 139/1280/2608 1319/1281/2610 1394/2090/2609
f 406/1283/2611 1837/1284/2613 1757/2092/2612
f 290/1286/2614 1145/1287/2616 1162/2093/2615
f 661/1017/2617 186/1054/2617 525/1016/2617
f 522/389/2618 1147/1290/2620 1199/2094/2619
f 530/772/2621 671/507/2621 317/505/2621
f 656/432/2622 983/1292/2622 529/994/2622 534/435/2622
f 662/1293/1056 735/244/1057 552/1366/2623
f 385/820/2624 512/1295/2624 666/819/2624
f 426/1298/2625 385/820/2625 664/888/2625
f 546/953/2626 298/1300/2626 661/2095/2626
f 525/1016/2627 428/1302/2627 526/2040/2627
f 182/524/2628 181/645/2628 663/506/2628
f 426/1303/2629 1494/1304/2631 985/2096/2630
f 670/1289/2632 298/1258/2632 173/1682/2632
f 529/994/2633 513/1306/2633 651/1318/2633 986/1319/2633
f 645/1308/2634 1994/1309/2636 1046/2097/2635
f 652/1310/2637 1996/1311/2639 1208/2098/2638
f 655/434/2640 1686/1313/2642 1047/2099/2641
f 533/1315/2643 1689/1316/2645 1551/2100/2644
f 534/435/2646 651/1318/2646 1320/1314/2646 655/434/2646
f 431/1320/2647 572/379/2647 143/1329/2647
f 312/821/2648 450/446/2648 462/1386/2648
f 160/1323/2649 2155/1324/2651 2221/2101/2650
f 279/1326/2652 1999/1327/2654 2091/2102/2653
f 468/560/1095 143/1329/1096 142/559/2655
f 826/1331/2656 1322/1332/2656 1371/2103/2656
f 610/400/2657 747/396/2657 338/394/2657
f 713/1132/2658 109/367/2658 110/1367/2658
f 675/259/1101 324/1100/1102 596/2104/2659
f 810/1334/2660 1496/1335/2660 1369/2105/2660
f 537/1337/1105 484/429/1106 1556/2106/2661 539/1649/2661
f 799/1339/2662 575/1062/2662 574/1059/2662
f 484/1342/2663 1497/1343/2665 1556/2107/2664
f 682/723/2666 546/953/2666 203/416/2666
f 68/447/2667 1498/1345/2669 1432/449/2668
f 711/1346/2670 2156/1347/2670 1588/2108/2670
f 687/380/2671 142/559/2671 143/1329/2671
f 415/1349/2672 2003/1350/2674 2004/2109/2673
f 370/722/2675 544/1352/2676 545/1370/2675
f 192/1354/2677 2159/1355/2677 2229/2110/2677
f 807/1357/2678 570/467/2678 568/1563/2678
f 732/1221/2679 1500/1360/2681 1978/2111/2680
f 393/1362/1127 992/1363/1128 1039/2112/2682
f 804/672/2683 712/1133/2683 566/1131/2683
f 552/1366/2684 731/214/2684 94/1502/2684
f 566/1131/2685 494/1134/2685 1869/2113/2685 569/1742/2685
f 469/587/2686 552/1366/2686 94/1502/2686
f 545/1370/2687 682/723/2687 370/722/2687
f 744/1371/2688 2160/1372/2689 1373/2114/2688
f 806/1374/2690 2005/1375/2690 1150/2115/2690
f 558/1377/2691 753/395/2691 138/1163/2691
f 383/1378/2692 2008/1379/2692 935/2116/2692
f 130/1381/2693 801/247/2693 674/1607/2693
f 149/1382/2694 1695/1383/2696 1755/2117/2695
f 558/1377/1149 498/1385/1150 1209/2118/2697 556/1622/2697
f 559/409/2698 462/1386/2698 564/1633/2698
f 802/1387/2699 994/1388/2700 1366/2119/2700
f 463/1390/2701 2009/1391/2703 2048/2120/2702
f 71/445/2704 776/1393/2704 770/1019/2704
f 289/1394/2705 995/1395/2707 901/2121/2706
f 325/737/2708 564/1397/2708 462/736/2708
f 162/1399/1165 1152/1400/1166 1207/2082/2709
f 193/1157/990 997/1402/1168 978/1232/992
f 635/1404/2710 1154/1405/2712 1160/2122/2711
f 594/1407/1332 413/428/2713 590/1532/1331
f 728/161/2714 212/662/2714 348/160/2714
f 263/243/2715 708/1409/2715 540/492/2715
f 319/185/2716 593/1411/2716 592/1235/2716
f 134/325/2717 680/681/2717 83/327/2717
f 280/1199/2718 2164/1414/2720 1490/1201/2719
f 324/1100/1183 600/1416/1184 596/2104/2721
f 617/260/2722 599/898/2722 598/682/2722
f 599/1421/2723 2012/1422/2725 1636/2123/2724
f 595/187/1193 1325/1424/1194 1224/189/2726
f 117/1426/1196 1701/1427/1197 1747/2124/2727
f 767/1428/2728 257/1429/2728 358/566/2728
f 393/1362/2729 999/1430/2731 1045/2080/2730
f 623/1432/2732 2015/1433/2734 1000/1438/2733
f 473/589/2735 602/223/1296 605/1506/1297 1037/2125/2735
f 604/1435/2736 474/1436/2736 606/1508/2736
f 623/1432/2737 1702/1437/2739 1759/2126/2738
f 308/1191/949 1506/1439/2740 606/1511/2740 474/1190/948
f 740/224/2741 604/1435/2741 620/664/2741
f 188/1441/2742 1508/1442/2744 1640/2127/2743
f 156/313/2745 756/252/2745 555/217/2745
f 613/1444/2746 1704/1445/2748 1241/2128/2747
f 502/1447/2749 1840/1448/2751 1841/2129/2750
f 210/452/1225 1156/1450/1226 1434/451/2752
f 188/1441/2753 1509/1451/2755 1542/1918/2754
f 608/515/333 506/1452/2756 1203/2130/2756 611/518/335
f 338/394/2757 612/403/2757 610/400/2757
f 597/1454/2758 1706/1455/2760 1758/2078/2759
f 765/1457/2761 168/1241/2761 2230/2084/2761 447/2131/2761
f 783/568/1237 209/1459/1238 1049/2132/2762 640/1537/2762
f 168/1241/2763 769/338/2763 167/1167/2765 1989/1243/2764
f 768/1239/2766 116/883/2766 1550/2008/2766 209/1459/2766
f 232/1263/2767 2170/1460/2769 1380/1888/2768
f 773/1210/2770 166/1462/2770 1312/1166/2770 107/1164/2770
f 639/1463/1246 2017/1464/1247 1446/2133/2771
f 769/338/2772 107/1164/2772 1314/1169/2772 167/1167/2772
f 775/1466/2773 2171/1467/2775 1558/2134/2774
f 770/1019/2776 300/1468/2776 1413/2135/2776 116/883/2776
f 560/1470/2777 2173/1471/2779 1423/2136/2778
f 708/1409/2780 414/1338/2780 537/1337/2780
f 371/384/1258 763/1219/1259 750/304/2781
f 778/1474/1261 1511/1475/1262 1332/2137/2782
f 779/1477/2783 1842/1478/2783 1512/2138/2783
f 774/1480/2784 1331/1481/2784 1557/2139/2785
f 238/1483/2786 765/863/2786 447/2141/2786 1865/2140/2786
f 776/1393/2787 1157/1485/2789 1510/1469/2788
f 255/1487/2790 2018/1488/2792 1789/2142/2791
f 117/1426/2793 1707/1489/2795 1700/2143/2794
f 618/1491/2796 1514/1492/2798 2166/2144/2797
f 420/1494/2799 617/260/2799 127/414/2799
f 600/1416/2800 2176/1496/2800 614/900/2800 596/2104/2800
f 614/900/2801 675/259/2801 596/2104/2801
f 595/187/2802 1334/1498/2804 1326/2145/2803
f 730/1500/1287 2019/1501/1288 1048/2146/2805
f 94/1502/2806 725/215/2806 404/498/2806
f 729/766/2807 620/664/2807 212/662/2807
f 478/1503/1292 1844/1504/1293 1867/2147/2808
f 621/940/2809 602/223/2809 624/942/2809
f 620/664/2810 606/1508/2810 622/663/2810
f 741/621/415 1002/1509/2811 1254/623/417
f 606/1511/2812 1845/1512/2812 619/274/2812 622/271/2812
f 164/633/2813 1516/1514/2815 1454/635/2814
f 626/866/2816 751/742/2816 282/741/2816
f 282/741/2817 629/869/618 626/866/616
f 365/1183/1311 1710/1517/1312 1613/2148/2818
f 505/1519/1314 1005/1520/1315 1004/2149/2819
f 208/1522/2820 2180/1523/2822 2178/2150/2821
f 628/456/1320 2020/1525/1321 1435/455/2823
f 319/185/2824 705/1410/2824 263/243/2824
f 390/1526/2825 1847/1527/2827 1863/2151/2826
f 591/1529/2828 2022/1530/2830 2010/2152/2829
f 634/804/2831 590/1532/2831 636/806/2831
f 592/1235/2832 633/359/2832 632/360/2832
f 179/284/2833 1339/1535/2835 1340/2153/2834
f 767/1428/2836 640/1537/2836 1868/2154/2836 166/1462/2836
f 209/1459/2837 1008/1538/2839 1049/2132/2838
f 201/1540/2840 1010/1541/2842 975/2155/2841
f 638/569/2843 456/567/2844 642/1153/2844
f 456/1543/2845 2181/1544/2845 637/602/2845 642/1947/2845
f 452/1546/2846 1521/1547/2848 1518/2156/2847
f 339/508/2849 1341/1548/2851 1280/2157/2850
f 512/1549/2852 1522/1550/2854 2184/2158/2853
f 648/1552/2855 1524/1553/2857 1205/1997/2856
f 115/751/2858 276/605/401 333/606/402
f 704/1196/2859 1342/1555/2861 2144/1198/2860
f 703/595/2862 636/806/2862 717/596/2862
f 707/1557/2863 1713/1558/2865 2140/2159/2864
f 717/596/2866 590/1532/2866 698/184/2866
f 82/1560/2867 1165/1561/2867 1167/2160/2867
f 807/1357/2868 712/1133/2868 809/1365/2868
f 111/1564/2869 2026/1565/2869 2059/2161/2869
f 331/733/2870 1343/1567/2872 1396/2162/2871
f 194/468/2873 714/369/2873 713/1132/2873
f 715/1569/2874 1011/1570/2876 1094/2163/2875
f 714/369/2877 84/219/2877 702/368/2877
f 568/1563/2878 713/1132/2879 712/1133/2879
f 701/307/2880 1344/1572/2882 1586/309/2881
f 810/1334/2883 2029/1574/2883 1838/1336/2883
f 706/1576/1386 1168/1577/1387 1153/2164/2884
f 413/428/2885 705/1410/2885 699/186/2885
f 635/1404/1390 1345/1579/1391 1395/2165/2886
f 84/219/2887 703/595/2887 702/368/2887
f 700/1177/2888 2031/1580/2890 1489/1179/2889
f 590/1532/2891 699/186/2891 698/184/2891
f 696/1582/2892 368/1583/2892 697/1592/2893
f 686/1301/1399 664/1586/1400 298/1300/2894
f 426/1587/2895 1170/1588/2897 1148/2166/2896
f 545/1370/2898 426/1590/2898 664/1586/2898
f 696/1582/2899 330/670/2899 486/1959/2899 1861/2167/2899
f 685/1593/2900 1171/1594/2902 1974/2168/2901
f 427/1595/2903 546/953/2903 661/2095/2903
f 542/297/2904 1346/1596/2906 1849/2169/2905
f 185/373/2907 818/1043/2907 719/375/2907
f 204/1599/2908 540/492/2908 708/1409/2908
f 512/1601/1415 2185/1602/1416 2186/2170/2909
f 666/1600/2910 538/494/2910 540/492/2910
f 673/1606/1419 155/263/1420 417/264/2911
f 734/1141/2912 2187/1608/2914 1679/2171/2913
f 428/1610/2915 552/1366/2915 551/1368/2915 1559/2172/2915
f 549/1611/2916 1525/1612/2918 1692/2173/2917
f 547/300/2919 2034/1614/2921 1392/2069/2920
f 133/1294/2922 548/228/2922 735/244/2922
f 479/1617/2923 547/300/2923 550/1891/2924
f 660/1616/1434 550/227/1435 548/228/2925
f 762/417/2926 1348/1620/2928 904/2174/2927
f 556/1622/2929 659/251/2929 558/1377/2929
f 553/1624/2930 513/1625/2930 556/2176/2930 993/2175/2930
f 223/1628/2931 1349/1629/2933 1962/2177/2932
f 146/981/2934 97/665/2934 98/554/2934
f 460/1631/2935 561/331/2935 1382/1897/2935 363/2178/2935
f 354/1632/2936 564/1633/2936 460/2179/2936
f 148/1634/2937 157/597/2937 120/1638/2937
f 411/1635/2938 250/1636/2938 251/1098/2938
f 158/1637/2939 120/1638/2939 157/597/2939
f 158/1637/2940 323/1099/2940 119/1639/2940
f 537/1337/2941 204/1599/2941 708/1409/2941
f 446/206/2942 1851/1641/2944 1553/2180/2943
f 443/1251/2945 1351/1643/2947 1352/2181/2946
f 442/1645/2948 1173/1646/2950 1177/2182/2949
f 446/206/2951 1852/1648/2953 1850/1642/2952
f 539/1649/2954 250/1640/2954 537/1337/2954
f 784/1652/2955 1353/1653/2957 2190/2183/2956
f 244/1655/2958 1529/1656/2960 1486/2184/2959
f 183/980/2961 98/554/2961 792/552/2961
f 563/1658/1473 1354/1659/1474 1356/2185/2962
f 560/1470/2963 2191/1661/2965 1358/2186/2964
f 777/1662/2966 1357/1663/2968 896/2187/2967
f 254/250/2969 104/1664/2969 121/249/2969
f 507/1665/2970 1359/1666/2972 1360/2188/2971
f 398/218/2973 557/747/2973 555/217/2973
f 130/1381/1488 673/1606/1489 418/1725/2974
f 249/1670/2975 743/306/2975 742/240/2975
f 274/337/2976 765/1457/2976 448/1270/2976
f 785/1672/2977 148/1250/2977 442/1645/2977 1176/1675/2977
f 785/1672/2978 1015/1674/2980 1560/2189/2979
f 794/1262/2981 1361/1676/2983 1992/1261/2982
f 562/1678/2984 793/408/2984 459/2191/2984 1355/2190/2984
f 793/979/1501 288/985/1502 146/981/2985
f 794/1262/2986 792/1673/2986 785/1672/2986 1016/2192/2986
f 344/1680/2987 2193/1681/2989 1415/2193/2988
f 411/1635/2990 665/543/2990 668/465/2990
f 276/605/2991 667/464/2991 665/543/2991
f 276/605/2992 670/1289/2992 173/1682/2992
f 187/1048/2993 658/1554/2993 72/752/2993
f 72/752/2994 671/507/2994 187/1048/2994
f 181/645/2995 672/810/2995 663/506/2995
f 669/236/2996 670/1289/1511 658/1554/1512
f 285/495/2997 1720/1683/2999 1751/1968/2998
f 261/1685/3000 1721/1686/3002 1019/1689/3001
f 261/1685/3003 1723/1688/3005 1616/2194/3004
f 284/1690/1527 1530/1691/1528 1178/1694/3006
f 284/1690/3007 1532/1693/3009 1548/1991/3008
f 96/624/3010 2195/1695/3012 2215/2195/3011
f 646/1697/3013 1724/1698/3015 1870/2196/3014
f 402/556/3016 387/855/3016 382/862/3016
f 97/665/3017 402/556/3017 379/557/3017
f 387/855/3018 287/987/3018 361/854/3018
f 2/42/3019 1179/1699/3020 1180/2197/3019
f 48/30/3021 2196/1700/3021 2197/2198/3021
f 62/22/3022 1853/1701/3022 1854/2199/3022
f 50/19/3023 1181/1702/3025 1182/2200/3024
f 51/39/3026 1363/1703/3026 1364/2201/3026
f 47/146/3027 2037/1704/3027 2060/2202/3027
f 466/479/3028 47/146/3028 2060/2202/3028 278/478/3028
f 240/1266/3029 60/144/3029 466/479/3029
f 396/277/3030 59/12/3030 240/276/3030
f 93/1027/3031 58/11/3031 396/277/3031
f 403/1013/3032 57/29/3032 93/1027/3032
f 69/1014/3033 56/46/3033 403/1013/3033
f 219/154/3034 52/15/3034 69/1014/3034
f 264/909/3035 63/14/1557 219/154/1555
f 55/3/3036 264/909/3036 286/910/3036
f 54/50/3037 286/910/3037 514/958/3037
f 248/1188/3038 54/50/3038 514/958/3038
f 294/1706/3039 2199/1707/3041 2124/2203/3040
f 521/1709/3042 1022/1710/3044 1797/2204/3043
f 140/1712/3045 1726/1713/3047 1493/2205/3046
f 357/1715/3048 1184/1716/3050 1468/2206/3049
f 381/1718/3051 1024/1719/3053 1659/2207/3052
f 691/1721/3054 1365/1722/3054 1295/2208/3054
f 574/1059/3055 801/247/3055 799/1339/3055
f 130/1381/3056 798/1341/3056 799/1339/3056
f 226/156/3057 1187/1726/3057 1067/158/3057
f 571/1728/3058 1368/1729/3058 1321/2209/3058
f 576/1321/3059 796/245/3059 572/379/3059
f 155/263/3060 801/247/3060 796/245/3060
f 573/328/3061 1728/1732/3061 1750/1958/3061
f 709/1734/3062 1729/1735/3062 1730/1741/3062
f 368/1583/3063 809/1365/3063 697/1592/3064
f 806/1374/3065 2039/1737/3067 1839/1376/3066
f 330/670/3068 809/1365/3068 804/672/3068
f 368/1583/3069 806/1359/3069 807/1357/3069
f 709/1734/3070 1731/1740/3070 1591/2210/3070
f 804/672/3071 569/1742/3071 1050/2211/3071 805/671/3071
f 565/1743/3072 1733/1744/3072 1691/2212/3072
f 811/813/3073 720/571/3073 818/1043/3073
f 815/1152/3074 328/1139/3075 814/1042/3074
f 137/1747/3076 1025/1748/3076 1051/2213/3076
f 328/1139/3077 818/1043/3077 814/1042/3077
f 816/903/3078 1026/1750/3078 1471/905/3078
f 185/373/3079 816/815/3079 811/813/3079
f 577/1754/3080 1029/1755/3080 815/165/3080 581/1990/3080
f 738/1757/3081 1188/1758/3081 939/2214/3081
f 760/1760/1601 2202/1761/1602 2051/2215/3082
f 200/1763/3083 2203/1764/3083 2233/2216/3083
f 586/460/3084 825/347/3084 822/547/3084 1190/2217/3084
f 823/648/3085 362/1248/3085 820/346/3085
f 824/549/3086 2204/1767/3086 1612/551/3086
f 583/1769/3087 2041/1770/3087 823/361/3087 587/1915/3087
f 362/1248/3088 825/347/3088 820/346/3088
f 588/1772/3089 1533/1773/3089 1545/2218/3089
f 825/347/3090 827/546/3091 822/547/3091
f 745/1249/1614 299/1775/1615 827/546/3092
f 851/1777/1618 828/1778/1619 829/1824/1665
f 853/1780/1621 830/1781/1622 831/1823/1663
f 855/1783/1624 832/1784/1625 833/1830/3093
f 856/1786/1627 835/1787/1628 857/1827/1668
f 859/1789/1630 1534/1790/1631 1735/1801/1642
f 860/1793/1634 839/1794/1635 861/1817/1657
f 863/1797/1638 2206/1798/1639 1031/2219/3094
f 859/1789/1630 1191/1800/1641 1376/1833/1683
f 865/1802/3095 1535/1803/3096 1032/1834/3095
f 868/1805/1646 1736/1806/1647 1859/2220/3097
f 869/1808/1649 2208/1809/1650 1739/1836/3098
f 862/1811/1652 1858/1812/1653 2207/2221/3099
f 870/1814/3100 1738/1815/3101 1377/1837/3100
f 861/1817/1657 834/1788/1629 856/1786/1627
f 866/1818/1658 2043/1819/1659 1194/1838/3102
f 865/1802/1643 1192/1821/1661 1374/1804/1645
f 854/1785/1626 831/1823/1663 832/1784/1625
f 851/1777/1618 830/1781/1664 852/1782/1694
f 860/1793/1634 1030/1825/1666 1855/1796/1637
f 857/1827/1668 849/1828/1669 871/1829/1670
f 871/1829/1696 828/1778/1619 850/1779/1620
f 855/1783/1672 836/1791/1632 858/1792/1633
f 1030/1825/1666 841/2223/3104 1768/2222/3103
f 1030/1825/1666 1768/2222/3103 1855/1796/1637
f 1855/1796/1637 1768/2222/3103 838/1795/1636
f 1192/1821/1661 842/2225/3106 1064/2224/3105
f 1192/1821/1661 1064/2224/3105 1374/1804/1645
f 1374/1804/1645 1064/2224/3105 843/2226/3107
f 2043/1819/1659 847/2227/3109 2042/1810/3108
f 2043/1819/1659 2042/1810/3108 1194/1838/3102
f 1194/1838/3102 2042/1810/3108 869/1808/3110
f 1738/1815/3101 845/2229/3112 1737/2228/3111
f 1738/1815/3101 1737/2228/3111 1377/1837/3100
f 1377/1837/3100 1737/2228/3111 867/1835/3113
f 1858/1812/1653 846/2231/3115 2069/2230/3114
f 1858/1812/1653 2069/2230/3114 2207/2221/3099
f 2207/2221/3099 2069/2230/3114 840/2232/3116
f 2208/1809/1650 848/2233/3117 2209/1816/3098
f 2208/1809/1650 2209/1816/3098 1739/1836/3098
f 1739/1836/3098 2209/1816/3098 870/1814/3098
f 1736/1806/1647 845/2229/3112 1579/2234/3118
f 1736/1806/1647 1579/2234/3118 1859/2220/3097
f 1859/2220/3097 1579/2234/3118 846/2231/3115
f 1535/1803/3096 844/2235/3119 1536/1820/1660
f 1535/1803/3096 1536/1820/1660 1032/1834/3095
f 1032/1834/3095 1536/1820/1660 866/1818/1658
f 1191/1800/1641 842/2225/3106 1193/2236/3120
f 1191/1800/1641 1193/2236/3120 1376/1833/1683
f 1376/1833/1683 1193/2236/3120 864/1832/1682
f 2206/1798/1639 840/2232/3116 2070/2237/3121
f 2206/1798/1639 2070/2237/3121 1031/2219/3094
f 1031/2219/3094 2070/2237/3121 841/2223/3122
f 1534/1790/1631 836/1791/1632 1405/2238/3123
f 1534/1790/1631 1405/2238/3123 1735/1801/1642
f 1735/1801/1642 1405/2238/3123 837/2239/3124
f 1533/1773/3089 822/547/3089 1785/548/3089
f 1533/1773/3089 1785/548/3089 1545/2218/3089
f 1545/2218/3089 1785/548/3089 824/545/3089
f 2204/1767/3086 200/1763/3086 2233/2216/3086
f 2204/1767/3086 2233/2216/3086 1612/551/3086
f 1612/551/3086 2233/2216/3086 821/719/3086
f 2203/1764/3083 826/1331/3083 1625/721/3083
f 2203/1764/3083 1625/721/3083 2233/2216/3083
f 2233/2216/3083 1625/721/3083 821/719/3083
f 2202/1761/1602 819/2240/3126 2040/1771/3125
f 2202/1761/1602 2040/1771/3125 2051/2215/3082
f 2051/2215/3082 2040/1771/3125 583/1769/3127
f 1188/1758/3081 813/2241/3081 1028/1756/3081
f 1188/1758/3081 1028/1756/3081 939/2214/3081
f 939/2214/3081 1028/1756/3081 577/1754/3081
f 1026/1750/3078 137/1747/3078 1051/2213/3078
f 1026/1750/3078 1051/2213/3078 1471/905/3078
f 1471/905/3078 1051/2213/3078 812/1144/3078
f 1025/1748/3076 817/162/3076 1488/1146/3076
f 1025/1748/3076 1488/1146/3076 1051/2213/3076
f 1051/2213/3076 1488/1146/3076 812/1144/3076
f 1733/1744/3072 805/2243/3072 1050/2242/3072
f 1733/1744/3072 1050/2242/3072 1691/2212/3072
f 1691/2212/3072 1050/2242/3072 569/2244/3072
f 1731/1740/3070 803/202/3070 1732/1745/3070
f 1731/1740/3070 1732/1745/3070 1591/2210/3070
f 1591/2210/3070 1732/1745/3070 565/1743/3070
f 2039/1737/3067 111/1564/3129 2030/2245/3128
f 2039/1737/3067 2030/2245/3128 1839/1376/3066
f 1839/1376/3066 2030/2245/3128 808/2246/3065
f 1729/1735/3062 808/2246/3062 2183/1575/3062
f 1729/1735/3062 2183/1575/3062 1730/1741/3062
f 1730/1741/3062 2183/1575/3062 810/1334/3062
f 1728/1732/3061 798/2248/3061 1770/2247/3061
f 1728/1732/3061 1770/2247/3061 1750/1958/3061
f 1750/1958/3061 1770/2247/3061 800/659/3061
f 1368/1729/3058 797/355/3058 2200/2249/3058
f 1368/1729/3058 2200/2249/3058 1321/2209/3058
f 1321/2209/3058 2200/2249/3058 576/2250/3058
f 1187/1726/3057 802/1387/3057 2099/661/3057
f 1187/1726/3057 2099/661/3057 1067/158/3057
f 1067/158/3057 2099/661/3057 800/659/3057
f 1365/1722/3054 795/2251/3054 1367/1730/3054
f 1365/1722/3054 1367/1730/3054 1295/2208/3054
f 1295/2208/3054 1367/1730/3054 571/1728/3054
f 1024/1719/3053 65/2252/3131 1023/1717/3130
f 1024/1719/3053 1023/1717/3130 1659/2207/3052
f 1659/2207/3052 1023/1717/3130 357/1715/3132
f 1184/1716/3050 66/2253/3134 1183/1714/3133
f 1184/1716/3050 1183/1714/3133 1468/2206/3049
f 1468/2206/3049 1183/1714/3133 140/1712/3135
f 1726/1713/3047 53/2254/3137 1725/1711/3136
f 1726/1713/3047 1725/1711/3136 1493/2205/3046
f 1493/2205/3046 1725/1711/3136 521/1709/3138
f 1022/1710/3044 49/2255/3140 1021/1708/3139
f 1022/1710/3044 1021/1708/3139 1797/2204/3043
f 1797/2204/3043 1021/1708/3139 294/1706/3141
f 2199/1707/3041 64/2257/3143 2198/2256/3142
f 2199/1707/3041 2198/2256/3142 2124/2203/3040
f 2124/2203/3040 2198/2256/3142 248/2258/3144
f 2037/1704/3027 296/2260/3027 1866/2259/3027
f 2037/1704/3027 1866/2259/3027 2060/2202/3027
f 2060/2202/3027 1866/2259/3027 278/478/3027
f 1363/1703/3026 297/2262/3026 2227/2261/3026
f 1363/1703/3026 2227/2261/3026 1364/2201/3026
f 1364/2201/3026 2227/2261/3026 296/2260/3026
f 1181/1702/3025 304/2264/3023 1043/2263/3145
f 1181/1702/3025 1043/2263/3145 1182/2200/3024
f 1182/2200/3024 1043/2263/3145 297/2262/3023
f 1853/1701/3022 305/2266/3022 2226/2265/3022
f 1853/1701/3022 2226/2265/3022 1854/2199/3022
f 1854/2199/3022 2226/2265/3022 304/2264/3022
f 2196/1700/3021 359/2268/3021 1041/2267/3021
f 2196/1700/3021 1041/2267/3021 2197/2198/3021
f 2197/2198/3021 1041/2267/3021 305/2266/3021
f 1179/1699/3020 381/1718/3147 1960/2269/3146
f 1179/1699/3020 1960/2269/3146 1180/2197/3019
f 1180/2197/3019 1960/2269/3146 359/2268/3148
f 1724/1698/3015 645/1308/3150 1722/2270/3149
f 1724/1698/3015 1722/2270/3149 1870/2196/3014
f 1870/2196/3014 1722/2270/3149 647/707/3151
f 2195/1695/3012 655/434/3153 1047/2099/3152
f 2195/1695/3012 1047/2099/3152 2215/2195/3011
f 2215/2195/3011 1047/2099/3152 225/2271/3154
f 1532/1693/3009 656/432/3156 2218/1916/3155
f 1532/1693/3009 2218/1916/3155 1548/1991/3008
f 1548/1991/3008 2218/1916/3155 657/798/3157
f 1530/1691/1528 652/1310/3159 1208/2098/3158
f 1530/1691/1528 1208/2098/3158 1178/1694/3006
f 1178/1694/3006 1208/2098/3158 154/2272/3160
f 1723/1688/3005 653/461/3162 1749/1923/3161
f 1723/1688/3005 1749/1923/3161 1616/2194/3004
f 1616/2194/3004 1749/1923/3161 654/2273/3163
f 1721/1686/3002 645/1308/3165 1046/2097/3164
f 1721/1686/3002 1046/2097/3164 1019/1689/3001
f 1019/1689/3001 1046/2097/3164 177/2274/3166
f 1720/1683/2999 646/1697/3168 1870/2196/3167
f 1720/1683/2999 1870/2196/3167 1751/1968/2998
f 1751/1968/2998 1870/2196/3167 647/707/3169
f 2193/1681/2989 785/1672/3171 1560/2189/3170
f 2193/1681/2989 1560/2189/3170 1415/2193/2988
f 1415/2193/2988 1560/2189/3170 260/2275/3172
f 1361/1676/2983 147/2277/3174 1397/2276/3173
f 1361/1676/2983 1397/2276/3173 1992/1261/2982
f 1992/1261/2982 1397/2276/3173 791/1260/3175
f 1015/1674/2980 787/2279/3177 1552/2278/3176
f 1015/1674/2980 1552/2278/3176 1560/2189/2979
f 1560/2189/2979 1552/2278/3176 260/2275/3178
f 1359/1666/2972 554/193/3180 1093/700/3179
f 1359/1666/2972 1093/700/3179 1360/2188/2971
f 1360/2188/2971 1093/700/3179 557/698/3181
f 1357/1663/2968 147/2281/3183 1323/2280/3182
f 1357/1663/2968 1323/2280/3182 896/2187/2967
f 896/2187/2967 1323/2280/3182 289/2282/3184
f 2191/1661/2965 791/2284/3175 1397/2283/3173
f 2191/1661/2965 1397/2283/3173 1358/2186/2964
f 1358/2186/2964 1397/2283/3173 147/2281/3174
f 1354/1659/1474 459/2191/3186 1393/2285/3185
f 1354/1659/1474 1393/2285/3185 1356/2185/2962
f 1356/2185/2962 1393/2285/3185 791/2286/3187
f 1529/1656/2960 536/2287/3188 2182/1571/1379
f 1529/1656/2960 2182/1571/1379 1486/2184/2959
f 1486/2184/2959 2182/1571/1379 715/1569/1377
f 1353/1653/2957 539/2289/3190 2232/2288/3189
f 1353/1653/2957 2232/2288/3189 2190/2183/2956
f 2190/2183/2956 2232/2288/3189 536/2287/3191
f 1852/1648/2953 786/2291/3193 1087/2290/3192
f 1852/1648/2953 1087/2290/3192 1850/1642/2952
f 1850/1642/2952 1087/2290/3192 790/2292/3194
f 1173/1646/2950 788/489/3196 1390/2293/3195
f 1173/1646/2950 1390/2293/3195 1177/2182/2949
f 1177/2182/2949 1390/2293/3195 787/2279/3197
f 1351/1643/2947 789/2294/3199 1444/491/3198
f 1351/1643/2947 1444/491/3198 1352/2181/2946
f 1352/2181/2946 1444/491/3198 788/489/3200
f 1851/1641/2944 789/2294/3202 1527/2295/3201
f 1851/1641/2944 1527/2295/3201 1553/2180/2943
f 1553/2180/2943 1527/2295/3201 444/1227/3203
f 1349/1629/2933 211/651/3205 1291/978/3204
f 1349/1629/2933 1291/978/3204 1962/2177/2932
f 1962/2177/2932 1291/978/3204 376/976/3206
f 1348/1620/2928 651/1626/3208 1013/1627/3207
f 1348/1620/2928 1013/1627/3207 904/2174/2927
f 904/2174/2927 1013/1627/3207 553/1624/3209
f 2034/1614/2921 407/2296/3211 2033/1609/3210
f 2034/1614/2921 2033/1609/3210 1392/2069/2920
f 1392/2069/2920 2033/1609/3210 734/1141/3212
f 1525/1612/2918 428/2298/3214 1559/2297/3213
f 1525/1612/2918 1559/2297/3213 1692/2173/2917
f 1692/2173/2917 1559/2297/3213 551/2299/3215
f 2187/1608/2914 648/2300/3217 1715/1613/3216
f 2187/1608/2914 1715/1613/3216 1679/2171/2913
f 1679/2171/2913 1715/1613/3216 549/1611/3218
f 2185/1602/1416 535/709/3220 1968/1076/3219
f 2185/1602/1416 1968/1076/3219 2186/2170/2909
f 2186/2170/2909 1968/1076/3219 538/1074/3221
f 1346/1596/2906 427/1597/3223 1383/2301/3222
f 1346/1596/2906 1383/2301/3222 1849/2169/2905
f 1849/2169/2905 1383/2301/3222 650/2302/3224
f 1171/1594/2902 650/2302/3225 1952/2303/744
f 1171/1594/2902 1952/2303/744 1974/2168/2901
f 1974/2168/2901 1952/2303/744 399/2304/742
f 1170/1588/2897 541/836/3227 1756/2066/3226
f 1170/1588/2897 1756/2066/3226 1148/2166/2896
f 1148/2166/2896 1756/2066/3226 644/2305/3228
f 2031/1580/2890 327/2306/3230 2028/1573/3229
f 2031/1580/2890 2028/1573/3229 1489/1179/2889
f 1489/1179/2889 2028/1573/3229 701/307/3231
f 1345/1579/1391 700/1177/3233 1476/956/3232
f 1345/1579/1391 1476/956/3232 1395/2165/2886
f 1395/2165/2886 1476/956/3232 718/954/3234
f 1168/1577/1387 258/2307/3236 1163/1559/3235
f 1168/1577/1387 1163/1559/3235 1153/2164/2884
f 1153/2164/2884 1163/1559/3235 707/1557/3237
f 2029/1574/2883 111/1564/2883 2059/2161/2883
f 2029/1574/2883 2059/2161/2883 1838/1336/2883
f 1838/1336/2883 2059/2161/2883 710/2308/2883
f 1344/1572/2882 331/733/3239 1396/2162/3238
f 1344/1572/2882 1396/2162/3238 1586/309/2881
f 1586/309/2881 1396/2162/3238 711/1346/3240
f 1011/1570/2876 345/2309/3242 1012/1578/3241
f 1011/1570/2876 1012/1578/3241 1094/2163/2875
f 1094/2163/2875 1012/1578/3241 706/1576/3243
f 1343/1567/2872 716/310/3244 2002/1348/3244
f 1343/1567/2872 2002/1348/3244 1396/2162/2871
f 1396/2162/2871 2002/1348/3244 711/1346/3244
f 2026/1565/2869 696/2311/2869 2076/2310/2869
f 2026/1565/2869 2076/2310/2869 2059/2161/2869
f 2059/2161/2869 2076/2310/2869 710/2308/2869
f 1165/1561/2867 709/1734/2867 1589/312/2867
f 1165/1561/2867 1589/312/2867 1167/2160/2867
f 1167/2160/2867 1589/312/2867 716/310/2867
f 1713/1558/2865 589/871/3246 1712/1556/3245
f 1713/1558/2865 1712/1556/3245 2140/2159/2864
f 2140/2159/2864 1712/1556/3245 704/1196/3247
f 1342/1555/2861 635/1404/3249 1395/2165/3248
f 1342/1555/2861 1395/2165/3248 2144/1198/2860
f 2144/1198/2860 1395/2165/3248 718/954/3250
f 1524/1553/2857 532/2312/3252 1146/1291/3251
f 1524/1553/2857 1146/1291/3251 1205/1997/2856
f 1205/1997/2856 1146/1291/3251 522/389/3253
f 1522/1550/2854 316/2314/3255 1555/2313/3254
f 1522/1550/2854 1555/2313/3254 2184/2158/2853
f 2184/2158/2853 1555/2313/3254 643/2315/3256
f 1341/1548/2851 782/2317/3258 1517/2316/3257
f 1341/1548/2851 1517/2316/3257 1280/2157/2850
f 1280/2157/2850 1517/2316/3257 772/2318/3259
f 1521/1547/2848 639/1463/3261 1902/504/3260
f 1521/1547/2848 1902/504/3260 1518/2156/2847
f 1518/2156/2847 1902/504/3260 641/502/3262
f 1010/1541/2842 406/1283/3264 1136/2319/3263
f 1010/1541/2842 1136/2319/3263 975/2155/2841
f 975/2155/2841 1136/2319/3263 202/2320/3265
f 1008/1538/2839 641/1252/3267 2231/2085/3266
f 1008/1538/2839 2231/2085/3266 1049/2132/2838
f 1049/2132/2838 2231/2085/3266 640/1537/3268
f 1339/1535/2835 782/2317/3270 2016/1465/3269
f 1339/1535/2835 2016/1465/3269 1340/2153/2834
f 1340/2153/2834 2016/1465/3269 639/1463/3271
f 2022/1530/2830 633/2322/3273 1006/2321/3272
f 2022/1530/2830 1006/2321/3272 2010/2152/2829
f 2010/2152/2829 1006/2321/3272 593/2323/3274
f 1847/1527/2827 634/2325/3276 1753/2324/3275
f 1847/1527/2827 1753/2324/3275 1863/2151/2826
f 1863/2151/2826 1753/2324/3275 493/2326/3277
f 2020/1525/1321 503/2328/3279 2058/2327/3278
f 2020/1525/1321 2058/2327/3278 1435/455/2823
f 1435/455/2823 2058/2327/3278 630/454/3280
f 2180/1523/2822 764/2330/3282 1036/2329/3281
f 2180/1523/2822 1036/2329/3281 2178/2150/2821
f 2178/2150/2821 1036/2329/3281 625/2331/3283
f 1005/1520/1315 625/2331/3284 915/564/372
f 1005/1520/1315 915/564/372 1004/2149/2819
f 1004/2149/2819 915/564/372 629/562/370
f 1710/1517/1312 630/695/478 2058/2332/3285
f 1710/1517/1312 2058/2332/3285 1613/2148/2818
f 1613/2148/2818 2058/2332/3285 503/2333/3286
f 1516/1514/2815 752/2334/3288 1897/443/3287
f 1516/1514/2815 1897/443/3287 1454/635/2814
f 1454/635/2814 1897/443/3287 607/441/3289
f 1002/1509/2811 73/272/3291 891/273/3290
f 1002/1509/2811 891/273/3290 1254/623/417
f 1254/623/417 891/273/3290 619/274/3292
f 1844/1504/1293 623/1432/3294 1759/2126/3293
f 1844/1504/1293 1759/2126/3293 1867/2147/2808
f 1867/2147/2808 1759/2126/3293 621/2335/3295
f 2019/1501/1288 375/2336/3297 1912/614/3296
f 2019/1501/1288 1912/614/3296 1048/2146/2805
f 1048/2146/2805 1912/614/3296 601/612/3298
f 1334/1498/2804 615/438/3300 2175/2337/3299
f 1334/1498/2804 2175/2337/3299 1326/2145/2803
f 1326/2145/2803 2175/2337/3299 600/2338/3301
f 1514/1492/2798 252/630/3303 1546/1953/3302
f 1514/1492/2798 1546/1953/3302 2166/2144/2797
f 2166/2144/2797 1546/1953/3302 616/2339/3304
f 1707/1489/2795 678/730/3306 1681/1238/3305
f 1707/1489/2795 1681/1238/3305 1700/2143/2794
f 1700/2143/2794 1681/1238/3305 677/1236/3307
f 2018/1488/2792 757/2340/3309 1810/919/3308
f 2018/1488/2792 1810/919/3308 1789/2142/2791
f 1789/2142/2791 1810/919/3308 70/917/3310
f 1157/1485/2789 562/1678/3312 1504/2341/3311
f 1157/1485/2789 1504/2341/3311 1510/1469/2788
f 1510/1469/2788 1504/2341/3311 300/1468/3313
f 1331/1481/2784 131/2342/2784 1246/482/3314
f 1331/1481/2784 1246/482/3314 1557/2139/2785
f 1557/2139/2785 1246/482/3314 380/480/3315
f 1842/1478/2783 238/1483/2783 1460/2343/2783
f 1842/1478/2783 1460/2343/2783 1512/2138/2783
f 1512/2138/2783 1460/2343/2783 132/2344/2783
f 1511/1475/1262 132/2344/3317 1389/2345/3316
f 1511/1475/1262 1389/2345/3316 1332/2137/2782
f 1332/2137/2782 1389/2345/3316 131/2342/3316
f 2173/1471/2779 775/1466/3319 1558/2134/3318
f 2173/1471/2779 1558/2134/3318 1423/2136/2778
f 1423/2136/2778 1558/2134/3318 172/2346/3320
f 2171/1467/2775 232/1263/3322 1554/2089/3321
f 2171/1467/2775 1554/2089/3321 1558/2134/2774
f 1558/2134/2774 1554/2089/3321 172/2346/3323
f 2017/1464/1247 774/1480/3325 1557/2139/3324
f 2017/1464/1247 1557/2139/3324 1446/2133/2771
f 1446/2133/2771 1557/2139/3324 380/480/3326
f 2170/1460/2769 772/2318/3328 1338/1536/3327
f 2170/1460/2769 1338/1536/3327 1380/1888/2768
f 1380/1888/2768 1338/1536/3327 179/284/3329
f 1706/1455/2760 694/2348/3331 884/2347/3330
f 1706/1455/2760 884/2347/3330 1758/2078/2759
f 1758/2078/2759 884/2347/3330 681/1205/3332
f 1509/1451/2755 611/2350/3334 1917/2349/3333
f 1509/1451/2755 1917/2349/3333 1542/1918/2754
f 1542/1918/2754 1917/2349/3333 607/441/3335
f 1156/1450/1226 779/1477/3337 1409/255/3336
f 1156/1450/1226 1409/255/3336 1434/451/2752
f 1434/451/2752 1409/255/3336 196/253/3336
f 1840/1448/2751 609/533/3339 933/776/3338
f 1840/1448/2751 933/776/3338 1841/2129/2750
f 1841/2129/2750 933/776/3338 612/774/3340
f 1704/1445/2748 684/1010/3342 1388/2039/3341
f 1704/1445/2748 1388/2039/3341 1241/2128/2747
f 1241/2128/2747 1388/2039/3341 291/2351/3343
f 1508/1442/2744 754/411/3345 1748/1911/3344
f 1508/1442/2744 1748/1911/3344 1640/2127/2743
f 1640/2127/2743 1748/1911/3344 149/1382/3346
f 1702/1437/2739 605/2353/3348 1708/2352/3347
f 1702/1437/2739 1708/2352/3347 1759/2126/2738
f 1759/2126/2738 1708/2352/3347 621/2335/3349
f 2015/1433/2734 730/1500/3351 1048/2146/3350
f 2015/1433/2734 1048/2146/3350 1000/1438/2733
f 1000/1438/2733 1048/2146/3350 601/612/3352
f 999/1430/2731 733/927/3354 1499/1361/3353
f 999/1430/2731 1499/1361/3353 1045/2080/2730
f 1045/2080/2730 1499/1361/3353 732/1221/3355
f 1701/1427/1197 600/2338/3357 2165/2354/3356
f 1701/1427/1197 2165/2354/3356 1747/2124/2727
f 1747/2124/2727 2165/2354/3356 424/2355/3358
f 1325/1424/1194 677/1236/3360 1672/1207/3359
f 1325/1424/1194 1672/1207/3359 1224/189/2726
f 1224/189/2726 1672/1207/3359 681/1205/3361
f 2012/1422/2725 616/2339/3363 1705/1456/3362
f 2012/1422/2725 1705/1456/3362 1636/2123/2724
f 1636/2123/2724 1705/1456/3362 597/1454/3364
f 2164/1414/2720 684/1010/3366 1451/632/3365
f 2164/1414/2720 1451/632/3365 1490/1201/2719
f 1490/1201/2719 1451/632/3365 252/630/3367
f 1154/1405/2712 594/2357/3369 1161/2356/3368
f 1154/1405/2712 1161/2356/3368 1160/2122/2711
f 1160/2122/2711 1161/2356/3368 634/2325/3370
f 997/1402/1168 593/2323/3372 998/2358/3371
f 997/1402/1168 998/2358/3371 978/1232/992
f 978/1232/992 998/2358/3371 489/2359/3373
f 1152/1400/1166 707/1557/3375 972/1159/3374
f 1152/1400/1166 972/1159/3374 1207/2082/2709
f 1207/2082/2709 972/1159/3374 193/1157/3376
f 995/1395/2707 344/1680/3378 1144/1288/3377
f 995/1395/2707 1144/1288/3377 901/2121/2706
f 901/2121/2706 1144/1288/3377 290/1286/3379
f 2009/1391/2703 562/1678/3380 1174/1660/1475
f 2009/1391/2703 1174/1660/1475 2048/2120/2702
f 2048/2120/2702 1174/1660/1475 563/1658/1473
f 994/1388/2700 369/149/2700 898/2360/2700
f 994/1388/2700 898/2360/2700 1366/2119/2700
f 1366/2119/2700 898/2360/2700 795/2251/2700
f 1695/1383/2696 556/2176/3382 1209/2361/3381
f 1695/1383/2696 1209/2361/3381 1755/2117/2695
f 1755/2117/2695 1209/2361/3381 498/2362/3383
f 2008/1379/2692 736/2363/2692 952/916/2692
f 2008/1379/2692 952/916/2692 935/2116/2692
f 935/2116/2692 952/916/2692 321/914/2692
f 2005/1375/2690 567/2365/2690 1972/2364/2690
f 2005/1375/2690 1972/2364/2690 1150/2115/2690
f 1150/2115/2690 1972/2364/2690 570/2366/2690
f 2160/1372/2689 200/1763/3385 2205/2367/3384
f 2160/1372/2689 2205/2367/3384 1373/2114/2688
f 1373/2114/2688 2205/2367/3384 299/2368/3385
f 992/1363/1128 551/2299/3387 1693/2369/3386
f 992/1363/1128 1693/2369/3386 1039/2112/2682
f 1039/2112/2682 1693/2369/3386 469/2370/3388
f 1500/1360/2681 308/1191/3390 1984/1192/3389
f 1500/1360/2681 1984/1192/3389 1978/2111/2680
f 1978/2111/2680 1984/1192/3389 295/302/3391
f 2159/1355/2677 569/2244/2677 1869/2371/2677
f 2159/1355/2677 1869/2371/2677 2229/2110/2677
f 2229/2110/2677 1869/2371/2677 494/2372/2677
f 2003/1350/2674 541/836/3393 1714/2373/3392
f 2003/1350/2674 1714/2373/3392 2004/2109/2673
f 2004/2109/2673 1714/2373/3392 544/2374/3394
f 2156/1347/2670 192/1354/2670 2135/2375/2670
f 2156/1347/2670 2135/2375/2670 1588/2108/2670
f 1588/2108/2670 2135/2375/2670 245/2376/2670
f 1498/1345/2669 690/1023/3396 987/2377/3395
f 1498/1345/2669 987/2377/3395 1432/449/2668
f 1432/449/2668 987/2377/3395 689/2378/3397
f 1497/1343/2665 536/2287/3399 2232/2288/3398
f 1497/1343/2665 2232/2288/3398 1556/2107/2664
f 1556/2107/2664 2232/2288/3398 539/2289/3400
f 1496/1335/2660 92/290/2660 1406/204/2660
f 1496/1335/2660 1406/204/2660 1369/2105/2660
f 1369/2105/2660 1406/204/2660 803/202/2660
f 1322/1332/2656 163/639/2656 1234/2379/2656
f 1322/1332/2656 1234/2379/2656 1371/2103/2656
f 1371/2103/2656 1234/2379/2656 819/2240/2656
f 1999/1327/2654 690/1023/3402 2228/2042/3401
f 1999/1327/2654 2228/2042/3401 2091/2102/2653
f 2091/2102/2653 2228/2042/3401 160/1323/3403
f 2155/1324/2651 576/2250/3405 1998/2380/3404
f 2155/1324/2651 1998/2380/3404 2221/2101/2650
f 2221/2101/2650 1998/2380/3404 431/2381/3406
f 1689/1316/2645 643/2315/3408 1555/2313/3407
f 1689/1316/2645 1555/2313/3407 1551/2100/2644
f 1551/2100/2644 1555/2313/3407 316/2314/3409
f 1686/1313/2642 253/2383/3411 1040/2382/3410
f 1686/1313/2642 1040/2382/3410 1047/2099/2641
f 1047/2099/2641 1040/2382/3410 225/2271/3412
f 1996/1311/2639 407/2385/3414 1197/2384/3413
f 1996/1311/2639 1197/2384/3413 1208/2098/2638
f 1208/2098/2638 1197/2384/3413 154/2272/3415
f 1994/1309/2636 399/988/3417 1044/2034/3416
f 1994/1309/2636 1044/2034/3416 1046/2097/2635
f 1046/2097/2635 1044/2034/3416 177/2274/3418
f 1494/1304/2631 316/2314/3420 1523/2386/3419
f 1494/1304/2631 1523/2386/3419 985/2096/2630
f 985/2096/2630 1523/2386/3419 425/2387/3421
f 1147/1290/2620 653/461/3423 1111/2388/3422
f 1147/1290/2620 1111/2388/3422 1199/2094/2619
f 1199/2094/2619 1111/2388/3422 650/2389/3424
f 1145/1287/2616 518/278/3425 1836/1285/1044
f 1145/1287/2616 1836/1285/1044 1162/2093/2615
f 1162/2093/2615 1836/1285/1044 406/1283/1042
f 1837/1284/2613 517/678/3427 1685/2390/3426
f 1837/1284/2613 1685/2390/3426 1757/2092/2612
f 1757/2092/2612 1685/2390/3426 293/2391/3428
f 1319/1281/2610 521/1709/3430 2103/714/3429
f 1319/1281/2610 2103/714/3429 1394/2090/2609
f 1394/2090/2609 2103/714/3429 520/712/3431
f 1143/1278/2607 517/678/3433 1629/791/3432
f 1143/1278/2607 1629/791/3432 1142/2091/2606
f 1142/2091/2606 1629/791/3432 519/789/3434
f 1683/1275/2604 519/789/3436 1993/1274/3435
f 1683/1275/2604 1993/1274/3435 1752/1970/2603
f 1752/1970/2603 1993/1274/3435 520/712/3437
f 981/1273/2601 353/2393/3439 1391/2392/3438
f 981/1273/2601 1391/2392/3438 1394/2090/2600
f 1394/2090/2600 1391/2392/3438 139/1280/3440
f 1139/1268/2595 82/1560/3442 1166/1568/3441
f 1139/1268/2595 1166/1568/3441 1385/1976/2594
f 1385/1976/2594 1166/1568/3441 331/733/3443
f 2152/1264/2591 463/2395/3445 1540/2394/3444
f 2152/1264/2591 1540/2394/3444 1554/2089/2590
f 1554/2089/2590 1540/2394/3444 172/2346/3446
f 1317/1256/1015 741/621/3448 2014/1434/3447
f 1317/1256/1015 2014/1434/3447 1336/2086/2585
f 1336/2086/2585 2014/1434/3447 623/1432/3449
f 1834/1253/2584 166/1462/3451 1868/2154/3450
f 1834/1253/2584 1868/2154/3450 2231/2085/2583
f 2231/2085/2583 1868/2154/3450 640/1537/3452
f 1138/1244/2577 218/305/3454 1175/1671/3453
f 1138/1244/2577 1175/1671/3453 907/424/2576
f 907/424/2576 1175/1671/3453 249/1670/3455
f 2150/1242/2574 454/2397/2572 2053/2396/3456
f 2150/1242/2574 2053/2396/3456 2230/2084/2573
f 2230/2084/2573 2053/2396/3456 447/2131/2572
f 1832/1237/2569 326/2398/3458 1596/342/3457
f 1832/1237/2569 1596/342/3457 1674/2083/2568
f 1674/2083/2568 1596/342/3457 301/340/3459
f 979/1231/2563 485/2400/3461 1206/2399/3460
f 979/1231/2563 1206/2399/3460 1207/2082/2562
f 1207/2082/2562 1206/2399/3460 162/1399/3462
f 977/1224/2557 502/1447/3464 1230/2401/3463
f 977/1224/2557 1230/2401/3463 1038/2081/2556
f 1038/2081/2556 1230/2401/3463 499/2402/3465
f 1678/1222/2553 549/1611/3467 991/1364/3466
f 1678/1222/2553 991/1364/3466 1045/2080/2552
f 1045/2080/2552 991/1364/3466 393/1362/3468
f 1677/1215/2548 786/2291/3470 1014/2403/3469
f 1677/1215/2548 1014/2403/3469 946/857/2547
f 946/857/2547 1014/2403/3469 441/208/3471
f 976/1212/2544 737/783/2542 1204/1987/2543
f 976/1212/2544 1204/1987/2543 1128/2079/2543
f 1128/2079/2543 1204/1987/2543 178/2404/2542
f 1675/1208/2540 777/1662/3473 894/333/3472
f 1675/1208/2540 894/333/3472 1696/1398/2539
f 1696/1398/2539 894/333/3472 561/331/3474
f 1673/1206/963 301/340/3476 1754/2405/3475
f 1673/1206/963 1754/2405/3475 1758/2078/2537
f 1758/2078/2537 1754/2405/3475 597/1454/3477
f 2145/1200/2535 420/2407/3479 2217/2406/3478
f 2145/1200/2535 2217/2406/3478 2079/2077/2534
f 2079/2077/2534 2217/2406/3478 416/1890/3480
f 1985/1197/2532 631/1066/3482 2021/1531/3481
f 1985/1197/2532 2021/1531/3481 2057/2076/2531
f 2057/2076/2531 2021/1531/3481 591/1529/3483
f 1135/1194/2528 406/1283/3485 1757/2092/3484
f 1135/1194/2528 1757/2092/3484 1661/2075/2527
f 1661/2075/2527 1757/2092/3484 293/2391/3486
f 1670/1184/2521 764/2330/3488 1277/832/3487
f 1670/1184/2521 1277/832/3487 1709/1518/2520
f 1709/1518/2520 1277/832/3487 627/830/3489
f 2143/1180/2517 432/2409/3491 2131/2408/3490
f 2143/1180/2517 2131/2408/3490 1727/1733/2516
f 1727/1733/2516 2131/2408/3490 575/2410/2516
f 2141/1178/2515 136/2411/3493 1592/321/3492
f 2141/1178/2515 1592/321/3492 1648/2074/2514
f 1648/2074/2514 1592/321/3492 85/319/3494
f 1831/1175/2512 326/2398/3496 2054/2412/3495
f 1831/1175/2512 2054/2412/3495 1906/538/2511
f 1906/538/2511 2054/2412/3495 279/1326/3497
f 1982/1173/2508 726/930/3499 1316/1257/3498
f 1982/1173/2508 1316/1257/3498 1238/2073/2507
f 1238/2073/2507 1316/1257/3498 99/1255/3500
f 1980/1168/2504 457/2414/2504 1820/2413/2504
f 1980/1168/2504 1820/2413/2504 1990/2072/2504
f 1990/2072/2504 1820/2413/2504 454/2397/2504
f 1313/1165/2503 455/2416/3502 2052/2415/3501
f 1313/1165/2503 2052/2415/3501 1315/2071/2502
f 1315/2071/2502 2052/2415/3501 457/2414/2502
f 973/1158/2498 704/1196/3504 2057/2076/3503
f 973/1158/2498 2057/2076/3503 996/1403/2497
f 996/1403/2497 2057/2076/3503 591/1529/3505
f 1979/1148/2491 446/206/3507 1553/2180/3506
f 1979/1148/2491 1553/2180/3506 1988/1228/986
f 1988/1228/986 1553/2180/3506 444/1227/985
f 1129/1145/2490 738/1757/2490 1242/472/2490
f 1129/1145/2490 1242/472/2490 1286/2070/2490
f 1286/2070/2490 1242/472/2490 579/470/2490
f 1977/1142/2489 295/302/3509 1892/303/3508
f 1977/1142/2489 1892/303/3508 1392/2069/2488
f 1392/2069/2488 1892/303/3508 547/300/3510
f 1976/1137/2484 749/525/3512 1669/1185/3511
f 1976/1137/2484 1669/1185/3511 1908/576/2483
f 1908/576/2483 1669/1185/3511 365/1183/3513
f 1127/1129/2478 178/2404/2478 1096/797/2478
f 1127/1129/2478 1096/797/2478 2094/2068/2478
f 2094/2068/2478 1096/797/2478 480/795/2478
f 2138/1126/2477 88/352/2477 1801/803/3514
f 2138/1126/2477 1801/803/3514 1794/2067/2476
f 1794/2067/2476 1801/803/3514 86/801/3515
f 1973/1123/2474 399/2304/3517 1995/2417/3516
f 1973/1123/2474 1995/2417/3516 1756/2066/2473
f 1756/2066/2473 1995/2417/3516 644/2305/3518
f 1666/1121/888 77/486/3520 1623/694/3519
f 1666/1121/888 1623/694/3519 2111/2065/2471
f 2111/2065/2471 1623/694/3519 272/692/3521
f 1310/1119/2470 139/1280/3523 1391/2392/3522
f 1310/1119/2470 1391/2392/3522 1485/2064/2469
f 1485/2064/2469 1391/2392/3522 353/2393/3524
f 1124/1116/881 373/921/3526 1827/1111/3525
f 1124/1116/881 1827/1111/3525 1787/2063/2466
f 1787/2063/2466 1827/1111/3525 190/1109/3527
f 1971/1113/2464 567/2365/2464 1164/1562/2464
f 1971/1113/2464 1164/1562/2464 1140/2062/2464
f 1140/2062/2464 1164/1562/2464 82/1560/2464
f 1828/1110/2462 374/1079/3529 1956/1022/3528
f 1828/1110/2462 1956/1022/3528 1800/2061/2461
f 1800/2061/2461 1956/1022/3528 191/1020/3530
f 1308/1107/2459 715/1569/3532 1921/711/3531
f 1308/1107/2459 1921/711/3531 2032/2060/2458
f 2032/2060/2458 1921/711/3531 535/709/3533
f 2137/1104/2455 787/2279/3535 1390/2293/3534
f 2137/1104/2455 1390/2293/3534 2219/1930/2454
f 2219/1930/2454 1390/2293/3534 788/489/3536
f 1663/1101/2451 789/2294/3538 1717/2418/3537
f 1663/1101/2451 1717/2418/3537 1609/497/2450
f 1609/497/2450 1717/2418/3537 790/2292/3539
f 2134/1096/2444 192/1354/3540 2229/2110/3540
f 2134/1096/2444 2229/2110/3540 1829/2059/2443
f 1829/2059/2443 2229/2110/3540 494/2372/3540
f 1660/1094/2441 293/2391/3542 1684/1279/3541
f 1660/1094/2441 1684/1279/3541 1108/2058/2440
f 1108/2058/2440 1684/1279/3541 378/1277/3543
f 2133/1091/2436 357/1715/3545 1281/878/3544
f 2133/1091/2436 1281/878/3544 2096/2057/2435
f 2096/2057/2435 1281/878/3544 227/876/3546
f 1307/1088/847 342/822/751 1651/993/3547
f 1307/1088/847 1651/993/3547 1269/2056/2433
f 1269/2056/2433 1651/993/3547 309/991/3548
f 1969/1086/2432 151/2420/2432 1799/2419/2432
f 1969/1086/2432 1799/2419/2432 1776/2055/2432
f 1776/2055/2432 1799/2419/2432 150/2421/2432
f 1824/1083/2431 260/2275/3550 1552/2278/3549
f 1824/1083/2431 1552/2278/3549 1826/2054/2430
f 1826/2054/2430 1552/2278/3549 787/2279/3551
f 968/1080/2428 353/2393/3553 2224/2422/3552
f 968/1080/2428 2224/2422/3552 2130/2053/2427
f 2130/2053/2427 2224/2422/3552 352/2423/3554
f 966/1077/837 73/272/3556 1042/2424/3555
f 966/1077/837 1042/2424/3555 1888/198/2425
f 1888/198/2425 1042/2424/3555 391/2425/3557
f 1119/1075/2424 162/1399/3559 1206/2399/3558
f 1119/1075/2424 1206/2399/3558 1608/2052/2423
f 1608/2052/2423 1206/2399/3558 485/2400/3560
f 1966/1072/831 231/1004/3562 1304/1057/3561
f 1966/1072/831 1304/1057/3561 1298/2051/2421
f 1298/2051/2421 1304/1057/3561 75/1055/3563
f 1963/1069/2420 95/2426/3564 1914/626/420
f 1963/1069/2420 1914/626/420 2083/2050/2419
f 2083/2050/2419 1914/626/420 96/624/418
f 1483/1067/2417 492/2428/3566 1541/2427/3565
f 1483/1067/2417 1541/2427/3565 2023/2049/2416
f 2023/2049/2416 1541/2427/3565 633/2322/3567
f 1118/1064/2414 376/976/3569 1302/1053/3568
f 1118/1064/2414 1302/1053/3568 1104/2048/2413
f 1104/2048/2413 1302/1053/3568 259/1051/3570
f 1305/1056/2409 322/1115/3572 1449/601/3571
f 1305/1056/2409 1449/601/3571 1223/2047/2408
f 1223/2047/2408 1449/601/3571 76/599/3573
f 1303/1052/2403 341/949/3575 1642/907/3574
f 1303/1052/2403 1642/907/3574 1386/1977/2402
f 1386/1977/2402 1642/907/3574 527/739/3576
f 1959/1049/2400 381/1718/3578 2132/1092/3577
f 1959/1049/2400 2132/1092/3577 1886/2046/2399
f 1886/2046/2399 2132/1092/3577 80/1090/3579
f 1116/1039/2392 360/1103/3581 2220/2429/3580
f 1116/1039/2392 2220/2429/3580 2102/2045/2391
f 2102/2045/2391 2220/2429/3580 176/2430/3582
f 964/1037/797 81/592/3584 954/923/3583
f 964/1037/797 954/923/3583 1665/2044/2389
f 1665/2044/2389 954/923/3583 373/921/3585
f 1300/1034/2388 774/1480/2388 1474/936/2388
f 1300/1034/2388 1474/936/2388 1263/676/2388
f 1263/676/2388 1474/936/2388 412/675/2388
f 1297/1032/2387 75/1055/3587 1073/170/3586
f 1297/1032/2387 1073/170/3586 1110/2043/2386
f 1110/2043/2386 1073/170/3586 74/168/3588
f 1296/1029/2383 131/2342/2383 1389/2345/2383
f 1296/1029/2383 1389/2345/2383 1459/706/2383
f 1459/706/2383 1389/2345/2383 132/2344/3589
f 1294/1024/2377 571/1728/3591 2154/1325/3590
f 1294/1024/2377 2154/1325/3590 2228/2042/2376
f 2228/2042/2376 2154/1325/3590 160/1323/3592
f 1957/1021/2374 352/2423/3594 2223/2431/3593
f 1957/1021/2374 2223/2431/3593 1900/2041/2373
f 1900/2041/2373 2223/2431/3593 397/2432/3595
f 1653/1011/2366 165/2434/3597 1628/2433/3596
f 1653/1011/2366 1628/2433/3596 1388/2039/2365
f 1388/2039/2365 1628/2433/3596 291/2351/3598
f 1481/1008/2363 108/419/3599 1428/427/277
f 1481/1008/2363 1428/427/277 1447/2038/2362
f 1447/2038/2362 1428/427/277 508/425/275
f 1955/1005/2360 395/1036/3601 1123/1117/3600
f 1955/1005/2360 1123/1117/3600 1961/2037/2359
f 1961/2037/2359 1123/1117/3600 322/1115/3602
f 1817/1000/2356 366/982/3603 1950/970/725
f 1817/1000/2356 1950/970/725 1804/824/2355
f 1804/824/2355 1950/970/725 343/968/723
f 2128/998/2353 296/2260/2353 2227/2261/2353
f 2128/998/2353 2227/2261/2353 959/2036/2353
f 959/2036/2353 2227/2261/2353 297/2262/2353
f 1815/992/746 78/174/3605 1822/1038/3604
f 1815/992/746 1822/1038/3604 1652/2035/2350
f 1652/2035/2350 1822/1038/3604 395/1036/3606
f 1953/989/2349 653/461/3608 1020/2435/3607
f 1953/989/2349 1020/2435/3607 1044/2034/2348
f 1044/2034/2348 1020/2435/3607 177/2274/3609
f 958/983/2342 297/2262/2342 1043/2263/2342
f 958/983/2342 1043/2263/2342 2126/2033/2342
f 2126/2033/2342 1043/2263/2342 304/2264/2342
f 2127/977/2338 389/530/3611 1645/951/3610
f 2127/977/2338 1645/951/3610 1654/2031/2337
f 1654/2031/2337 1645/951/3610 341/949/3612
f 1479/974/2335 284/1690/3614 1387/2436/3613
f 1479/974/2335 1387/2436/3613 1276/2030/2334
f 1276/2030/2334 1387/2436/3613 283/2437/3615
f 2125/969/2330 304/2264/2330 2226/2265/2330
f 2125/969/2330 2226/2265/2330 949/2029/2330
f 949/2029/2330 2226/2265/2330 305/2266/2330
f 1649/966/2329 533/1315/3617 1551/2100/3616
f 1649/966/2329 1551/2100/3616 1495/2028/2328
f 1495/2028/2328 1551/2100/3616 316/2314/3618
f 1109/963/2326 74/168/3620 1125/1122/3619
f 1109/963/2326 1125/1122/3619 1549/1994/2325
f 1549/1994/2325 1125/1122/3619 524/807/3621
f 1949/960/2323 378/1277/3623 1141/1276/3622
f 1949/960/2323 1141/1276/3622 2056/2023/2322
f 2056/2023/2322 1141/1276/3622 405/937/3624
f 1647/955/2319 85/319/3626 1655/1068/3625
f 1647/955/2319 1655/1068/3625 1986/2027/2318
f 1986/2027/2318 1655/1068/3625 631/1066/3627
f 1646/950/704 386/1071/3629 1482/1033/3628
f 1646/950/704 1482/1033/3628 1643/2026/2314
f 1643/2026/2314 1482/1033/3628 364/1031/3630
f 957/948/2313 433/1045/3632 965/1046/3631
f 957/948/2313 965/1046/3631 1035/1932/1992
f 1035/1932/1992 965/1046/3631 439/512/1991
f 956/944/694 345/2309/3634 989/1344/3633
f 956/944/694 989/1344/3633 1431/2025/2309
f 1431/2025/2309 989/1344/3633 484/1342/3635
f 1947/941/2308 207/767/3637 2050/2438/3636
f 1947/941/2308 2050/2438/3636 1867/2024/2307
f 1867/2024/2307 2050/2438/3636 478/2439/3638
f 2123/938/2305 248/2258/3640 1983/2440/3639
f 2123/938/2305 1983/2440/3639 2056/2023/2304
f 2056/2023/2304 1983/2440/3639 247/959/3641
f 1475/935/2302 782/2317/3643 1711/2441/3642
f 1475/935/2302 1711/2441/3642 1520/2022/2301
f 1520/2022/2301 1711/2441/3642 637/602/3644
f 1945/931/2298 391/2425/3646 1042/2424/3645
f 1945/931/2298 1042/2424/3645 1003/2020/2297
f 1003/2020/2297 1042/2424/3645 73/272/3647
f 1288/928/2294 603/2442/3649 1505/1440/3648
f 1288/928/2294 1505/1440/3648 1501/2019/2293
f 1501/2019/2293 1505/1440/3648 308/1191/3650
f 1287/925/2291 259/1051/3652 2055/2443/3651
f 1287/925/2291 2055/2443/3651 1964/2018/2290
f 1964/2018/2290 2055/2443/3651 95/2426/3653
f 1473/922/2288 228/1118/3655 1484/1081/3654
f 1473/922/2288 1484/1081/3654 1664/2017/2287
f 1664/2017/2287 1484/1081/3654 374/1079/3656
f 1811/918/2284 758/2444/3658 1426/421/3657
f 1811/918/2284 1426/421/3657 1819/2016/2283
f 1819/2016/2283 1426/421/3657 108/419/3659
f 953/915/2281 727/656/3661 1981/1174/3660
f 953/915/2281 1981/1174/3660 920/2015/2280
f 920/2015/2280 1981/1174/3660 367/1172/3662
f 1102/912/664 351/997/3664 1951/984/3663
f 1102/912/664 1951/984/3663 1113/2014/2278
f 1113/2014/2278 1951/984/3663 366/982/3665
f 1472/906/654 364/1031/3630 1477/964/3666
f 1472/906/654 1477/964/3666 1462/2013/2274
f 1462/2013/2274 1477/964/3666 292/962/3667
f 1285/904/2273 579/470/2273 1226/2445/2273
f 1285/904/2273 1226/2445/2273 1803/2012/2273
f 1803/2012/2273 1226/2445/2273 582/2446/2273
f 2121/896/2270 336/2448/2270 1939/2447/2270
f 2121/896/2270 1939/2447/2270 1970/2011/2270
f 1970/2011/2270 1939/2447/2270 151/2420/2270
f 1639/893/2269 149/1382/3669 1755/2117/3668
f 1639/893/2269 1755/2117/3668 1114/2010/2268
f 1114/2010/2268 1755/2117/3668 498/2362/3670
f 1808/890/2266 222/1082/3672 1825/1105/3671
f 1808/890/2266 1825/1105/3671 1301/2009/2265
f 1301/2009/2265 1825/1105/3671 360/1103/3673
f 1942/886/2262 305/2266/3674 1041/2267/3674
f 1942/886/2262 1041/2267/3674 1958/1050/2261
f 1958/1050/2261 1041/2267/3674 359/2268/3674
f 1469/884/2259 452/2449/3675 1007/1539/1341
f 1469/884/2259 1007/1539/1341 1550/2008/2258
f 1550/2008/2258 1007/1539/1341 209/1459/1339
f 1637/880/2255 325/737/3677 1626/738/3676
f 1637/880/2255 1626/738/3676 2225/2005/2254
f 2225/2005/2254 1626/738/3676 400/510/3678
f 1467/877/2252 140/1712/3680 1318/1282/3679
f 1467/877/2252 1318/1282/3679 1311/2007/2251
f 1311/2007/2251 1318/1282/3679 139/1280/3681
f 2120/872/2248 488/943/3683 2162/2450/3682
f 2120/872/2248 2162/2450/3682 1698/2006/2247
f 1698/2006/2247 2162/2450/3682 594/2357/3684
f 2119/870/2245 772/2318/3686 1329/2451/3685
f 2119/870/2245 1329/2451/3685 2225/2005/2244
f 2225/2005/2244 1329/2451/3685 771/879/3687
f 948/859/2237 337/833/2237 961/999/2237
f 948/859/2237 961/999/2237 951/2004/2237
f 951/2004/2237 961/999/2237 351/997/2237
f 1941/852/2234 597/1454/3689 1754/2405/3688
f 1941/852/2234 1754/2405/3688 1746/1899/2233
f 1746/1899/2233 1754/2405/3688 301/340/3690
f 1634/849/2231 237/343/3692 1630/818/3691
f 1634/849/2231 1630/818/3691 1719/2002/2230
f 1719/2002/2230 1630/818/3691 277/816/3693
f 2116/846/2227 336/2448/2227 2114/835/2227
f 2116/846/2227 2114/835/2227 2117/2001/2227
f 2117/2001/2227 2114/835/2227 337/833/3694
f 944/843/2226 153/753/2226 970/1127/2226
f 944/843/2226 970/1127/2226 1408/2000/2226
f 1408/2000/2226 970/1127/2226 347/1125/2226
f 2115/840/2225 136/2411/3696 2214/2452/3695
f 2115/840/2225 2214/2452/3695 1662/1097/2224
f 1662/1097/2224 2214/2452/3695 245/2376/3697
f 1632/837/2222 683/2454/3699 1259/2453/3698
f 1632/837/2222 1259/2453/3698 1667/1124/2221
f 1667/1124/2221 1259/2453/3698 685/1593/3700
f 1805/834/2219 278/478/2219 1866/2259/2219
f 1805/834/2219 1866/2259/2219 2129/1999/2219
f 2129/1999/2219 1866/2259/2219 296/2260/2219
f 1278/831/2218 748/2455/3702 1515/1515/3701
f 1278/831/2218 1515/1515/3701 1458/1998/2217
f 1458/1998/2217 1515/1515/3701 164/633/3703
f 943/828/2215 755/615/3705 2222/1950/3704
f 943/828/2215 2222/1950/3704 2148/1225/2214
f 2148/1225/2214 2222/1950/3704 256/2456/3706
f 1465/825/2212 428/826/3708 1526/2457/3707
f 1465/825/2212 1526/2457/3707 1205/1997/2211
f 1205/1997/2211 1526/2457/3707 648/1552/3709
f 1936/823/586 79/885/3711 1772/176/3710
f 1936/823/586 1772/176/3710 1816/1996/2209
f 1816/1996/2209 1772/176/3710 78/174/3712
f 941/817/2206 225/2271/3714 1040/2382/3713
f 941/817/2206 1040/2382/3713 1584/1995/2205
f 1584/1995/2205 1040/2382/3713 253/2383/3715
f 1275/808/2200 283/2437/3717 1384/2458/3716
f 1275/808/2200 1384/2458/3716 1549/1994/2199
f 1549/1994/2199 1384/2458/3716 292/962/3718
f 1802/802/569 91/199/3720 1929/758/3719
f 1802/802/569 1929/758/3719 1784/1992/2195
f 1784/1992/2195 1929/758/3719 87/756/3721
f 1273/799/2194 283/2437/3723 1387/2436/3722
f 1273/799/2194 1387/2436/3722 1548/1991/2193
f 1548/1991/2193 1387/2436/3722 284/1690/3724
f 2110/793/2190 272/692/3726 1780/475/3725
f 2110/793/2190 1780/475/3725 1864/1955/2189
f 1864/1955/2189 1780/475/3725 262/473/3727
f 2108/790/2187 352/2423/3729 2224/2422/3728
f 2108/790/2187 2224/2422/3728 982/1989/2186
f 982/1989/2186 2224/2422/3728 353/2393/3730
f 940/787/2184 393/1362/3732 1039/2112/3731
f 940/787/2184 1039/2112/3731 1614/1988/2183
f 1614/1988/2183 1039/2112/3731 469/2370/3733
f 938/784/2181 577/1754/2181 1097/2459/2181
f 938/784/2181 1097/2459/2181 1204/1987/2181
f 1204/1987/2181 1097/2459/2181 178/2404/2181
f 937/781/552 191/1020/3735 1899/459/3734
f 937/781/552 1899/459/3734 917/1986/2180
f 917/1986/2180 1899/459/3734 221/457/3736
f 934/778/2179 321/914/3737 919/609/3737
f 934/778/2179 919/609/3737 974/1985/2179
f 974/1985/2179 919/609/3737 482/607/3737
f 2106/775/544 208/1522/3739 2177/1521/3738
f 2106/775/544 2177/1521/3738 902/1984/2177
f 902/1984/2177 2177/1521/3738 505/1519/3740
f 1931/764/2172 223/1628/3742 1117/1065/3741
f 1931/764/2172 1117/1065/3741 1092/1982/2171
f 1092/1982/2171 1117/1065/3741 170/1063/3743
f 1930/757/532 309/991/3745 1954/1006/3744
f 1930/757/532 1954/1006/3744 1967/1981/2167
f 1967/1981/2167 1954/1006/3744 231/1004/3746
f 1928/754/2166 151/2420/2166 1938/847/2166
f 1928/754/2166 1938/847/2166 2086/1980/2166
f 2086/1980/2166 1938/847/2166 152/845/2166
f 1627/744/2161 165/2434/3748 1690/1351/3747
f 1627/744/2161 1690/1351/3747 1887/1978/2160
f 1887/1978/2160 1690/1351/3747 415/1349/3749
f 1927/740/2157 95/2426/3751 2055/2443/3750
f 1927/740/2157 2055/2443/3750 1386/1977/2156
f 1386/1977/2156 2055/2443/3750 259/1051/3752
f 1266/734/2153 490/376/3754 1202/2460/3753
f 1266/734/2153 1202/2460/3753 1385/1976/2152
f 1385/1976/2152 1202/2460/3753 496/1267/3755
f 1924/731/2150 279/1326/3757 2054/2412/3756
f 1924/731/2150 2054/2412/3756 1833/1975/2149
f 1833/1975/2149 2054/2412/3756 326/2398/3758
f 1463/728/2147 220/842/3760 2073/234/3759
f 1463/728/2147 2073/234/3759 2093/1974/2146
f 2093/1974/2146 2073/234/3759 184/232/3761
f 1461/725/2144 292/962/3763 1384/2458/3762
f 1461/725/2144 1384/2458/3762 1274/1973/2143
f 1274/1973/2143 1384/2458/3762 283/2437/3764
f 2104/720/2140 760/1760/2140 882/173/2140
f 2104/720/2140 882/173/2140 914/1972/2140
f 914/1972/2140 882/173/2140 585/171/2140
f 1796/713/2136 294/1706/3766 1814/939/3765
f 1796/713/2136 1814/939/3765 1752/1970/2135
f 1752/1970/2135 1814/939/3765 405/937/3767
f 1922/710/2133 706/1576/3769 1151/1401/3768
f 1922/710/2133 1151/1401/3768 1120/1969/2132
f 1120/1969/2132 1151/1401/3768 162/1399/3770
f 2101/708/2130 176/2430/3772 2136/1102/3771
f 2101/708/2130 2136/1102/3771 1751/1968/2129
f 1751/1968/2129 2136/1102/3771 285/495/3773
f 1795/705/2127 238/1483/2127 1865/2140/2127
f 1795/705/2127 1865/2140/2127 2053/1967/2127
f 2053/1967/2127 1865/2140/2127 447/2141/2127
f 931/702/2126 137/1747/2126 1027/2461/2126
f 931/702/2126 1027/2461/2126 2216/1966/2126
f 2216/1966/2126 1027/2461/2126 472/2462/2126
f 929/699/2125 329/827/2555 1038/2081/2556
f 929/699/2125 1038/2081/2556 1268/1965/2124
f 1268/1965/2124 1038/2081/2556 499/2402/3465
f 1457/696/2122 164/633/3775 1547/1954/3774
f 1457/696/2122 1547/1954/3774 1200/1964/2121
f 1200/1964/2121 1547/1954/3774 506/2463/3776
f 1920/693/2119 175/577/3778 1943/891/3777
f 1920/693/2119 1943/891/3777 1245/1963/2118
f 1245/1963/2118 1943/891/3777 243/889/3779
f 928/687/2114 784/2465/3781 1528/2464/3780
f 928/687/2114 1528/2464/3780 1034/1928/2113
f 1034/1928/2113 1528/2464/3780 244/483/3782
f 1091/684/2111 170/1063/3784 1103/926/3783
f 1091/684/2111 1103/926/3783 1251/1962/2110
f 1251/1962/2110 1103/926/3783 171/924/3785
f 1621/679/2107 397/2432/3787 2223/2431/3786
f 1621/679/2107 2223/2431/3786 2109/1961/2106
f 2109/1961/2106 2223/2431/3786 352/2423/3788
f 1919/673/2103 758/2444/3790 1644/2466/3789
f 1919/673/2103 1644/2466/3789 1975/1138/2102
f 1975/1138/2102 1644/2466/3789 757/2340/3791
f 1090/668/2099 261/1685/3793 1615/643/3792
f 1090/668/2099 1615/643/3792 1201/1925/2098
f 1201/1925/2098 1615/643/3792 262/473/3794
f 1261/660/2094 691/1721/2094 1594/330/2094
f 1261/660/2094 1594/330/2094 1750/1958/2094
f 1750/1958/2094 1594/330/2094 573/328/2094
f 925/657/2093 273/1211/3796 887/2467/3795
f 925/657/2093 887/2467/3795 1946/1957/2092
f 1946/1957/2092 887/2467/3795 391/2425/3797
f 1793/652/2088 86/801/2088 1783/532/3798
f 1793/652/2088 1783/532/3798 1292/1956/2087
f 1292/1956/2087 1783/532/3798 389/530/3799
f 1792/649/2085 683/2454/3801 2163/1415/3800
f 1792/649/2085 2163/1415/3800 2077/299/2084
f 2077/299/2084 2163/1415/3800 280/1199/3802
f 1790/642/2080 654/2273/3804 1290/975/3803
f 1790/642/2080 1290/975/3803 1864/1955/2079
f 1864/1955/2079 1290/975/3803 523/792/3805
f 1455/634/2074 611/2350/3807 1203/2468/3806
f 1455/634/2074 1203/2468/3806 1547/1954/2073
f 1547/1954/2073 1203/2468/3806 506/2463/3808
f 1452/631/2071 694/2348/3810 2168/2469/3809
f 1452/631/2071 2168/2469/3809 1546/1953/2070
f 1546/1953/2070 2168/2469/3809 616/2339/3811
f 1788/628/2068 70/917/3813 1818/1009/3812
f 1788/628/2068 1818/1009/3812 2147/1952/2067
f 2147/1952/2067 1818/1009/3812 511/1007/3814
f 2097/625/2065 528/724/3816 2113/800/3815
f 2097/625/2065 2113/800/3815 2194/1696/2064
f 2194/1696/2064 2113/800/3815 657/798/3817
f 1255/622/2062 603/2442/3819 1289/2470/3818
f 1255/622/2062 1289/2470/3818 1155/1951/2061
f 1155/1951/2061 1289/2470/3818 730/1500/3820
f 922/616/411 609/533/3822 2167/2471/3821
f 922/616/411 2167/2471/3821 2222/1950/2056
f 2222/1950/2056 2167/2471/3821 256/2456/3823
f 921/613/408 473/786/3825 1037/2472/3824
f 921/613/408 1037/2472/3824 1001/1949/2055
f 1001/1949/2055 1037/2472/3824 605/2353/3826
f 1911/608/2053 367/1172/3828 1895/399/3827
f 1911/608/2053 1895/399/3827 1229/1948/2052
f 1229/1948/2052 1895/399/3827 475/397/3829
f 1450/600/2048 190/1109/3831 936/782/3830
f 1450/600/2048 936/782/3830 1443/1946/2047
f 1443/1946/2047 936/782/3830 169/780/3832
f 918/593/2041 227/876/3834 1309/1120/3833
f 918/593/2041 1309/1120/3833 955/1945/2040
f 955/1945/2040 1309/1120/3833 228/1118/3835
f 2092/581/384 184/232/3837 2188/1630/3836
f 2092/581/384 2188/1630/3836 1932/1943/2035
f 1932/1943/2035 2188/1630/3836 223/1628/3838
f 1910/578/381 221/457/3840 1657/1084/3839
f 1910/578/381 1657/1084/3839 1944/1942/2034
f 1944/1942/2034 1657/1084/3839 222/1082/3841
f 1909/575/2033 503/2333/3843 2049/2473/3842
f 1909/575/2033 2049/2473/3842 1890/1941/2032
f 1890/1941/2032 2049/2473/3842 510/2474/3844
f 1907/563/2026 255/1487/3846 1916/629/3845
f 1907/563/2026 1916/629/3845 2118/1940/2025
f 2118/1940/2025 1916/629/3845 504/627/3847
f 913/550/2019 585/171/2017 899/2475/2018
f 913/550/2019 899/2475/2018 1545/1939/2018
f 1545/1939/2018 899/2475/2018 588/2476/2017
f 2090/537/2010 160/1323/3849 2221/2101/3848
f 2090/537/2010 2221/2101/3848 2000/1936/2009
f 2000/1936/2009 2221/2101/3848 431/2381/3850
f 912/534/2007 748/2455/3852 2179/1524/3851
f 912/534/2007 2179/1524/3851 2107/1935/2006
f 2107/1935/2006 2179/1524/3851 208/1522/3853
f 1905/531/345 87/756/3721 1965/1073/3854
f 1905/531/345 1965/1073/3854 1107/1934/2003
f 1107/1934/2003 1965/1073/3854 386/1071/3855
f 1088/529/2002 467/2478/3857 1421/2477/3856
f 1088/529/2002 1421/2477/3856 1543/1919/2001
f 1543/1919/2001 1421/2477/3856 68/447/3858
f 910/526/1999 625/2331/3860 1036/2329/3859
f 910/526/1999 1036/2329/3859 1671/1933/1998
f 1671/1933/1998 1036/2329/3859 764/2330/3861
f 1250/513/1993 171/924/3863 1306/1070/3862
f 1250/513/1993 1306/1070/3862 1035/1932/1992
f 1035/1932/1992 1306/1070/3862 265/947/2312
f 1445/503/1988 380/480/3865 1544/1927/3864
f 1445/503/1988 1544/1927/3864 1991/1931/1987
f 1991/1931/1987 1544/1927/3864 455/2479/3866
f 1610/496/1983 786/2291/3868 927/688/3867
f 1610/496/1983 927/688/3867 1017/1684/1982
f 1017/1684/1982 927/688/3867 105/686/3869
f 2088/490/1979 176/2430/3871 2220/2429/3870
f 2088/490/1979 2220/2429/3870 2219/1930/1978
f 2219/1930/1978 2220/2429/3870 360/1103/3872
f 1607/487/1976 169/780/3874 916/579/3873
f 1607/487/1976 916/579/3873 1624/1929/1975
f 1624/1929/1975 916/579/3873 175/577/3875
f 1441/484/1973 646/1697/3877 1018/2480/3876
f 1441/484/1973 1018/2480/3876 1034/1928/1972
f 1034/1928/1972 1018/2480/3876 105/686/3878
f 1439/481/1970 457/2482/3880 2052/2481/3879
f 1439/481/1970 2052/2481/3879 1544/1927/1969
f 1544/1927/1969 2052/2481/3879 455/2479/3881
f 1781/477/1967 278/478/1967 1806/2483/3882
f 1781/477/1967 1806/2483/3882 2122/1926/1966
f 2122/1926/1966 1806/2483/3882 336/2448/3883
f 1244/474/1964 243/889/3885 1115/1040/3884
f 1244/474/1964 1115/1040/3884 1201/1925/1963
f 1201/1925/1963 1115/1040/3884 242/667/3886
f 1243/471/1961 737/783/1961 2007/1380/1961
f 1243/471/1961 2007/1380/1961 2047/1924/1961
f 2047/1924/1961 2007/1380/1961 383/1378/1961
f 1437/462/1958 652/1310/3888 1531/2484/3887
f 1437/462/1958 1531/2484/3887 1749/1923/1957
f 1749/1923/1957 1531/2484/3887 654/2273/3889
f 1606/458/1954 397/2432/3891 1539/2485/3890
f 1606/458/1954 1539/2485/3890 1658/1921/1953
f 1658/1921/1953 1539/2485/3890 260/2275/3892
f 1433/448/1949 678/730/3894 1159/2486/3893
f 1433/448/1949 1159/2486/3893 1543/1919/1948
f 1543/1919/1948 1159/2486/3893 266/528/3895
f 1898/442/1945 755/615/3897 1507/1443/3896
f 1898/442/1945 1507/1443/3896 1542/1918/1944
f 1542/1918/1944 1507/1443/3896 188/1441/3898
f 1240/439/1942 291/2351/3900 1267/745/3899
f 1240/439/1942 1267/745/3899 1284/1917/1941
f 1284/1917/1941 1267/745/3899 419/743/3901
f 1896/433/1938 655/434/3903 2036/2487/3902
f 1896/433/1938 2036/2487/3902 2218/1916/1937
f 2218/1916/1937 2036/2487/3902 657/798/3904
f 1604/423/1933 586/460/3906 1189/1774/3905
f 1604/423/1933 1189/1774/3905 1602/1914/1932
f 1602/1914/1932 1189/1774/3905 588/1772/3907
f 1427/420/1930 760/1760/1601 2051/2215/3082
f 1427/420/1930 2051/2215/3082 1430/1913/1929
f 1430/1913/1929 2051/2215/3082 583/1769/3127
f 905/418/1927 329/827/3909 930/2488/3908
f 905/418/1927 930/2488/3908 1198/1875/1926
f 1198/1875/1926 930/2488/3908 554/193/3910
f 903/412/1923 553/1624/3912 1694/1384/3911
f 903/412/1923 1694/1384/3911 1748/1911/1922
f 1748/1911/1922 1694/1384/3911 149/1382/3913
f 1425/405/1918 478/2439/3915 2050/2438/3914
f 1425/405/1918 2050/2438/3914 1933/768/1917
f 1933/768/1917 2050/2438/3914 207/767/3916
f 1237/398/1915 99/1255/3918 1335/1505/3917
f 1237/398/1915 1335/1505/3917 1239/1910/1914
f 1239/1910/1914 1335/1505/3917 478/1503/3919
f 1085/392/247 290/1286/3921 1009/1542/3920
f 1085/392/247 1009/1542/3920 1033/1909/1911
f 1033/1909/1911 1009/1542/3920 201/1540/3922
f 1236/388/1910 522/389/3924 1199/2094/3923
f 1236/388/1910 1199/2094/3923 1383/1908/1909
f 1383/1908/1909 1199/2094/3923 650/2389/3925
f 1235/385/1907 510/2490/3927 2049/2489/3926
f 1235/385/1907 2049/2489/3926 1337/1907/1906
f 1337/1907/1906 2049/2489/3926 503/2328/3928
f 1603/382/1904 585/171/3930 1744/1872/3929
f 1603/382/1904 1744/1872/3929 1745/1879/1825
f 1745/1879/1825 1744/1872/3929 205/229/1824
f 1778/377/1901 390/1526/3932 1863/2151/3931
f 1778/377/1901 1863/2151/3931 1077/1906/1900
f 1077/1906/1900 1863/2151/3931 493/2326/3933
f 1600/371/1897 117/1426/3935 1747/2124/3934
f 1600/371/1897 1747/2124/3934 1617/1904/1896
f 1617/1904/1896 1747/2124/3934 424/2355/3936
f 2085/353/1888 152/845/1888 947/860/1888
f 2085/353/1888 947/860/1888 2072/1901/1888
f 2072/1901/1888 947/860/1888 89/858/1888
f 2082/344/220 96/624/418 2215/2195/3937
f 2082/344/220 2215/2195/3937 942/1900/1885
f 942/1900/1885 2215/2195/3937 225/2271/3938
f 1597/341/217 422/2492/3940 1862/2491/3939
f 1597/341/217 1862/2491/3939 1746/1899/1884
f 1746/1899/1884 1862/2491/3939 423/851/3941
f 1422/335/1882 172/2346/3943 1540/2394/3942
f 1422/335/1882 1540/2394/3942 2048/1898/1881
f 2048/1898/1881 1540/2394/3942 463/2395/3944
f 895/332/1879 289/2282/3946 900/2493/3945
f 895/332/1879 900/2493/3945 1382/1897/1878
f 1382/1897/1878 900/2493/3945 363/2178/3947
f 1595/329/1876 690/1023/3949 1149/2494/3948
f 1595/329/1876 1149/2494/3948 1131/1181/1875
f 1131/1181/1875 1149/2494/3948 306/322/3950
f 1080/323/1872 467/2478/3952 2139/2495/3951
f 1080/323/1872 2139/2495/3951 1132/1895/1871
f 1132/1895/1871 2139/2495/3951 432/2409/3953
f 1593/320/1869 491/2497/3955 1381/2496/3954
f 1593/320/1869 1381/2496/3954 1656/1894/1868
f 1656/1894/1868 1381/2496/3954 492/2428/3956
f 1590/311/1864 565/1743/1864 2158/1356/1864
f 1590/311/1864 2158/1356/1864 2157/1893/1864
f 2157/1893/1864 2158/1356/1864 192/1354/1864
f 1587/308/1863 245/2376/3958 2214/2452/3957
f 1587/308/1863 2214/2452/3957 2142/1892/1862
f 2142/1892/1862 2214/2452/3957 136/2411/3959
f 1419/291/1856 696/2311/1856 1861/2498/1856
f 1419/291/1856 1861/2498/1856 1407/1889/1856
f 1407/1889/1856 1861/2498/1856 486/2499/1856
f 1228/285/1854 449/2500/3961 2151/1265/3960
f 1228/285/1854 2151/1265/3960 1380/1888/1853
f 1380/1888/1853 2151/1265/3960 232/1263/3962
f 892/282/1851 579/470/1851 2047/1924/1851
f 892/282/1851 2047/1924/1851 1934/779/1851
f 1934/779/1851 2047/1924/1851 383/1378/1851
f 1414/279/1850 260/2275/3964 1539/2485/3963
f 1414/279/1850 1539/2485/3963 1622/1887/1849
f 1622/1887/1849 1539/2485/3963 397/2432/3965
f 1775/266/1844 150/2421/1844 1807/844/1844
f 1775/266/1844 1807/844/1844 1464/1884/1844
f 1464/1884/1844 1807/844/1844 220/842/1844
f 1412/257/1841 300/1468/3967 1503/1392/3966
f 1412/257/1841 1503/1392/3966 980/1883/1840
f 980/1883/1840 1503/1392/3966 463/1390/3968
f 1410/254/163 778/1474/3970 1299/1035/3969
f 1410/254/163 1299/1035/3969 1271/770/1838
f 1271/770/1838 1299/1035/3969 195/677/3969
f 2074/233/1829 347/1125/3972 1260/653/3971
f 2074/233/1829 1260/653/3971 2189/1880/1828
f 2189/1880/1828 1260/653/3971 211/651/3973
f 1585/230/1826 510/2474/3975 1682/2501/3974
f 1585/230/1826 1682/2501/3974 1745/1879/1825
f 1745/1879/1825 1682/2501/3974 509/381/1903
f 1774/203/1815 486/2499/1815 1860/2502/1815
f 1774/203/1815 1860/2502/1815 1370/1877/1815
f 1370/1877/1815 1860/2502/1815 805/2243/1815
f 888/200/1814 89/858/3976 950/913/665
f 888/200/1814 950/913/665 1121/1089/1813
f 1121/1089/1813 950/913/665 90/911/663
f 886/197/1812 273/1211/3977 971/1130/896
f 886/197/1812 971/1130/896 1492/1876/1811
f 1492/1876/1811 971/1130/896 483/1128/894
f 1583/194/1809 253/2503/3979 1716/1621/3978
f 1583/194/1809 1716/1621/3978 1198/1875/1808
f 1198/1875/1808 1716/1621/3978 762/417/3980
f 1075/191/1806 154/2272/3982 1197/2384/3981
f 1075/191/1806 1197/2384/3981 2035/1874/1805
f 2035/1874/1805 1197/2384/3981 407/2385/3983
f 1225/188/1803 694/2348/3985 1703/1446/3984
f 1225/188/1803 1703/1446/3984 1333/1499/1802
f 1333/1499/1802 1703/1446/3984 613/1444/3986
f 1773/175/1797 80/1090/3988 2095/594/3987
f 1773/175/1797 2095/594/3987 1823/1873/1796
f 1823/1873/1796 2095/594/3987 81/592/3584
f 883/172/1794 758/2444/3990 1619/2504/3989
f 883/172/1794 1619/2504/3989 1744/1872/1793
f 1744/1872/1793 1619/2504/3989 205/229/3991
f 1074/169/114 76/599/3993 1442/488/3992
f 1074/169/114 1442/488/3992 1126/1871/1791
f 1126/1871/1791 1442/488/3992 77/486/3994
f 1069/163/1789 106/1202/1789 1072/2505/1789
f 1069/163/1789 1072/2505/1789 1734/1869/1789
f 1734/1869/1789 1072/2505/1789 813/2241/1789
f 1068/157/1787 798/2248/1787 1185/2506/1787
f 1068/157/1787 1185/2506/1787 1133/1187/1787
f 1133/1187/1787 1185/2506/1787 418/1186/1787
f 1065/139/1780 34/68/3995 1060/53/37
f 1065/139/1780 1060/53/37 2213/1865/1779
f 2213/1865/1779 1060/53/37 40/51/35
f 1767/135/1773 836/2508/1773 880/2507/1773
f 1767/135/1773 880/2507/1773 1763/1866/1773
f 1763/1866/1773 880/2507/1773 41/2509/1773
f 1884/131/1771 39/81/3996 1061/70/52
f 1884/131/1771 1061/70/52 1066/1864/1770
f 1066/1864/1770 1061/70/52 34/68/50
f 1221/128/1769 837/2510/1769 1766/136/1769
f 1221/128/1769 1766/136/1769 1214/1863/1769
f 1214/1863/1769 1766/136/1769 38/134/1769
f 1404/125/1768 843/2511/1768 1574/104/1768
f 1404/125/1768 1574/104/1768 1398/1862/1768
f 1398/1862/1768 1574/104/1768 37/102/1768
f 1401/122/1767 36/84/3997 1876/77/57
f 1401/122/1767 1876/77/57 1882/1861/1766
f 1882/1861/1766 1876/77/57 31/75/55
f 1218/119/1765 35/105/1765 1570/80/1765
f 1218/119/1765 1570/80/1765 1578/1860/1765
f 1578/1860/1765 1570/80/1765 29/78/1765
f 1881/114/1763 31/75/3998 1879/83/62
f 1881/114/1763 1879/83/62 1885/1859/1762
f 1885/1859/1762 1879/83/62 39/81/60
f 1577/111/1761 29/78/1761 1571/86/1761
f 1577/111/1761 1571/86/1761 1402/1858/1761
f 1402/1858/1761 1571/86/1761 36/84/1761
f 1217/106/77 844/2512/4000 1403/126/3999
f 1217/106/77 1403/126/3999 1399/1857/1759
f 1399/1857/1759 1403/126/3999 28/124/3999
f 1575/103/1758 842/2513/4001 1220/129/4001
f 1575/103/1758 1220/129/4001 1215/1856/1758
f 1215/1856/1758 1220/129/4001 27/127/4001
f 1573/92/1752 27/127/1752 1568/72/1752
f 1573/92/1752 1568/72/1752 1740/1839/1752
f 1740/1839/1752 1568/72/1752 21/4/1752
f 1880/90/66 28/124/4003 1874/74/4002
f 1880/90/66 1874/74/4002 2044/1840/1751
f 2044/1840/1751 1874/74/4002 15/7/4002
f 1764/85/1749 14/2515/1749 2212/2514/1749
f 1764/85/1749 2212/2514/1749 2066/1855/1749
f 2066/1855/1749 2212/2514/1749 8/2516/1749
f 2067/82/1748 16/2518/1748 1196/2517/1748
f 2067/82/1748 1196/2517/1748 1063/1854/1748
f 1063/1854/1748 1196/2517/1748 10/2519/1748
f 1877/79/1746 7/89/1746 2046/2520/1746
f 1877/79/1746 2046/2520/1746 1765/1853/1746
f 1765/1853/1746 2046/2520/1746 14/2515/1746
f 2065/76/1745 8/2516/4005 2211/2521/4004
f 2065/76/1745 2211/2521/4004 2068/1852/1744
f 2068/1852/1744 2211/2521/4004 16/2518/4006
f 1875/73/1743 37/102/1741 1572/93/4007
f 1875/73/1743 1572/93/4007 1741/1844/1742
f 1741/1844/1742 1572/93/4007 13/25/1741
f 1569/71/1739 38/134/1739 1212/65/4008
f 1569/71/1739 1212/65/4008 1378/1841/1740
f 1378/1841/1740 1212/65/4008 3/16/4009
f 1062/69/1738 10/2519/1738 1195/2522/1738
f 1062/69/1738 1195/2522/1738 879/1851/1738
f 879/1851/1738 1195/2522/1738 17/2523/1738
f 1213/64/1736 41/2509/4011 1769/2524/4010
f 1213/64/1736 1769/2524/4010 1379/1846/1735
f 1379/1846/1735 1769/2524/4010 22/33/4012
f 878/52/1727 17/2523/4014 1742/2525/4013
f 878/52/1727 1742/2525/4013 1743/1850/1726
f 1743/1850/1726 1742/2525/4013 5/145/4015
f 1059/43/1719 8/2516/1719 2212/2514/1719
f 1059/43/1719 2212/2514/1719 1057/1849/1719
f 1057/1849/1719 2212/2514/1719 14/2515/1719
f 1566/40/1718 5/145/4015 1742/2525/4013
f 1566/40/1718 1742/2525/4013 875/1848/1717
f 875/1848/1717 1742/2525/4013 17/2523/4014
f 1762/37/25 14/2515/4017 2046/2520/4016
f 1762/37/25 2046/2520/4016 2045/1847/1716
f 2045/1847/1716 2046/2520/4016 7/89/4016
f 1761/34/1715 49/2255/4019 1210/18/4018
f 1761/34/1715 1210/18/4018 1379/1846/1714
f 1379/1846/1714 1210/18/4018 3/16/4020
f 2062/31/1712 16/2518/4006 2211/2521/4004
f 2062/31/1712 2211/2521/4004 2064/1845/1711
f 2064/1845/1711 2211/2521/4004 8/2516/4005
f 1565/26/1709 65/2252/4022 1871/9/4021
f 1565/26/1709 1871/9/4021 1741/1844/1708
f 1741/1844/1708 1871/9/4021 15/7/1708
f 1054/23/14 10/2519/4024 1196/2517/4023
f 1054/23/14 1196/2517/4023 2063/1843/1707
f 2063/1843/1707 1196/2517/4023 16/2518/4023
f 874/20/1706 17/2523/1706 1195/2522/1706
f 874/20/1706 1195/2522/1706 1055/1842/1706
f 1055/1842/1706 1195/2522/1706 10/2519/1706
f 1211/17/10 53/2254/4026 1561/6/4025
f 1211/17/10 1561/6/4025 1378/1841/1705
f 1378/1841/1705 1561/6/4025 21/4/4027
f 1872/8/1702 67/36/1702 2045/1847/1702
f 1872/8/1702 2045/1847/1702 2044/1840/1702
f 2044/1840/1702 2045/1847/1702 7/89/1702
f 1562/5/1701 66/2253/4029 1564/27/4028
f 1562/5/1701 1564/27/4028 1740/1839/1700
f 1740/1839/1700 1564/27/4028 13/25/4030
f 1537/1826/1667 863/1797/1695 1031/2219/4031
f 1537/1826/1667 1031/2219/4031 1030/1825/1666
f 1030/1825/1666 1031/2219/4031 841/2223/3104
f 2210/1822/1662 864/1832/1682 1193/2236/3120
f 2210/1822/1662 1193/2236/3120 1192/1821/1661
f 1192/1821/1661 1193/2236/3120 842/2225/3106
f 1536/1820/1660 844/2235/3119 1400/2526/4032
f 1536/1820/1660 1400/2526/4032 2043/1819/1659
f 2043/1819/1659 1400/2526/4032 847/2227/3109
f 2209/1816/1656 848/2233/1656 1576/2527/1656
f 2209/1816/1656 1576/2527/1656 1738/1815/1656
f 1738/1815/1656 1576/2527/1656 845/2229/1656
f 1857/1813/1654 868/1805/1646 1859/2220/3097
f 1857/1813/1654 1859/2220/3097 1858/1812/1653
f 1858/1812/1653 1859/2220/3097 846/2231/3115
f 2042/1810/1651 847/2227/1651 1883/2528/1651
f 2042/1810/1651 1883/2528/1651 2208/1809/1650
f 2208/1809/1650 1883/2528/1651 848/2233/3117
f 1375/1807/1648 867/1835/3113 1737/2228/3111
f 1375/1807/1648 1737/2228/3111 1736/1806/1647
f 1736/1806/1647 1737/2228/3111 845/2229/3112
f 1374/1804/1645 843/2226/3107 1219/2529/4033
f 1374/1804/1645 1219/2529/4033 1535/1803/1644
f 1535/1803/1644 1219/2529/4033 844/2235/4033
f 1735/1801/1642 837/2239/3124 1580/2530/4034
f 1735/1801/1642 1580/2530/4034 1191/1800/1641
f 1191/1800/1641 1580/2530/4034 842/2225/3106
f 1856/1799/1640 862/1811/1652 2207/2221/3099
f 1856/1799/1640 2207/2221/3099 2206/1798/1639
f 2206/1798/1639 2207/2221/3099 840/2232/3116
f 1189/1774/1612 586/460/4036 1190/2217/4035
f 1189/1774/1612 1190/2217/4035 1533/1773/1611
f 1533/1773/1611 1190/2217/4035 822/547/4037
f 2040/1771/1608 819/2240/1608 1232/363/1608
f 2040/1771/1608 1232/363/1608 2041/1770/1608
f 2041/1770/1608 1232/363/1608 823/361/1608
f 1372/1768/1607 299/2368/1607 2205/2367/1607
f 1372/1768/1607 2205/2367/1607 2204/1767/1607
f 2204/1767/1607 2205/2367/1607 200/1763/1607
f 2161/1765/1604 761/2531/1604 988/1333/1604
f 2161/1765/1604 988/1333/1604 2203/1764/1604
f 2203/1764/1604 988/1333/1604 826/1331/1604
f 2105/1762/1603 826/1331/1603 1371/2103/4038
f 2105/1762/1603 1371/2103/4038 2202/1761/1602
f 2202/1761/1602 1371/2103/4038 819/2240/3126
f 1130/1759/1600 817/162/1600 1734/1869/1600
f 1130/1759/1600 1734/1869/1600 1188/1758/1600
f 1188/1758/1600 1734/1869/1600 813/2241/1600
f 1028/1756/1599 813/2241/1599 1581/167/1599
f 1028/1756/1599 1581/167/1599 1029/1755/1599
f 1029/1755/1599 1581/167/1599 815/165/1599
f 2201/1751/1597 472/2462/1597 1027/2461/1597
f 2201/1751/1597 1027/2461/1597 1026/1750/1597
f 1026/1750/1597 1027/2461/1597 137/1747/1597
f 932/1749/1595 739/2532/1595 1222/164/1595
f 932/1749/1595 1222/164/1595 1025/1748/1595
f 1025/1748/1595 1222/164/1595 817/162/1595
f 1732/1745/1592 803/202/1592 1370/1877/1592
f 1732/1745/1592 1370/1877/1592 1733/1744/1592
f 1733/1744/1592 1370/1877/1592 805/2243/1592
f 1730/1741/1590 810/1334/1590 1369/2105/1590
f 1730/1741/1590 1369/2105/1590 1731/1740/1590
f 1731/1740/1590 1369/2105/1590 803/202/1590
f 2038/1738/1587 487/2533/1587 2025/1566/1587
f 2038/1738/1587 2025/1566/1587 2039/1737/1587
f 2039/1737/1587 2025/1566/1587 111/1564/1587
f 2024/1736/1585 567/2365/1585 2006/2534/1585
f 2024/1736/1585 2006/2534/1585 1729/1735/1585
f 1729/1735/1585 2006/2534/1585 808/2246/1585
f 1727/1733/1584 575/2410/4039 2001/2535/4039
f 1727/1733/1584 2001/2535/4039 1728/1732/1584
f 1728/1732/1584 2001/2535/4039 798/2248/4039
f 1367/1730/1581 795/2251/1581 1231/357/1581
f 1367/1730/1581 1231/357/1581 1368/1729/1581
f 1368/1729/1581 1231/357/1581 797/355/1581
f 1186/1727/1580 692/151/1580 1502/1389/1580
f 1186/1727/1580 1502/1389/1580 1187/1726/1580
f 1187/1726/1580 1502/1389/1580 802/1387/1580
f 1262/1723/1577 802/1387/1577 1366/2119/1577
f 1262/1723/1577 1366/2119/1577 1365/1722/1577
f 1365/1722/1577 1366/2119/1577 795/2251/1577
f 1362/1720/1576 67/36/4041 872/2536/4040
f 1362/1720/1576 872/2536/4040 1024/1719/1575
f 1024/1719/1575 872/2536/4040 65/2252/4042
f 1023/1717/1573 65/2252/4044 876/2537/4043
f 1023/1717/1573 876/2537/4043 1184/1716/1572
f 1184/1716/1572 876/2537/4043 66/2253/4045
f 1183/1714/1570 66/2253/4047 1563/2538/4046
f 1183/1714/1570 1563/2538/4046 1726/1713/1569
f 1726/1713/1569 1563/2538/4046 53/2254/4048
f 1725/1711/1567 53/2254/4050 873/2539/4049
f 1725/1711/1567 873/2539/4049 1022/1710/1566
f 1022/1710/1566 873/2539/4049 49/2255/4051
f 1021/1708/1564 49/2255/4053 877/2540/4052
f 1021/1708/1564 877/2540/4052 2199/1707/1563
f 2199/1707/1563 877/2540/4052 64/2257/4054
f 1873/41/1548 51/39/1548 1364/2201/1548
f 1873/41/1548 1364/2201/1548 2037/1704/1548
f 2037/1704/1548 1364/2201/1548 296/2260/1548
f 1052/21/1547 50/19/1547 1182/2200/1547
f 1052/21/1547 1182/2200/1547 1363/1703/1547
f 1363/1703/1547 1182/2200/1547 297/2262/1547
f 1053/24/1546 62/22/4055 1854/2199/1546
f 1053/24/1546 1854/2199/1546 1181/1702/1546
f 1181/1702/1546 1854/2199/1546 304/2264/1546
f 2061/32/1545 48/30/1545 2197/2198/1545
f 2061/32/1545 2197/2198/1545 1853/1701/1545
f 1853/1701/1545 2197/2198/1545 305/2266/1545
f 1058/44/1544 2/42/1544 1180/2197/1544
f 1058/44/1544 1180/2197/1544 2196/1700/1544
f 2196/1700/1544 1180/2197/1544 359/2268/1544
f 1056/38/1542 67/36/1542 1362/1720/4056
f 1056/38/1542 1362/1720/4056 1179/1699/1543
f 1179/1699/1543 1362/1720/4056 381/1718/4057
f 1688/1317/1538 533/1315/4059 1650/2541/4058
f 1688/1317/1538 1650/2541/4058 1724/1698/1537
f 1724/1698/1537 1650/2541/4058 645/1308/4060
f 2194/1696/1535 657/798/4062 2036/2487/4061
f 2194/1696/1535 2036/2487/4061 2195/1695/1534
f 2195/1695/1534 2036/2487/4061 655/434/4063
f 1178/1694/1532 154/2272/4065 1076/2542/4064
f 1178/1694/1532 1076/2542/4064 1532/1693/1531
f 1532/1693/1531 1076/2542/4064 656/432/4066
f 1480/1692/1529 654/2273/4068 1531/2484/4067
f 1480/1692/1529 1531/2484/4067 1530/1691/1528
f 1530/1691/1528 1531/2484/4067 652/1310/3159
f 1019/1689/1526 177/2274/4070 1020/2435/4069
f 1019/1689/1526 1020/2435/4069 1723/1688/1525
f 1723/1688/1525 1020/2435/4069 653/461/4071
f 1618/1687/1523 647/707/4073 1722/2270/4072
f 1618/1687/1523 1722/2270/4072 1721/1686/1522
f 1721/1686/1522 1722/2270/4072 645/1308/4074
f 1017/1684/1520 105/686/4076 1018/2480/4075
f 1017/1684/1520 1018/2480/4075 1720/1683/1519
f 1720/1683/1519 1018/2480/4075 646/1697/4077
f 2192/1677/1507 794/1262/4079 1016/2192/4078
f 2192/1677/1507 1016/2192/4078 2193/1681/1506
f 2193/1681/1506 1016/2192/4078 785/1672/4080
f 2192/1677/1499 344/1680/4082 1324/2543/4081
f 2192/1677/1499 1324/2543/4081 1361/1676/1498
f 1361/1676/1498 1324/2543/4081 147/2277/4083
f 1176/1675/1496 442/1645/4085 1177/2182/4084
f 1176/1675/1496 1177/2182/4084 1015/1674/1495
f 1015/1674/1495 1177/2182/4084 787/2279/4086
f 1719/1667/1484 277/2544/4088 1582/195/4087
f 1719/1667/1484 1582/195/4087 1359/1666/1483
f 1359/1666/1483 1582/195/4087 554/193/4089
f 2172/1472/1480 560/1470/4091 1358/2186/4090
f 2172/1472/1480 1358/2186/4090 1357/1663/1479
f 1357/1663/1479 1358/2186/4090 147/2281/4092
f 2081/336/214 563/334/212 1356/2545/4093
f 2081/336/214 1356/2545/4093 2191/1661/1477
f 2191/1661/1477 1356/2545/4093 791/2284/4094
f 1174/1660/1475 562/1678/3380 1355/2190/4095
f 1174/1660/1475 1355/2190/4095 1354/1659/1474
f 1354/1659/1474 1355/2190/4095 459/2191/3186
f 1528/1657/1471 784/1652/4097 2190/2183/4096
f 1528/1657/1471 2190/2183/4096 1529/1656/1470
f 1529/1656/1470 2190/2183/4096 536/2287/4098
f 1676/1654/1468 445/2547/4100 1718/2546/4099
f 1676/1654/1468 1718/2546/4099 1353/1653/1467
f 1353/1653/1467 1718/2546/4099 539/2289/4101
f 889/207/1464 441/208/4103 1014/2403/4102
f 889/207/1464 1014/2403/4102 1852/1648/1463
f 1852/1648/1463 1014/2403/4102 786/2291/4104
f 1172/1647/1461 443/1251/4106 1352/2181/4105
f 1172/1647/1461 1352/2181/4105 1173/1646/1460
f 1173/1646/1460 1352/2181/4105 788/489/4107
f 1350/1644/1458 444/1227/4109 1527/2295/4108
f 1350/1644/1458 1527/2295/4108 1351/1643/1457
f 1351/1643/1457 1527/2295/4108 789/2294/4110
f 1850/1642/1455 790/2292/4112 1717/2418/4111
f 1850/1642/1455 1717/2418/4111 1851/1641/1454
f 1851/1641/1454 1717/2418/4111 789/2294/4113
f 2188/1630/1444 184/232/1827 2189/1880/1828
f 2188/1630/1444 2189/1880/1828 1349/1629/1443
f 1349/1629/1443 2189/1880/1828 211/651/3973
f 1716/1621/1439 253/2503/4115 1687/2548/4114
f 1716/1621/1439 1687/2548/4114 1348/1620/1438
f 1348/1620/1438 1687/2548/4114 651/1626/4116
f 1347/1615/1431 649/1618/4118 2035/2549/4117
f 1347/1615/1431 2035/2549/4117 2034/1614/1430
f 2034/1614/1430 2035/2549/4117 407/2296/4119
f 1715/1613/1428 648/2300/4121 1526/2550/4120
f 1715/1613/1428 1526/2550/4120 1525/1612/1427
f 1525/1612/1427 1526/2550/4120 428/2298/4122
f 2033/1609/1424 407/2296/4124 1997/2551/4123
f 2033/1609/1424 1997/2551/4123 2187/1608/1423
f 2187/1608/1423 1997/2551/4123 648/2300/4125
f 2184/1603/1417 643/1106/4127 2032/2060/4126
f 2184/1603/1417 2032/2060/4126 2185/1602/1416
f 2185/1602/1416 2032/2060/4126 535/709/3220
f 1791/650/1410 542/297/4129 1849/2169/4128
f 1791/650/1410 1849/2169/4128 1171/1594/1409
f 1171/1594/1409 1849/2169/4128 650/2302/4130
f 1169/1589/1404 544/2374/4132 1714/2373/4131
f 1169/1589/1404 1714/2373/4131 1170/1588/1403
f 1170/1588/1403 1714/2373/4131 541/836/4133
f 1848/1581/1396 390/1526/4135 1894/2552/4134
f 1848/1581/1396 1894/2552/4134 2031/1580/1395
f 2031/1580/1395 1894/2552/4134 327/2306/4136
f 1846/1528/1392 390/1526/4138 1848/1581/4137
f 1846/1528/1392 1848/1581/4137 1345/1579/1391
f 1345/1579/1391 1848/1581/4137 700/1177/3233
f 1012/1578/1388 345/2309/4140 1106/2553/4139
f 1012/1578/1388 1106/2553/4139 1168/1577/1387
f 1168/1577/1387 1106/2553/4139 258/2307/3236
f 2183/1575/1385 808/2246/1385 2030/2245/1385
f 2183/1575/1385 2030/2245/1385 2029/1574/1385
f 2029/1574/1385 2030/2245/1385 111/1564/1385
f 2028/1573/1384 327/2306/4142 1926/735/4141
f 2028/1573/1384 1926/735/4141 1344/1572/1383
f 1344/1572/1383 1926/735/4141 331/733/4143
f 2182/1571/1379 536/2287/3188 990/2554/4144
f 2182/1571/1379 990/2554/4144 1011/1570/1378
f 1011/1570/1378 990/2554/4144 345/2309/4145
f 1166/1568/1375 82/1560/4146 1167/2160/4146
f 1166/1568/1375 1167/2160/4146 1343/1567/1374
f 1343/1567/1374 1167/2160/4146 716/310/4146
f 2025/1566/1372 487/2533/1372 2027/2555/1372
f 2025/1566/1372 2027/2555/1372 2026/1565/1372
f 2026/1565/1372 2027/2555/1372 696/2311/1372
f 1164/1562/1370 567/2365/1370 2024/1736/1370
f 1164/1562/1370 2024/1736/1370 1165/1561/1370
f 1165/1561/1370 2024/1736/1370 709/1734/1370
f 1163/1559/1368 258/2307/4148 1100/873/4147
f 1163/1559/1368 1100/873/4147 1713/1558/1367
f 1713/1558/1367 1100/873/4147 589/871/4149
f 1712/1556/1364 589/871/4151 1697/1406/4150
f 1712/1556/1364 1697/1406/4150 1342/1555/1363
f 1342/1555/1363 1697/1406/4150 635/1404/4152
f 2153/1312/1360 652/1310/4154 1438/2556/4153
f 2153/1312/1360 1438/2556/4153 1524/1553/1359
f 1524/1553/1359 1438/2556/4153 532/2312/4155
f 984/1551/1357 425/2387/4157 1523/2386/4156
f 984/1551/1357 1523/2386/4156 1522/1550/1356
f 1522/1550/1356 1523/2386/4156 316/2314/4158
f 1253/604/1354 637/602/4160 1711/2441/4159
f 1253/604/1354 1711/2441/4159 1341/1548/1353
f 1341/1548/1353 1711/2441/4159 782/2317/4161
f 1227/286/1351 179/284/4163 1340/2153/4162
f 1227/286/1351 1340/2153/4162 1521/1547/1350
f 1521/1547/1350 1340/2153/4162 639/1463/4164
f 1519/1545/1348 412/675/4166 1520/2022/4165
f 1519/1545/1348 1520/2022/4165 2181/1544/1347
f 2181/1544/1347 1520/2022/4165 637/602/4167
f 1009/1542/1344 290/1286/4169 1162/2093/4168
f 1009/1542/1344 1162/2093/4168 1010/1541/1343
f 1010/1541/1343 1162/2093/4168 406/1283/4170
f 1007/1539/1341 452/2449/3675 1518/2557/4171
f 1007/1539/1341 1518/2557/4171 1008/1538/1340
f 1008/1538/1340 1518/2557/4171 641/1252/4172
f 1338/1536/1337 772/2318/4174 1517/2316/4173
f 1338/1536/1337 1517/2316/4173 1339/1535/1336
f 1339/1535/1336 1517/2316/4173 782/2317/4175
f 2021/1531/1329 631/1066/4177 2023/2049/4176
f 2021/1531/1329 2023/2049/4176 2022/1530/1328
f 2022/1530/1328 2023/2049/4176 633/2322/4178
f 1846/1528/1326 635/1404/2710 1160/2122/2711
f 1846/1528/1326 1160/2122/2711 1847/1527/1325
f 1847/1527/1325 1160/2122/2711 634/2325/3370
f 1330/1473/1322 371/384/4180 1337/1907/4179
f 1330/1473/1322 1337/1907/4179 2020/1525/1321
f 2020/1525/1321 1337/1907/4179 503/2328/3279
f 2179/1524/1319 748/2455/4182 1466/2558/4181
f 2179/1524/1319 1466/2558/4181 2180/1523/1318
f 2180/1523/1318 1466/2558/4181 764/2330/4183
f 2177/1521/1316 208/1522/4185 2178/2150/4184
f 2177/1521/1316 2178/2150/4184 1005/1520/1315
f 1005/1520/1315 2178/2150/4184 625/2331/3284
f 1709/1518/1313 627/830/4186 1264/697/480
f 1709/1518/1313 1264/697/480 1710/1517/1312
f 1710/1517/1312 1264/697/480 630/695/478
f 1515/1515/1307 748/2455/4188 1448/2559/4187
f 1515/1515/1307 1448/2559/4187 1516/1514/1306
f 1516/1514/1306 1448/2559/4187 752/2334/4189
f 1327/1513/1304 603/2442/4191 1256/2560/4190
f 1327/1513/1304 1256/2560/4190 1845/1512/1303
f 1845/1512/1303 1256/2560/4190 619/274/4192
f 1835/1510/1301 726/930/4194 1003/2020/4193
f 1835/1510/1301 1003/2020/4193 1002/1509/1300
f 1002/1509/1300 1003/2020/4193 73/272/4195
f 1335/1505/1294 99/1255/4197 1336/2086/4196
f 1335/1505/1294 1336/2086/4196 1844/1504/1293
f 1844/1504/1293 1336/2086/4196 623/1432/3294
f 1105/929/1289 733/927/4199 2013/2561/4198
f 1105/929/1289 2013/2561/4198 2019/1501/1288
f 2019/1501/1288 2013/2561/4198 375/2336/3297
f 1333/1499/1286 613/1444/4201 1605/440/4200
f 1333/1499/1286 1605/440/4200 1334/1498/1285
f 1334/1498/1285 1605/440/4200 615/438/4202
f 2175/1497/1282 615/2562/4204 1809/902/4203
f 2175/1497/1282 1809/902/4203 2176/1496/1281
f 2176/1496/1281 1809/902/4203 614/900/4205
f 1513/1493/1278 420/2407/4207 1491/2563/4206
f 1513/1493/1278 1491/2563/4206 1514/1492/1277
f 1514/1492/1277 1491/2563/4206 252/630/4208
f 1601/1490/1275 266/528/4210 1159/2486/4209
f 1601/1490/1275 1159/2486/4209 1707/1489/1274
f 1707/1489/1274 1159/2486/4209 678/730/4211
f 1903/527/1272 749/525/4213 1668/2564/4212
f 1903/527/1272 1668/2564/4212 2018/1488/1271
f 2018/1488/1271 1668/2564/4212 757/2340/4214
f 2174/1486/1269 781/410/4216 1158/1679/4215
f 2174/1486/1269 1158/1679/4215 1157/1485/1268
f 1157/1485/1268 1158/1679/4215 562/1678/4217
f 1821/1482/1265 778/1474/1265 1332/2137/1265
f 1821/1482/1265 1332/2137/1265 1331/1481/1265
f 1331/1481/1265 1332/2137/1265 131/2342/1265
f 1328/1479/1264 780/865/1264 1843/1484/1264
f 1328/1479/1264 1843/1484/1264 1842/1478/1264
f 1842/1478/1264 1843/1484/1264 238/1483/1264
f 1078/1476/1263 779/1477/1263 1512/2138/4218
f 1078/1476/1263 1512/2138/4218 1511/1475/1262
f 1511/1475/1262 1512/2138/4218 132/2344/3317
f 2172/1472/1256 777/1662/4220 1987/2565/4219
f 2172/1472/1256 1987/2565/4219 2173/1471/1255
f 2173/1471/1255 1987/2565/4219 775/1466/4221
f 1282/881/1252 771/879/4223 2169/1461/4222
f 1282/881/1252 2169/1461/4222 2171/1467/1251
f 2171/1467/1251 2169/1461/4222 232/1263/4224
f 2016/1465/1248 782/2317/4226 1813/2566/4225
f 2016/1465/1248 1813/2566/4225 2017/1464/1247
f 2017/1464/1247 1813/2566/4225 774/1480/3325
f 2169/1461/1244 771/879/4228 1329/2451/4227
f 2169/1461/1244 1329/2451/4227 2170/1460/1243
f 2170/1460/1243 1329/2451/4227 772/2318/4229
f 1705/1456/1235 616/2339/4231 2168/2469/4230
f 1705/1456/1235 2168/2469/4230 1706/1455/1234
f 1706/1455/1234 2168/2469/4230 694/2348/4232
f 1470/894/1230 501/892/4234 1611/2567/4233
f 1470/894/1230 1611/2567/4233 1509/1451/1229
f 1509/1451/1229 1611/2567/4233 611/2350/4235
f 1099/864/1227 780/865/1227 1328/1479/4236
f 1099/864/1227 1328/1479/4236 1156/1450/1226
f 1156/1450/1226 1328/1479/4236 779/1477/3337
f 2149/1449/1224 256/2456/4238 2167/2471/4237
f 2149/1449/1224 2167/2471/4237 1840/1448/1223
f 1840/1448/1223 2167/2471/4237 609/533/4239
f 1703/1446/1221 694/2348/4241 1453/2568/4240
f 1703/1446/1221 1453/2568/4240 1704/1445/1220
f 1704/1445/1220 1453/2568/4240 684/1010/4242
f 1507/1443/1217 755/615/4244 1098/2569/4243
f 1507/1443/1217 1098/2569/4243 1508/1442/1216
f 1508/1442/1216 1098/2569/4243 754/411/4245
f 1505/1440/1213 603/2442/4247 1327/1513/4246
f 1505/1440/1213 1327/1513/4246 1506/1439/1212
f 1506/1439/1212 1327/1513/4246 606/1511/4248
f 1000/1438/1210 601/612/4250 1001/1949/4249
f 1000/1438/1210 1001/1949/4249 1702/1437/1209
f 1702/1437/1209 1001/1949/4249 605/2353/4251
f 2014/1434/1205 741/621/4253 1155/1951/4252
f 2014/1434/1205 1155/1951/4252 2015/1433/1204
f 2015/1433/1204 1155/1951/4252 730/1500/4254
f 1935/1431/1202 375/2336/4256 2013/2561/4255
f 1935/1431/1202 2013/2561/4255 999/1430/1201
f 999/1430/1201 2013/2561/4255 733/927/4257
f 1699/1425/1198 595/187/4259 1326/2145/4258
f 1699/1425/1198 1326/2145/4258 1701/1427/1197
f 1701/1427/1197 1326/2145/4258 600/2338/3357
f 1699/1425/1195 117/1426/4261 1700/2143/4260
f 1699/1425/1195 1700/2143/4260 1325/1424/1194
f 1325/1424/1194 1700/2143/4260 677/1236/3360
f 2011/1423/1192 618/1491/4263 2166/2144/4262
f 2011/1423/1192 2166/2144/4262 2012/1422/1191
f 2012/1422/1191 2166/2144/4262 616/2339/4264
f 2163/1415/1182 683/2454/4266 1293/1012/4265
f 2163/1415/1182 1293/1012/4265 2164/1414/1181
f 2164/1414/1181 1293/1012/4265 684/1010/4267
f 1697/1406/1172 589/871/4269 1698/2006/4268
f 1697/1406/1172 1698/2006/4268 1154/1405/1171
f 1154/1405/1171 1698/2006/4268 594/2357/4270
f 996/1403/1169 591/1529/4272 2010/2152/4271
f 996/1403/1169 2010/2152/4271 997/1402/1168
f 997/1402/1168 2010/2152/4271 593/2323/3372
f 1151/1401/1167 706/1576/4274 1153/2164/4273
f 1151/1401/1167 1153/2164/4273 1152/1400/1166
f 1152/1400/1166 1153/2164/4273 707/1557/3375
f 1323/1396/1160 147/2277/4276 1324/2543/4275
f 1323/1396/1160 1324/2543/4275 995/1395/1159
f 995/1395/1159 1324/2543/4275 344/1680/4277
f 1503/1392/1156 300/1468/4279 1504/2341/4278
f 1503/1392/1156 1504/2341/4278 2009/1391/1155
f 2009/1391/1155 1504/2341/4278 562/1678/4280
f 1502/1389/1153 692/151/1153 881/152/1153
f 1502/1389/1153 881/152/1153 994/1388/1153
f 994/1388/1153 881/152/1153 369/149/1153
f 1694/1384/1148 553/1624/4282 993/2175/4281
f 1694/1384/1148 993/2175/4281 1695/1383/1147
f 1695/1383/1147 993/2175/4281 556/2176/4283
f 2007/1380/1142 737/783/1142 2146/2570/1142
f 2007/1380/1142 2146/2570/1142 2008/1379/1142
f 2008/1379/1142 2146/2570/1142 736/2363/1142
f 1839/1376/1140 808/2246/1138 2006/2534/4284
f 1839/1376/1140 2006/2534/4284 2005/1375/1139
f 2005/1375/1139 2006/2534/4284 567/2365/1138
f 2098/1373/1136 761/2531/1137 2161/1765/1137
f 2098/1373/1136 2161/1765/1137 2160/1372/1137
f 2160/1372/1137 2161/1765/1137 200/1763/1137
f 991/1364/1129 549/1611/4286 1692/2173/4285
f 991/1364/1129 1692/2173/4285 992/1363/1128
f 992/1363/1128 1692/2173/4285 551/2299/3387
f 1499/1361/1126 733/927/4288 1501/2019/4287
f 1499/1361/1126 1501/2019/4287 1500/1360/1125
f 1500/1360/1125 1501/2019/4287 308/1191/4289
f 2158/1356/1122 565/1743/1122 1691/2212/1122
f 2158/1356/1122 1691/2212/1122 2159/1355/1122
f 2159/1355/1122 1691/2212/1122 569/2244/1122
f 1690/1351/1120 165/2434/4291 1631/838/4290
f 1690/1351/1120 1631/838/4290 2003/1350/1119
f 2003/1350/1119 1631/838/4290 541/836/4292
f 2002/1348/1116 716/310/1116 2157/1893/1116
f 2002/1348/1116 2157/1893/1116 2156/1347/1116
f 2156/1347/1116 2157/1893/1116 192/1354/1116
f 1420/324/1115 306/322/4294 1149/2494/4293
f 1420/324/1115 1149/2494/4293 1498/1345/1114
f 1498/1345/1114 1149/2494/4293 690/1023/4295
f 989/1344/1111 345/2309/4297 990/2554/4296
f 989/1344/1111 990/2554/4296 1497/1343/1110
f 1497/1343/1110 990/2554/4296 536/2287/4298
f 1838/1336/1104 710/2308/1104 1418/292/1104
f 1838/1336/1104 1418/292/1104 1496/1335/1104
f 1496/1335/1104 1418/292/1104 92/290/1104
f 988/1333/1098 761/2531/1098 1257/641/1098
f 988/1333/1098 1257/641/1098 1322/1332/1098
f 1322/1332/1098 1257/641/1098 163/639/1098
f 1925/1328/1094 689/2378/4300 987/2377/4299
f 1925/1328/1094 987/2377/4299 1999/1327/1093
f 1999/1327/1093 987/2377/4299 690/1023/4301
f 2154/1325/1091 571/1728/4302 1321/2209/4302
f 2154/1325/1091 1321/2209/4302 2155/1324/1090
f 2155/1324/1090 1321/2209/4302 576/2250/4302
f 1688/1317/1082 646/1697/4304 1248/2571/4303
f 1688/1317/1082 1248/2571/4303 1689/1316/1081
f 1689/1316/1081 1248/2571/4303 643/2315/4305
f 1320/1314/1079 651/1318/4307 1687/2572/4306
f 1320/1314/1079 1687/2572/4306 1686/1313/1078
f 1686/1313/1078 1687/2572/4306 253/2383/4308
f 2153/1312/1076 648/1552/4310 1997/2573/4309
f 2153/1312/1076 1997/2573/4309 1996/1311/1075
f 1996/1311/1075 1997/2573/4309 407/2385/4311
f 1478/967/1073 644/965/4313 1995/2574/4312
f 1478/967/1073 1995/2574/4312 1994/1309/1072
f 1994/1309/1072 1995/2574/4312 399/988/4314
f 1148/1305/1068 644/965/4316 1495/2028/4315
f 1148/1305/1068 1495/2028/4315 1494/1304/1067
f 1494/1304/1067 1495/2028/4315 316/2314/4317
f 885/192/1055 649/190/4319 960/996/4318
f 885/192/1055 960/996/4318 983/1292/1054
f 983/1292/1054 960/996/4318 529/994/4320
f 1146/1291/1051 532/2312/4322 1436/463/4321
f 1146/1291/1051 1436/463/4321 1147/1290/1050
f 1147/1290/1050 1436/463/4321 653/461/4323
f 1144/1288/1047 344/1680/4325 2075/280/4324
f 1144/1288/1047 2075/280/4324 1145/1287/1046
f 1145/1287/1046 2075/280/4324 518/278/4326
f 1836/1285/1044 518/278/3425 1620/680/4327
f 1836/1285/1044 1620/680/4327 1837/1284/1043
f 1837/1284/1043 1620/680/4327 517/678/4328
f 1318/1282/1041 140/1712/4330 1493/2205/4329
f 1318/1282/1041 1493/2205/4329 1319/1281/1040
f 1319/1281/1040 1493/2205/4329 521/1709/4331
f 1684/1279/1038 293/2391/4333 1685/2390/4332
f 1684/1279/1038 1685/2390/4332 1143/1278/1037
f 1143/1278/1037 1685/2390/4332 517/678/4334
f 1141/1276/1035 378/1277/4336 1142/2091/4335
f 1141/1276/1035 1142/2091/4335 1683/1275/1034
f 1683/1275/1034 1142/2091/4335 519/789/4337
f 1993/1274/1032 519/789/4339 982/1989/4338
f 1993/1274/1032 982/1989/4338 981/1273/1031
f 981/1273/1031 982/1989/4338 353/2393/4340
f 1891/1269/1026 495/1112/4342 1140/2062/4341
f 1891/1269/1026 1140/2062/4341 1139/1268/1025
f 1139/1268/1025 1140/2062/4341 82/1560/4343
f 2151/1265/1022 449/2500/4345 980/2575/4344
f 2151/1265/1022 980/2575/4344 2152/1264/1021
f 2152/1264/1021 980/2575/4344 463/2395/4346
f 1316/1257/1016 726/930/4348 1835/1510/4347
f 1316/1257/1016 1835/1510/4347 1317/1256/1015
f 1317/1256/1015 1835/1510/4347 741/621/3448
f 1991/1254/1013 455/2416/4350 1830/2576/4349
f 1991/1254/1013 1830/2576/4349 1834/1253/1012
f 1834/1253/1012 1830/2576/4349 166/1462/4351
f 1682/1245/1006 510/2490/4353 1084/2577/4352
f 1682/1245/1006 1084/2577/4352 1138/1244/1005
f 1138/1244/1005 1084/2577/4352 218/305/4354
f 1989/1243/1003 167/1167/1003 1990/2072/1003
f 1989/1243/1003 1990/2072/1003 2150/1242/1003
f 2150/1242/1003 1990/2072/1003 454/2397/1003
f 1681/1238/998 678/730/4356 1833/1975/4355
f 1681/1238/998 1833/1975/4355 1832/1237/997
f 1832/1237/997 1833/1975/4355 326/2398/4357
f 978/1232/992 489/2359/3373 1680/2578/4358
f 978/1232/992 1680/2578/4358 979/1231/991
f 979/1231/991 1680/2578/4358 485/2400/4359
f 2148/1225/983 256/2456/4361 2149/1449/4360
f 2148/1225/983 2149/1449/4360 977/1224/982
f 977/1224/982 2149/1449/4360 502/1447/4362
f 1487/1143/979 734/1141/4364 1679/2171/4363
f 1487/1143/979 1679/2171/4363 1678/1222/978
f 1678/1222/978 1679/2171/4363 549/1611/4365
f 1676/1216/974 784/2465/4367 2100/2579/4366
f 1676/1216/974 2100/2579/4366 1677/1215/973
f 1677/1215/973 2100/2579/4366 786/2291/4368
f 926/1213/970 736/2363/969 2146/2570/970
f 926/1213/970 2146/2570/970 976/1212/970
f 976/1212/970 2146/2570/970 737/783/970
f 1638/1209/967 775/1466/4370 1987/2565/4369
f 1638/1209/967 1987/2565/4369 1675/1208/966
f 1675/1208/966 1987/2565/4369 777/1662/4371
f 1672/1207/964 677/1236/4373 1674/2083/4372
f 1672/1207/964 1674/2083/4372 1673/1206/963
f 1673/1206/963 1674/2083/4372 301/340/3476
f 1070/1204/961 739/2532/961 1265/703/961
f 1070/1204/961 1265/703/961 1137/1203/961
f 1137/1203/961 1265/703/961 723/701/961
f 1490/1201/960 252/630/4375 1491/2563/4374
f 1490/1201/960 1491/2563/4374 2145/1200/959
f 2145/1200/959 1491/2563/4374 420/2407/4376
f 2144/1198/957 718/954/4378 1986/2027/4377
f 2144/1198/957 1986/2027/4377 1985/1197/956
f 1985/1197/956 1986/2027/4377 631/1066/4379
f 1134/1195/953 202/2320/3265 1136/2319/3263
f 1134/1195/953 1136/2319/3263 1135/1194/952
f 1135/1194/952 1136/2319/3263 406/1283/3264
f 1669/1185/943 749/525/4381 1671/1933/4380
f 1669/1185/943 1671/1933/4380 1670/1184/942
f 1670/1184/942 1671/1933/4380 764/2330/4382
f 1131/1181/939 306/322/4384 1132/1895/4383
f 1131/1181/939 1132/1895/4383 2143/1180/938
f 2143/1180/938 1132/1895/4383 432/2409/4385
f 1489/1179/936 701/307/4387 2142/1892/4386
f 1489/1179/936 2142/1892/4386 2141/1178/935
f 2141/1178/935 2142/1892/4386 136/2411/4388
f 1786/1176/933 422/2492/4390 1777/2580/4389
f 1786/1176/933 1777/2580/4389 1831/1175/932
f 1831/1175/932 1777/2580/4389 326/2398/4391
f 1981/1174/929 727/656/4393 1812/932/4392
f 1981/1174/929 1812/932/4392 1982/1173/928
f 1982/1173/928 1812/932/4392 726/930/4394
f 1314/1169/925 107/1164/925 1315/2071/925
f 1314/1169/925 1315/2071/925 1980/1168/925
f 1980/1168/925 1315/2071/925 457/2414/925
f 1312/1166/924 166/1462/4396 1830/2576/4395
f 1312/1166/924 1830/2576/4395 1313/1165/923
f 1313/1165/923 1830/2576/4395 455/2416/4397
f 972/1159/918 707/1557/4399 2140/2159/4398
f 972/1159/918 2140/2159/4398 973/1158/917
f 973/1158/917 2140/2159/4398 704/1196/4400
f 1488/1146/910 817/162/910 1130/1759/910
f 1488/1146/910 1130/1759/910 1129/1145/910
f 1129/1145/910 1130/1759/910 738/1757/910
f 1487/1143/909 732/1221/4402 1978/2111/4401
f 1487/1143/909 1978/2111/4401 1977/1142/908
f 1977/1142/908 1978/2111/4401 295/302/4403
f 1975/1138/902 757/2340/4405 1668/2564/4404
f 1975/1138/902 1668/2564/4404 1976/1137/901
f 1976/1137/901 1668/2564/4404 749/525/4406
f 971/1130/896 273/1211/3977 1128/2079/4407
f 971/1130/896 1128/2079/4407 1127/1129/895
f 1127/1129/895 1128/2079/4407 178/2404/4407
f 970/1127/893 153/753/4408 2084/354/224
f 970/1127/893 2084/354/224 2138/1126/893
f 2138/1126/893 2084/354/224 88/352/224
f 1667/1124/892 685/1593/4410 1974/2168/4409
f 1667/1124/892 1974/2168/4409 1973/1123/891
f 1973/1123/891 1974/2168/4409 399/2304/4411
f 1125/1122/889 74/168/4413 1126/1871/4412
f 1125/1122/889 1126/1871/4412 1666/1121/888
f 1666/1121/888 1126/1871/4412 77/486/3520
f 1309/1120/886 227/876/4415 1311/2007/4414
f 1309/1120/886 1311/2007/4414 1310/1119/885
f 1310/1119/885 1311/2007/4414 139/1280/4416
f 1123/1117/882 395/1036/4418 1665/2044/4417
f 1123/1117/882 1665/2044/4417 1124/1116/881
f 1124/1116/881 1665/2044/4417 373/921/3526
f 1901/1114/878 570/2366/878 1972/2364/878
f 1901/1114/878 1972/2364/878 1971/1113/878
f 1971/1113/878 1972/2364/878 567/2365/878
f 1827/1111/877 373/921/2286 1664/2017/2287
f 1827/1111/877 1664/2017/2287 1828/1110/876
f 1828/1110/876 1664/2017/2287 374/1079/3656
f 1440/1108/874 244/1655/4420 1486/2184/4419
f 1440/1108/874 1486/2184/4419 1308/1107/873
f 1308/1107/873 1486/2184/4419 715/1569/4421
f 1825/1105/870 222/1082/4423 1826/2054/4422
f 1825/1105/870 1826/2054/4422 2137/1104/869
f 2137/1104/869 1826/2054/4422 787/2279/4424
f 2136/1102/866 176/2430/4426 2089/2581/4425
f 2136/1102/866 2089/2581/4425 1663/1101/865
f 1663/1101/865 2089/2581/4425 789/2294/4427
f 1662/1097/859 245/2376/4429 2135/2375/4428
f 1662/1097/859 2135/2375/4428 2134/1096/858
f 2134/1096/858 2135/2375/4428 192/1354/4430
f 1122/1095/856 314/1193/4432 1661/2075/4431
f 1122/1095/856 1661/2075/4431 1660/1094/855
f 1660/1094/855 1661/2075/4431 293/2391/4433
f 2132/1092/851 381/1718/4435 1659/2207/4434
f 2132/1092/851 1659/2207/4434 2133/1091/850
f 2133/1091/850 1659/2207/4434 357/1715/4436
f 1121/1089/848 90/911/4437 1112/1001/753
f 1121/1089/848 1112/1001/753 1307/1088/847
f 1307/1088/847 1112/1001/753 342/822/751
f 969/1087/845 465/895/845 1970/2011/845
f 969/1087/845 1970/2011/845 1969/1086/845
f 1969/1086/845 1970/2011/845 151/2420/845
f 1657/1084/844 221/457/4439 1658/1921/4438
f 1657/1084/844 1658/1921/4438 1824/1083/843
f 1824/1083/843 1658/1921/4438 260/2275/4440
f 1484/1081/841 228/1118/4442 1485/2064/4441
f 1484/1081/841 1485/2064/4441 968/1080/840
f 968/1080/840 1485/2064/4441 353/2393/4443
f 1424/1078/838 477/1885/4445 967/1886/4444
f 1424/1078/838 967/1886/4444 966/1077/837
f 966/1077/837 967/1886/4444 73/272/3556
f 1968/1076/835 535/709/4447 1120/1969/4446
f 1968/1076/835 1120/1969/4446 1119/1075/834
f 1119/1075/834 1120/1969/4446 162/1399/4448
f 1965/1073/832 87/756/4450 1967/1981/4449
f 1965/1073/832 1967/1981/4449 1966/1072/831
f 1966/1072/831 1967/1981/4449 231/1004/3562
f 1306/1070/829 171/924/4452 1964/2018/4451
f 1306/1070/829 1964/2018/4451 1963/1069/828
f 1963/1069/828 1964/2018/4451 95/2426/4453
f 1655/1068/826 85/319/4455 1656/1894/4454
f 1655/1068/826 1656/1894/4454 1483/1067/825
f 1483/1067/825 1656/1894/4454 492/2428/4456
f 1117/1065/823 223/1628/2931 1962/2177/2932
f 1117/1065/823 1962/2177/2932 1118/1064/822
f 1118/1064/822 1962/2177/2932 376/976/3206
f 1304/1057/818 231/1004/4458 1961/2037/4457
f 1304/1057/818 1961/2037/4457 1305/1056/817
f 1305/1056/817 1961/2037/4457 322/1115/4459
f 1302/1053/812 376/976/4461 1654/2031/4460
f 1302/1053/812 1654/2031/4460 1303/1052/811
f 1303/1052/811 1654/2031/4460 341/949/4462
f 1958/1050/809 359/2268/4464 1960/2269/4463
f 1958/1050/809 1960/2269/4463 1959/1049/808
f 1959/1049/808 1960/2269/4463 381/1718/4465
f 1115/1040/801 243/889/2264 1301/2009/2265
f 1115/1040/801 1301/2009/2265 1116/1039/800
f 1116/1039/800 1301/2009/2265 360/1103/3673
f 1822/1038/798 78/174/1795 1823/1873/1796
f 1822/1038/798 1823/1873/1796 964/1037/797
f 964/1037/797 1823/1873/1796 81/592/3584
f 1299/1035/795 778/1474/795 1821/1482/795
f 1299/1035/795 1821/1482/795 1300/1034/795
f 1300/1034/795 1821/1482/795 774/1480/795
f 1482/1033/794 386/1071/4467 1298/2051/4466
f 1482/1033/794 1298/2051/4466 1297/1032/793
f 1297/1032/793 1298/2051/4466 75/1055/4468
f 1820/1030/790 457/2482/790 1247/2582/790
f 1820/1030/790 1247/2582/790 1296/1029/790
f 1296/1029/790 1247/2582/790 131/2342/790
f 1081/1025/782 691/1721/4469 1295/2208/4469
f 1081/1025/782 1295/2208/4469 1294/1024/781
f 1294/1024/781 1295/2208/4469 571/1728/4469
f 1956/1022/779 374/1079/2426 2130/2053/2427
f 1956/1022/779 2130/2053/2427 1957/1021/778
f 1957/1021/778 2130/2053/2427 352/2423/3554
f 1293/1012/765 683/2454/4471 1633/2583/4470
f 1293/1012/765 1633/2583/4470 1653/1011/764
f 1653/1011/764 1633/2583/4470 165/2434/4472
f 1818/1009/762 70/917/4474 1819/2016/4473
f 1818/1009/762 1819/2016/4473 1481/1008/761
f 1481/1008/761 1819/2016/4473 108/419/4475
f 1954/1006/759 309/991/4477 1652/2035/4476
f 1954/1006/759 1652/2035/4476 1955/1005/758
f 1955/1005/758 1652/2035/4476 395/1036/4478
f 962/1003/756 501/516/4480 1114/2584/4479
f 962/1003/756 1114/2584/4479 963/1002/755
f 963/1002/755 1114/2584/4479 498/1385/4481
f 1112/1001/753 90/911/4437 1113/2014/4482
f 1112/1001/753 1113/2014/4482 1817/1000/752
f 1817/1000/752 1113/2014/4482 366/982/4482
f 961/999/750 337/833/750 2129/1999/750
f 961/999/750 2129/1999/750 2128/998/750
f 2128/998/750 2129/1999/750 296/2260/750
f 1651/993/747 342/822/4484 1816/1996/4483
f 1651/993/747 1816/1996/4483 1815/992/746
f 1815/992/746 1816/1996/4483 78/174/3605
f 1952/990/744 650/2389/3225 1111/2388/4485
f 1952/990/744 1111/2388/4485 1953/989/743
f 1953/989/743 1111/2388/4485 653/461/4486
f 1951/984/737 351/997/737 959/2036/737
f 1951/984/737 959/2036/737 958/983/737
f 958/983/737 959/2036/737 297/2262/737
f 1291/978/735 211/651/2086 1292/1956/2087
f 1291/978/735 1292/1956/2087 2127/977/734
f 2127/977/734 1292/1956/2087 389/530/3799
f 1290/975/732 654/2273/4488 1480/1692/4487
f 1290/975/732 1480/1692/4487 1479/974/731
f 1479/974/731 1480/1692/4487 284/1690/4489
f 1950/970/725 366/982/3603 2126/2033/4490
f 1950/970/725 2126/2033/4490 2125/969/724
f 2125/969/724 2126/2033/4490 304/2264/4490
f 1478/967/722 645/1308/4492 1650/2541/4491
f 1478/967/722 1650/2541/4491 1649/966/721
f 1649/966/721 1650/2541/4491 533/1315/4493
f 1477/964/719 364/1031/4495 1110/2043/4494
f 1477/964/719 1110/2043/4494 1109/963/718
f 1109/963/718 1110/2043/4494 74/168/4496
f 1948/961/716 388/1093/4498 1108/2058/4497
f 1948/961/716 1108/2058/4497 1949/960/715
f 1949/960/715 1108/2058/4497 378/1277/4499
f 1476/956/712 700/1177/4501 1648/2074/4500
f 1476/956/712 1648/2074/4500 1647/955/711
f 1647/955/711 1648/2074/4500 85/319/4502
f 1645/951/705 389/530/4504 1107/1934/4503
f 1645/951/705 1107/1934/4503 1646/950/704
f 1646/950/704 1107/1934/4503 386/1071/3629
f 1598/345/702 237/343/4506 1635/2585/4505
f 1598/345/702 1635/2585/4505 957/948/701
f 957/948/701 1635/2585/4505 433/1045/4507
f 1101/945/695 258/2307/4509 1106/2553/4508
f 1101/945/695 1106/2553/4508 956/944/694
f 956/944/694 1106/2553/4508 345/2309/3634
f 1814/939/691 294/1706/4511 2124/2203/4510
f 1814/939/691 2124/2203/4510 2123/938/690
f 2123/938/690 2124/2203/4510 248/2258/4512
f 1474/936/688 774/1480/4514 1813/2566/4513
f 1474/936/688 1813/2566/4513 1475/935/687
f 1475/935/687 1813/2566/4513 782/2317/4515
f 1812/932/684 727/656/4517 1946/1957/4516
f 1812/932/684 1946/1957/4516 1945/931/683
f 1945/931/683 1946/1957/4516 391/2425/4518
f 1105/929/680 730/1500/4520 1289/2470/4519
f 1105/929/680 1289/2470/4519 1288/928/679
f 1288/928/679 1289/2470/4519 603/2442/4521
f 1103/926/677 170/1063/4523 1104/2048/4522
f 1103/926/677 1104/2048/4522 1287/925/676
f 1287/925/676 1104/2048/4522 259/1051/4524
f 954/923/674 81/592/4526 955/1945/4525
f 954/923/674 955/1945/4525 1473/922/673
f 1473/922/673 955/1945/4525 228/1118/4527
f 1810/919/670 757/2340/4529 1644/2466/4528
f 1810/919/670 1644/2466/4528 1811/918/669
f 1811/918/669 1644/2466/4528 758/2444/4530
f 952/916/666 736/2363/666 1918/658/4531
f 952/916/666 1918/658/4531 953/915/667
f 953/915/667 1918/658/4531 727/656/4532
f 950/913/665 89/858/3976 951/2004/4533
f 950/913/665 951/2004/4533 1102/912/664
f 1102/912/664 951/2004/4533 351/997/3664
f 1642/907/655 341/949/703 1643/2026/2314
f 1642/907/655 1643/2026/2314 1472/906/654
f 1472/906/654 1643/2026/2314 364/1031/3630
f 1471/905/652 812/1144/652 1286/2070/652
f 1471/905/652 1286/2070/652 1285/904/652
f 1285/904/652 1286/2070/652 579/470/652
f 1809/902/651 615/2562/4535 1284/2586/4534
f 1809/902/651 1284/2586/4534 1283/901/650
f 1283/901/650 1284/2586/4534 419/183/4536
f 1641/897/647 437/476/1965 2122/1926/1966
f 1641/897/647 2122/1926/1966 2121/896/646
f 2121/896/646 2122/1926/1966 336/2448/3883
f 1470/894/645 188/1441/4538 1640/2127/4537
f 1470/894/645 1640/2127/4537 1639/893/644
f 1639/893/644 1640/2127/4537 149/1382/4539
f 1943/891/642 175/577/4541 1944/1942/4540
f 1943/891/642 1944/1942/4540 1808/890/641
f 1808/890/641 1944/1942/4540 222/1082/4542
f 1937/887/638 343/968/4543 949/2029/4543
f 1937/887/638 949/2029/4543 1942/886/637
f 1942/886/637 949/2029/4543 305/2266/4544
f 1411/258/635 449/256/4546 893/2587/4545
f 1411/258/635 893/2587/4545 1469/884/634
f 1469/884/634 893/2587/4545 452/2449/4547
f 1282/881/631 775/1466/4549 1638/1209/4548
f 1282/881/631 1638/1209/4548 1637/880/630
f 1637/880/630 1638/1209/4548 325/737/4550
f 1281/878/628 357/1715/4552 1468/2206/4551
f 1281/878/628 1468/2206/4551 1467/877/627
f 1467/877/627 1468/2206/4551 140/1712/4553
f 1100/873/624 258/2307/4555 1101/945/4554
f 1100/873/624 1101/945/4554 2120/872/623
f 2120/872/623 1101/945/4554 488/943/4556
f 1249/511/621 339/508/4558 1280/2157/4557
f 1249/511/621 1280/2157/4557 2119/870/620
f 2119/870/620 1280/2157/4557 772/2318/4559
f 947/860/613 152/845/613 2117/2001/613
f 947/860/613 2117/2001/613 948/859/613
f 948/859/613 2117/2001/613 337/833/613
f 1940/853/610 599/1421/4561 1636/2123/4560
f 1940/853/610 1636/2123/4560 1941/852/609
f 1941/852/609 1636/2123/4560 597/1454/4562
f 945/850/607 433/1045/4564 1635/2585/4563
f 945/850/607 1635/2585/4563 1634/849/606
f 1634/849/606 1635/2585/4563 237/343/4565
f 1938/847/603 151/2420/603 1939/2447/603
f 1938/847/603 1939/2447/603 2116/846/603
f 2116/846/603 1939/2447/603 336/2448/603
f 1807/844/602 150/2421/602 1798/755/602
f 1807/844/602 1798/755/602 944/843/602
f 944/843/602 1798/755/602 153/753/602
f 1279/841/601 491/2497/4567 2080/2588/4566
f 1279/841/601 2080/2588/4566 2115/840/600
f 2115/840/600 2080/2588/4566 136/2411/4568
f 1631/838/598 165/2434/4570 1633/2583/4569
f 1631/838/598 1633/2583/4569 1632/837/597
f 1632/837/597 1633/2583/4569 683/2454/4571
f 2114/835/595 336/2448/595 1806/2483/595
f 2114/835/595 1806/2483/595 1805/834/595
f 1805/834/595 1806/2483/595 278/478/595
f 1277/832/594 764/2330/4573 1466/2558/4572
f 1277/832/594 1466/2558/4572 1278/831/593
f 1278/831/593 1466/2558/4572 748/2455/4574
f 906/829/591 754/411/4576 1098/2569/4575
f 906/829/591 1098/2569/4575 943/828/590
f 943/828/590 1098/2569/4575 755/615/4577
f 1804/824/587 343/968/4579 1937/887/4578
f 1804/824/587 1937/887/4578 1936/823/586
f 1936/823/586 1937/887/4578 79/885/3711
f 1630/818/582 237/343/4581 942/1900/4580
f 1630/818/582 942/1900/4580 941/817/581
f 941/817/581 942/1900/4580 225/2271/4582
f 1272/794/576 523/792/2333 1276/2030/2334
f 1272/794/576 1276/2030/2334 1275/808/575
f 1275/808/575 1276/2030/2334 283/2437/3615
f 1801/803/570 88/352/570 2071/201/570
f 1801/803/570 2071/201/570 1802/802/569
f 1802/802/569 2071/201/570 91/199/3720
f 2113/800/567 528/724/4584 1274/1973/4583
f 2113/800/567 1274/1973/4583 1273/799/566
f 1273/799/566 1274/1973/4583 283/2437/4585
f 1096/797/564 178/2404/564 1097/2459/564
f 1096/797/564 1097/2459/564 2112/796/564
f 2112/796/564 1097/2459/564 577/1754/564
f 1272/794/563 524/807/4587 2111/2065/4586
f 1272/794/563 2111/2065/4586 2110/793/562
f 2110/793/562 2111/2065/4586 272/692/4588
f 1629/791/560 517/678/4590 2109/1961/4589
f 1629/791/560 2109/1961/4589 2108/790/559
f 2108/790/559 2109/1961/4589 352/2423/4591
f 1913/788/557 375/2336/4593 1935/1431/4592
f 1913/788/557 1935/1431/4592 940/787/556
f 940/787/556 1935/1431/4592 393/1362/4594
f 909/785/554 738/1757/554 939/2214/554
f 909/785/554 939/2214/554 938/784/554
f 938/784/554 939/2214/554 577/1754/554
f 936/782/553 190/1109/4596 1800/2061/4595
f 936/782/553 1800/2061/4595 937/781/552
f 937/781/552 1800/2061/4595 191/1020/3735
f 1934/779/550 383/1378/550 935/2116/549
f 1934/779/550 935/2116/549 934/778/549
f 934/778/549 935/2116/549 321/914/549
f 933/776/545 609/533/4598 2107/1935/4597
f 933/776/545 2107/1935/4597 2106/775/544
f 2106/775/544 2107/1935/4597 208/1522/3739
f 1270/765/538 435/580/4600 1932/1943/4599
f 1270/765/538 1932/1943/4599 1931/764/537
f 1931/764/537 1932/1943/4599 223/1628/4601
f 1929/758/533 91/199/4603 1269/2056/4602
f 1929/758/533 1269/2056/4602 1930/757/532
f 1930/757/532 1269/2056/4602 309/991/3745
f 1798/755/530 150/2421/530 1799/2419/530
f 1798/755/530 1799/2419/530 1928/754/530
f 1928/754/530 1799/2419/530 151/2420/530
f 1267/745/523 291/2351/4605 1628/2433/4604
f 1267/745/523 1628/2433/4604 1627/744/522
f 1627/744/522 1628/2433/4604 165/2434/4606
f 1923/726/519 528/724/4608 1915/2589/4607
f 1923/726/519 1915/2589/4607 1927/740/518
f 1927/740/518 1915/2589/4607 95/2426/4609
f 1926/735/515 327/2306/4611 1893/378/4610
f 1926/735/515 1893/378/4610 1266/734/514
f 1266/734/514 1893/378/4610 490/376/4612
f 1779/732/512 689/2378/4614 1925/1328/4613
f 1779/732/512 1925/1328/4613 1924/731/511
f 1924/731/511 1925/1328/4613 279/1326/4615
f 1095/729/509 434/265/4616 1464/1884/4616
f 1095/729/509 1464/1884/4616 1463/728/508
f 1463/728/508 1464/1884/4616 220/842/4616
f 1923/726/506 527/739/4618 1462/2013/4617
f 1923/726/506 1462/2013/4617 1461/725/505
f 1461/725/505 1462/2013/4617 292/962/4619
f 1625/721/502 826/1331/502 2105/1762/502
f 1625/721/502 2105/1762/502 2104/720/502
f 2104/720/502 2105/1762/502 760/1760/502
f 2103/714/494 521/1709/4621 1797/2204/4620
f 2103/714/494 1797/2204/4620 1796/713/493
f 1796/713/493 1797/2204/4620 294/1706/4622
f 1921/711/491 715/1569/4624 1094/2163/4623
f 1921/711/491 1094/2163/4623 1922/710/490
f 1922/710/490 1094/2163/4623 706/1576/4625
f 1089/669/488 242/667/4627 2102/2045/4626
f 1089/669/488 2102/2045/4626 2101/708/487
f 2101/708/487 2102/2045/4626 176/2430/4628
f 1459/706/485 132/2344/485 1460/2343/485
f 1459/706/485 1460/2343/485 1795/705/485
f 1795/705/485 1460/2343/485 238/1483/485
f 1265/703/484 739/2532/484 932/1749/484
f 1265/703/484 932/1749/484 931/702/484
f 931/702/484 932/1749/484 137/1747/484
f 1093/700/483 554/193/4630 930/2488/4629
f 1093/700/483 930/2488/4629 929/699/482
f 929/699/482 930/2488/4629 329/827/4631
f 1264/697/480 627/830/4186 1458/1998/4632
f 1264/697/480 1458/1998/4632 1457/696/479
f 1457/696/479 1458/1998/4632 164/633/4633
f 1623/694/477 77/486/1974 1624/1929/1975
f 1623/694/477 1624/1929/1975 1920/693/476
f 1920/693/476 1624/1929/1975 175/577/3875
f 927/688/472 786/2291/4635 2100/2579/4634
f 927/688/472 2100/2579/4634 928/687/471
f 928/687/471 2100/2579/4634 784/2465/4636
f 1456/685/469 436/763/4638 1092/1982/4637
f 1456/685/469 1092/1982/4637 1091/684/468
f 1091/684/468 1092/1982/4637 170/1063/4639
f 1620/680/465 518/278/1848 1622/1887/1849
f 1620/680/465 1622/1887/1849 1621/679/464
f 1621/679/464 1622/1887/1849 397/2432/3965
f 1889/231/461 205/229/4641 1619/2504/4640
f 1889/231/461 1619/2504/4640 1919/673/460
f 1919/673/460 1619/2504/4640 758/2444/4642
f 1089/669/457 647/707/4073 1618/1687/1523
f 1089/669/457 1618/1687/1523 1090/668/456
f 1090/668/456 1618/1687/1523 261/1685/1521
f 2099/661/452 802/1387/452 1262/1723/452
f 2099/661/452 1262/1723/452 1261/660/452
f 1261/660/452 1262/1723/452 691/1721/452
f 1918/658/451 736/2363/4644 926/1213/4643
f 1918/658/451 926/1213/4643 925/657/450
f 925/657/450 926/1213/4643 273/1211/4645
f 923/655/448 421/349/4647 1617/2590/4646
f 923/655/448 1617/2590/4646 924/654/447
f 924/654/447 1617/2590/4646 424/1418/4648
f 1260/653/444 347/1125/2475 1794/2067/2476
f 1260/653/444 1794/2067/2476 1793/652/443
f 1793/652/443 1794/2067/2476 86/801/3515
f 1791/650/442 685/1593/4650 1259/2453/4649
f 1791/650/442 1259/2453/4649 1792/649/441
f 1792/649/441 1259/2453/4649 683/2454/4651
f 1615/643/437 261/1685/4653 1616/2194/4652
f 1615/643/437 1616/2194/4652 1790/642/436
f 1790/642/436 1616/2194/4652 654/2273/4654
f 1257/641/434 761/2531/434 2098/1373/434
f 1257/641/434 2098/1373/434 1258/640/434
f 1258/640/434 2098/1373/434 744/1371/434
f 1454/635/429 607/441/3335 1917/2349/3333
f 1454/635/429 1917/2349/3333 1455/634/428
f 1455/634/428 1917/2349/3333 611/2350/3334
f 1451/632/426 684/1010/4656 1453/2568/4655
f 1451/632/426 1453/2568/4655 1452/631/425
f 1452/631/425 1453/2568/4655 694/2348/4657
f 1916/629/423 255/1487/4659 1789/2142/4658
f 1916/629/423 1789/2142/4658 1788/628/422
f 1788/628/422 1789/2142/4658 70/917/4660
f 1914/626/420 95/2426/3564 1915/2589/4661
f 1914/626/420 1915/2589/4661 2097/625/419
f 2097/625/419 1915/2589/4661 528/724/4662
f 1254/623/417 619/274/3292 1256/2560/4663
f 1254/623/417 1256/2560/4663 1255/622/416
f 1255/622/416 1256/2560/4663 603/2442/4664
f 2087/617/412 752/2334/4666 911/535/4665
f 2087/617/412 911/535/4665 922/616/411
f 922/616/411 911/535/4665 609/533/3822
f 1912/614/409 375/2336/4668 1913/788/4667
f 1912/614/409 1913/788/4667 921/613/408
f 921/613/408 1913/788/4667 473/786/3825
f 919/609/405 321/914/4670 920/2015/4669
f 919/609/405 920/2015/4669 1911/608/404
f 1911/608/404 920/2015/4669 367/1172/4671
f 1449/601/396 322/1115/4673 1787/2063/4672
f 1449/601/396 1787/2063/4672 1450/600/395
f 1450/600/395 1787/2063/4672 190/1109/4674
f 2095/594/391 80/1090/4676 2096/2057/4675
f 2095/594/391 2096/2057/4675 918/593/390
f 918/593/390 2096/2057/4675 227/876/4677
f 1252/582/385 440/727/4679 2093/1974/4678
f 1252/582/385 2093/1974/4678 2092/581/384
f 2092/581/384 2093/1974/4678 184/232/3837
f 916/579/382 169/780/4681 917/1986/4680
f 916/579/382 917/1986/4680 1910/578/381
f 1910/578/381 917/1986/4680 221/457/3840
f 1908/576/379 365/1183/1311 1613/2148/2818
f 1908/576/379 1613/2148/2818 1909/575/378
f 1909/575/378 1613/2148/2818 503/2333/3286
f 915/564/372 625/2331/3284 1904/2591/4682
f 915/564/372 1904/2591/4682 1907/563/371
f 1907/563/371 1904/2591/4682 255/1487/4683
f 1612/551/363 821/719/363 914/1972/363
f 1612/551/363 914/1972/363 913/550/363
f 913/550/363 914/1972/363 585/171/363
f 1906/538/353 279/1326/4685 2091/2102/4684
f 1906/538/353 2091/2102/4684 2090/537/352
f 2090/537/352 2091/2102/4684 160/1323/4686
f 911/535/350 752/2334/4688 1448/2559/4687
f 911/535/350 1448/2559/4687 912/534/349
f 912/534/349 1448/2559/4687 748/2455/4689
f 1783/532/346 86/801/568 1784/1992/2195
f 1783/532/346 1784/1992/2195 1905/531/345
f 1905/531/345 1784/1992/2195 87/756/3721
f 1082/372/343 421/370/4691 1599/2592/4690
f 1082/372/343 1599/2592/4690 1088/529/342
f 1088/529/342 1599/2592/4690 467/2478/4692
f 1903/527/340 255/1487/4694 1904/2591/4693
f 1903/527/340 1904/2591/4693 910/526/339
f 910/526/339 1904/2591/4693 625/2331/4695
f 1782/514/332 438/683/4697 1251/1962/4696
f 1782/514/332 1251/1962/4696 1250/513/331
f 1250/513/331 1251/1962/4696 171/924/4698
f 1902/504/327 639/1463/4700 1446/2133/4699
f 1902/504/327 1446/2133/4699 1445/503/326
f 1445/503/326 1446/2133/4699 380/480/4701
f 1609/497/322 790/2292/4703 1087/2290/4702
f 1609/497/322 1087/2290/4702 1610/496/321
f 1610/496/321 1087/2290/4702 786/2291/4704
f 1444/491/318 789/2294/4706 2089/2581/4705
f 1444/491/318 2089/2581/4705 2088/490/317
f 2088/490/317 2089/2581/4705 176/2430/4707
f 1442/488/315 76/599/4709 1443/1946/4708
f 1442/488/315 1443/1946/4708 1607/487/314
f 1607/487/314 1443/1946/4708 169/780/4710
f 1440/485/312 643/2315/4712 1248/2571/4711
f 1440/485/312 1248/2571/4711 1441/484/311
f 1441/484/311 1248/2571/4711 646/1697/4713
f 1246/482/309 131/2342/4714 1247/2582/4714
f 1246/482/309 1247/2582/4714 1439/481/309
f 1439/481/309 1247/2582/4714 457/2482/4714
f 1780/475/306 272/692/4716 1245/1963/4715
f 1780/475/306 1245/1963/4715 1244/474/305
f 1244/474/305 1245/1963/4715 243/889/4717
f 1242/472/303 738/1757/303 909/785/4718
f 1242/472/303 909/785/4718 1243/471/303
f 1243/471/303 909/785/4718 737/783/4718
f 1436/463/299 532/2312/4720 1438/2556/4719
f 1436/463/299 1438/2556/4719 1437/462/298
f 1437/462/298 1438/2556/4719 652/1310/4721
f 1899/459/295 191/1020/4723 1900/2041/4722
f 1899/459/295 1900/2041/4722 1606/458/294
f 1606/458/294 1900/2041/4722 397/2432/4724
f 1432/449/290 689/2378/4726 1779/732/4725
f 1432/449/290 1779/732/4725 1433/448/289
f 1433/448/289 1779/732/4725 678/730/4727
f 1897/443/286 752/2334/4729 2087/617/4728
f 1897/443/286 2087/617/4728 1898/442/285
f 1898/442/285 2087/617/4728 755/615/4730
f 1605/440/283 613/1444/4732 1241/2128/4731
f 1605/440/283 1241/2128/4731 1240/439/282
f 1240/439/282 1241/2128/4731 291/2351/4733
f 1428/427/277 108/419/3599 1430/1913/4734
f 1428/427/277 1430/1913/4734 1429/426/276
f 1429/426/276 1430/1913/4734 583/1769/4735
f 907/424/274 249/1670/4737 908/1922/4736
f 907/424/274 908/1922/4736 1604/423/273
f 1604/423/273 908/1922/4736 586/460/4738
f 1426/421/271 758/2444/4740 1771/2593/4739
f 1426/421/271 1771/2593/4739 1427/420/270
f 1427/420/270 1771/2593/4739 760/1760/4741
f 1086/413/268 754/411/4743 906/829/4742
f 1086/413/268 906/829/4742 905/418/267
f 905/418/267 906/829/4742 329/827/4744
f 1086/413/264 762/417/2926 904/2174/2927
f 1086/413/264 904/2174/2927 903/412/263
f 903/412/263 904/2174/2927 553/1624/3209
f 1417/406/259 475/2595/4746 1239/2594/4745
f 1417/406/259 1239/2594/4745 1425/405/258
f 1425/405/258 1239/2594/4745 478/2439/4747
f 1895/399/252 367/1172/4749 1238/2073/4748
f 1895/399/252 1238/2073/4748 1237/398/251
f 1237/398/251 1238/2073/4748 99/1255/4750
f 900/393/248 289/1394/4752 901/2121/4751
f 900/393/248 901/2121/4751 1085/392/247
f 1085/392/247 901/2121/4751 290/1286/3921
f 1083/386/244 218/305/4754 1084/2577/4753
f 1083/386/244 1084/2577/4753 1235/385/243
f 1235/385/243 1084/2577/4753 510/2490/4755
f 1602/383/241 588/2476/4757 899/2475/4756
f 1602/383/241 899/2475/4756 1603/382/240
f 1603/382/240 899/2475/4756 585/171/4758
f 1893/378/237 327/2306/4760 1894/2552/4759
f 1893/378/237 1894/2552/4759 1778/377/236
f 1778/377/236 1894/2552/4759 390/1526/4761
f 1082/372/233 266/528/4763 1601/1490/4762
f 1082/372/233 1601/1490/4762 1600/371/232
f 1600/371/232 1601/1490/4762 117/1426/4764
f 1232/363/228 819/2240/228 1234/2379/228
f 1232/363/228 1234/2379/228 1233/362/228
f 1233/362/228 1234/2379/228 163/639/228
f 1231/357/226 795/2251/226 898/2360/226
f 1231/357/226 898/2360/226 897/356/226
f 897/356/226 898/2360/226 369/149/226
f 2084/354/224 153/753/4408 2086/1980/225
f 2084/354/224 2086/1980/225 2085/353/225
f 2085/353/225 2086/1980/225 152/845/225
f 1598/345/221 265/947/2418 2083/2050/2419
f 1598/345/221 2083/2050/2419 2082/344/220
f 2082/344/220 2083/2050/2419 96/624/418
f 1596/342/218 326/2398/4766 1777/2580/4765
f 1596/342/218 1777/2580/4765 1597/341/217
f 1597/341/217 1777/2580/4765 422/2492/3940
f 2081/336/214 560/1470/1476 1423/2136/4767
f 2081/336/214 1423/2136/4767 1422/335/213
f 1422/335/213 1423/2136/4767 172/2346/4768
f 894/333/211 777/1662/4770 896/2187/4769
f 894/333/211 896/2187/4769 895/332/210
f 895/332/210 896/2187/4769 289/2282/4771
f 1594/330/208 691/1721/4773 1081/1025/4772
f 1594/330/208 1081/1025/4772 1595/329/207
f 1595/329/207 1081/1025/4772 690/1023/4774
f 1420/324/204 68/447/4776 1421/2477/4775
f 1420/324/204 1421/2477/4775 1080/323/203
f 1080/323/203 1421/2477/4775 467/2478/4777
f 1592/321/201 136/2411/4779 2080/2588/4778
f 1592/321/201 2080/2588/4778 1593/320/200
f 1593/320/200 2080/2588/4778 491/2497/4780
f 1589/312/196 709/1734/196 1591/2210/196
f 1589/312/196 1591/2210/196 1590/311/196
f 1590/311/196 1591/2210/196 565/1743/196
f 1586/309/195 711/1346/4782 1588/2108/4781
f 1586/309/195 1588/2108/4781 1587/308/194
f 1587/308/194 1588/2108/4781 245/2376/4783
f 2077/299/190 280/1199/2533 2079/2077/2534
f 2077/299/190 2079/2077/2534 2078/298/189
f 2078/298/189 2079/2077/2534 416/1890/3480
f 1418/292/186 710/2308/186 2076/2310/186
f 1418/292/186 2076/2310/186 1419/291/186
f 1419/291/186 2076/2310/186 696/2311/186
f 1229/289/185 475/2595/4785 1417/406/4784
f 1229/289/185 1417/406/4784 1416/288/184
f 1416/288/184 1417/406/4784 340/404/4786
f 1227/286/182 452/1546/4788 893/2596/4787
f 1227/286/182 893/2596/4787 1228/285/181
f 1228/285/181 893/2596/4787 449/2500/4789
f 890/283/179 582/2446/179 1226/2445/179
f 890/283/179 1226/2445/179 892/282/179
f 892/282/179 1226/2445/179 579/470/179
f 2075/280/178 344/1680/4791 1415/2193/4790
f 2075/280/178 1415/2193/4790 1414/279/177
f 1414/279/177 1415/2193/4790 260/2275/4792
f 1079/267/170 516/1085/170 1776/2055/170
f 1079/267/170 1776/2055/170 1775/266/170
f 1775/266/170 1776/2055/170 150/2421/170
f 1411/258/167 116/883/4794 1413/2135/4793
f 1411/258/167 1413/2135/4793 1412/257/166
f 1412/257/166 1413/2135/4793 300/1468/4795
f 1409/255/164 779/1477/4797 1078/1476/4796
f 1409/255/164 1078/1476/4796 1410/254/163
f 1410/254/163 1078/1476/4796 778/1474/3970
f 2073/234/151 220/842/4798 1408/2000/4798
f 2073/234/151 1408/2000/4798 2074/233/150
f 2074/233/150 1408/2000/4798 347/1125/4798
f 1889/231/148 135/574/4800 1890/1941/4799
f 1889/231/148 1890/1941/4799 1585/230/147
f 1585/230/147 1890/1941/4799 510/2474/4801
f 1406/204/138 92/290/138 1407/1889/138
f 1406/204/138 1407/1889/138 1774/203/138
f 1774/203/138 1407/1889/138 486/2499/138
f 2071/201/137 88/352/137 2072/1901/137
f 2071/201/137 2072/1901/137 888/200/137
f 888/200/137 2072/1901/137 89/858/137
f 1888/198/136 391/2425/4803 887/2467/4802
f 1888/198/136 887/2467/4802 886/197/135
f 886/197/135 887/2467/4802 273/1211/4804
f 1582/195/133 277/2544/4806 1584/2597/4805
f 1582/195/133 1584/2597/4805 1583/194/132
f 1583/194/132 1584/2597/4805 253/2503/4807
f 885/192/130 656/432/4809 1076/2542/4808
f 885/192/130 1076/2542/4808 1075/191/129
f 1075/191/129 1076/2542/4808 154/2272/4810
f 1224/189/127 681/1205/4812 884/2347/4811
f 1224/189/127 884/2347/4811 1225/188/126
f 1225/188/126 884/2347/4811 694/2348/4813
f 1772/176/121 79/885/4815 1886/2046/4814
f 1772/176/121 1886/2046/4814 1773/175/120
f 1773/175/120 1886/2046/4814 80/1090/4816
f 882/173/118 760/1760/4818 1771/2593/4817
f 882/173/118 1771/2593/4817 883/172/117
f 883/172/117 1771/2593/4817 758/2444/4819
f 1073/170/115 75/1055/4821 1223/2047/4820
f 1073/170/115 1223/2047/4820 1074/169/114
f 1074/169/114 1223/2047/4820 76/599/3993
f 1581/167/112 813/2241/112 1072/2505/112
f 1581/167/112 1072/2505/112 1071/166/112
f 1071/166/112 1072/2505/112 106/1202/112
f 1222/164/111 739/2532/109 1070/1204/4822
f 1222/164/111 1070/1204/4822 1069/163/110
f 1069/163/110 1070/1204/4822 106/1202/109
f 1067/158/107 800/659/107 1770/2247/107
f 1067/158/107 1770/2247/107 1068/157/107
f 1068/157/107 1770/2247/107 798/2248/107
f 1768/140/97 841/130/97 1066/1864/97
f 1768/140/97 1066/1864/97 1065/139/97
f 1065/139/97 1066/1864/97 34/68/97
f 1766/136/89 837/2510/89 1405/2598/89
f 1766/136/89 1405/2598/89 1767/135/89
f 1767/135/89 1405/2598/89 836/2508/89
f 2070/132/87 840/113/87 1885/1859/87
f 2070/132/87 1885/1859/87 1884/131/87
f 1884/131/87 1885/1859/87 39/81/87
f 1220/129/86 842/2513/86 1580/2599/86
f 1220/129/86 1580/2599/86 1221/128/86
f 1221/128/86 1580/2599/86 837/2510/86
f 1403/126/85 844/2512/85 1219/2600/85
f 1403/126/85 1219/2600/85 1404/125/85
f 1404/125/85 1219/2600/85 843/2511/85
f 1579/123/84 845/110/84 1402/1858/84
f 1579/123/84 1402/1858/84 1401/122/84
f 1401/122/84 1402/1858/84 36/84/84
f 1883/120/83 847/2601/83 1216/107/83
f 1883/120/83 1216/107/83 1218/119/83
f 1218/119/83 1216/107/83 35/105/83
f 2069/115/81 846/121/81 1882/1861/81
f 2069/115/81 1882/1861/81 1881/114/81
f 1881/114/81 1882/1861/81 31/75/81
f 1576/112/80 848/118/80 1578/1860/80
f 1576/112/80 1578/1860/80 1577/111/80
f 1577/111/80 1578/1860/80 29/78/80
f 1216/107/78 847/2601/78 1400/2602/4823
f 1216/107/78 1400/2602/4823 1217/106/77
f 1217/106/77 1400/2602/4823 844/2512/4000
f 1574/104/75 843/2511/75 1064/2603/75
f 1574/104/75 1064/2603/75 1575/103/75
f 1575/103/75 1064/2603/75 842/2513/75
f 1572/93/68 37/102/68 1215/1856/68
f 1572/93/68 1215/1856/68 1573/92/68
f 1573/92/68 1215/1856/68 27/127/68
f 1878/91/67 35/105/67 1399/1857/4824
f 1878/91/67 1399/1857/4824 1880/90/66
f 1880/90/66 1399/1857/4824 28/124/4003
f 1571/86/63 29/78/63 1765/1853/63
f 1571/86/63 1765/1853/63 1764/85/63
f 1764/85/63 1765/1853/63 14/2515/63
f 1879/83/62 31/75/3998 2068/1852/4825
f 1879/83/62 2068/1852/4825 2067/82/61
f 2067/82/61 2068/1852/4825 16/2518/4826
f 1570/80/58 35/105/58 1878/91/58
f 1570/80/58 1878/91/58 1877/79/58
f 1877/79/58 1878/91/58 7/89/58
f 1876/77/57 36/84/3997 2066/1855/4827
f 1876/77/57 2066/1855/4827 2065/76/56
f 2065/76/56 2066/1855/4827 8/2516/4828
f 1874/74/54 28/124/54 1398/1862/54
f 1874/74/54 1398/1862/54 1875/73/54
f 1875/73/54 1398/1862/54 37/102/54
f 1568/72/53 27/127/53 1214/1863/53
f 1568/72/53 1214/1863/53 1569/71/53
f 1569/71/53 1214/1863/53 38/134/53
f 1061/70/52 39/81/3996 1063/1854/4829
f 1061/70/52 1063/1854/4829 1062/69/51
f 1062/69/51 1063/1854/4829 10/2519/4829
f 1212/65/48 38/134/4830 1763/1866/4830
f 1212/65/48 1763/1866/4830 1213/64/47
f 1213/64/47 1763/1866/4830 41/2509/4830
f 1060/53/37 34/68/3995 879/1851/4831
f 1060/53/37 879/1851/4831 878/52/36
f 878/52/36 879/1851/4831 17/2523/4831
f 1058/44/28 48/30/28 2064/1845/28
f 1058/44/28 2064/1845/28 1059/43/28
f 1059/43/28 2064/1845/28 8/2516/28
f 1873/41/27 47/146/27 1567/147/27
f 1873/41/27 1567/147/27 1566/40/27
f 1566/40/27 1567/147/27 5/145/27
f 1056/38/26 2/42/26 1057/1849/4832
f 1056/38/26 1057/1849/4832 1762/37/25
f 1762/37/25 1057/1849/4832 14/2515/4017
f 1760/35/23 64/2257/4834 877/2540/4833
f 1760/35/23 877/2540/4833 1761/34/22
f 1761/34/22 877/2540/4833 49/2255/4835
f 2061/32/20 62/22/20 2063/1843/20
f 2061/32/20 2063/1843/20 2062/31/20
f 2062/31/20 2063/1843/20 16/2518/20
f 1564/27/18 66/2253/4837 876/2537/4836
f 1564/27/18 876/2537/4836 1565/26/17
f 1565/26/17 876/2537/4836 65/2252/4838
f 1053/24/15 50/19/15 1055/1842/4839
f 1053/24/15 1055/1842/4839 1054/23/14
f 1054/23/14 1055/1842/4839 10/2519/4024
f 1052/21/12 51/39/12 875/1848/12
f 1052/21/12 875/1848/12 874/20/12
f 874/20/12 875/1848/12 17/2523/12
f 1210/18/11 49/2255/4841 873/2539/4840
f 1210/18/11 873/2539/4840 1211/17/10
f 1211/17/10 873/2539/4840 53/2254/4026
f 1871/9/6 65/2252/4843 872/2536/4842
f 1871/9/6 872/2536/4842 1872/8/5
f 1872/8/5 872/2536/4842 67/36/5
f 1561/6/4 53/2254/4845 1563/2538/4844
f 1561/6/4 1563/2538/4844 1562/5/3
f 1562/5/3 1563/2538/4844 66/2253/4846
